{
	"credit": "Made by PolygonMC",
	"texture_size": [32, 32],
	"textures": {
		"1": "littlesharkset:animations/animations_1",
		"2": "littlesharkset:fishing_rod",
		"particle": "littlesharkset:animations/animations_1"
	},
	"elements": [
		{
			"from": [7.5, 0, 7.5],
			"to": [8.5, 1, 8.5],
			"rotation": {"angle": -45, "axis": "x", "origin": [8, 0.5, 8]},
			"faces": {
				"north": {"uv": [8, 7, 8.5, 7.5], "texture": "#2"},
				"east": {"uv": [8.5, 8, 9, 8.5], "texture": "#2"},
				"south": {"uv": [9.5, 3.5, 10, 4], "texture": "#2"},
				"west": {"uv": [10, 4.5, 10.5, 5], "texture": "#2"},
				"up": {"uv": [11.5, 4, 11, 3.5], "texture": "#2"},
				"down": {"uv": [11.5, 4, 11, 4.5], "texture": "#2"}
			}
		},
		{
			"from": [7.55, 0.75, 7.55],
			"to": [8.45, 1.75, 8.45],
			"rotation": {"angle": 0, "axis": "y", "origin": [7.5, 0, 7.5]},
			"faces": {
				"north": {"uv": [4.5, 11, 5, 11.5], "texture": "#2"},
				"east": {"uv": [5, 11, 5.5, 11.5], "texture": "#2"},
				"south": {"uv": [5.5, 11, 6, 11.5], "texture": "#2"},
				"west": {"uv": [11, 5.5, 11.5, 6], "texture": "#2"}
			}
		},
		{
			"from": [7.55, 4.25, 7.55],
			"to": [8.45, 5.25, 8.45],
			"rotation": {"angle": 0, "axis": "y", "origin": [7.5, 0, 7.5]},
			"faces": {
				"north": {"uv": [11, 6, 11.5, 6.5], "texture": "#2"},
				"east": {"uv": [11, 6.5, 11.5, 7], "texture": "#2"},
				"south": {"uv": [11, 7, 11.5, 7.5], "texture": "#2"},
				"west": {"uv": [11, 7.5, 11.5, 8], "texture": "#2"}
			}
		},
		{
			"from": [7.55, 13.20711, 7.55],
			"to": [8.45, 14.20711, 8.45],
			"rotation": {"angle": 0, "axis": "y", "origin": [7.5, -0.04289, 7.5]},
			"faces": {
				"north": {"uv": [11, 8, 11.5, 8.5], "texture": "#2"},
				"east": {"uv": [9, 11, 9.5, 11.5], "texture": "#2"},
				"south": {"uv": [9.5, 11, 10, 11.5], "texture": "#2"},
				"west": {"uv": [10, 11, 10.5, 11.5], "texture": "#2"}
			}
		},
		{
			"from": [7.55, 16.40711, 6.225],
			"to": [8.45, 17.90711, 7.125],
			"rotation": {"angle": -45, "axis": "x", "origin": [8, 16.90711, 6.675]},
			"faces": {
				"north": {"uv": [8.5, 10.5, 9, 11.25], "texture": "#2"},
				"east": {"uv": [0, 11, 0.5, 11.75], "texture": "#2"},
				"south": {"uv": [0.5, 11, 1, 11.75], "texture": "#2"},
				"west": {"uv": [1, 11, 1.5, 11.75], "texture": "#2"},
				"up": {"uv": [9.5, 12, 9, 11.5], "texture": "#2"}
			}
		},
		{
			"from": [7.55, 6.20711, 7.55],
			"to": [8.45, 7.20711, 8.45],
			"rotation": {"angle": 0, "axis": "y", "origin": [7.5, -0.04289, 7.5]},
			"faces": {
				"north": {"uv": [11, 10, 11.5, 10.5], "texture": "#2"},
				"east": {"uv": [10.5, 11, 11, 11.5], "texture": "#2"},
				"south": {"uv": [11, 10.5, 11.5, 11], "texture": "#2"},
				"west": {"uv": [11, 11, 11.5, 11.5], "texture": "#2"}
			}
		},
		{
			"from": [7.6, 2.25, 7.6],
			"to": [8.4, 3.75, 8.4],
			"rotation": {"angle": 0, "axis": "y", "origin": [7.5, 0, 7.5]},
			"faces": {
				"north": {"uv": [10.5, 5.5, 11, 6.25], "texture": "#2"},
				"east": {"uv": [6, 10.5, 6.5, 11.25], "texture": "#2"},
				"south": {"uv": [6.5, 10.5, 7, 11.25], "texture": "#2"},
				"west": {"uv": [10.5, 6.5, 11, 7.25], "texture": "#2"}
			}
		},
		{
			"from": [7.5, 1.75, 7.5],
			"to": [8.5, 2.25, 8.5],
			"rotation": {"angle": 0, "axis": "y", "origin": [7.5, 1.75, 7.5]},
			"faces": {
				"north": {"uv": [12, 5.5, 12.5, 5.75], "texture": "#2"},
				"east": {"uv": [12, 6, 12.5, 6.25], "texture": "#2"},
				"south": {"uv": [12, 6.5, 12.5, 6.75], "texture": "#2"},
				"west": {"uv": [12, 7, 12.5, 7.25], "texture": "#2"},
				"up": {"uv": [12, 0.5, 11.5, 0], "texture": "#2"},
				"down": {"uv": [12, 0.5, 11.5, 1], "texture": "#2"}
			}
		},
		{
			"from": [7.5, 3.75, 7.5],
			"to": [8.5, 4.25, 8.5],
			"rotation": {"angle": 0, "axis": "y", "origin": [7.5, 1.75, 7.5]},
			"faces": {
				"north": {"uv": [12, 7.5, 12.5, 7.75], "texture": "#2"},
				"east": {"uv": [12, 8, 12.5, 8.25], "texture": "#2"},
				"south": {"uv": [12, 8.5, 12.5, 8.75], "texture": "#2"},
				"west": {"uv": [9, 12, 9.5, 12.25], "texture": "#2"},
				"up": {"uv": [12, 1.5, 11.5, 1], "texture": "#2"},
				"down": {"uv": [12, 1.5, 11.5, 2], "texture": "#2"}
			}
		},
		{
			"from": [7.45, 5, 7.5],
			"to": [8.55, 6.5, 9],
			"rotation": {"angle": 45, "axis": "x", "origin": [8, 6, 8]},
			"faces": {
				"north": {"uv": [7, 10.5, 7.5, 11.25], "texture": "#2"},
				"east": {"uv": [3, 10, 3.75, 10.75], "texture": "#2"},
				"south": {"uv": [7.5, 10.5, 8, 11.25], "texture": "#2"},
				"west": {"uv": [10, 3.5, 10.75, 4.25], "texture": "#2"},
				"up": {"uv": [11, 8.25, 10.5, 7.5], "texture": "#2"},
				"down": {"uv": [8.5, 10.5, 8, 11.25], "texture": "#2"}
			}
		},
		{
			"from": [7.25, 5.2, 7.7],
			"to": [8.75, 6.3, 8.8],
			"rotation": {"angle": 45, "axis": "x", "origin": [8, 6, 8]},
			"faces": {
				"north": {"uv": [10.5, 1, 11.25, 1.5], "texture": "#2"},
				"east": {"uv": [11.5, 2, 12, 2.5], "texture": "#2"},
				"south": {"uv": [10.5, 8.5, 11.25, 9], "texture": "#2"},
				"west": {"uv": [11.5, 2.5, 12, 3], "texture": "#2"},
				"up": {"uv": [11.25, 9.5, 10.5, 9], "texture": "#2"},
				"down": {"uv": [11.25, 9.5, 10.5, 10], "texture": "#2"}
			}
		},
		{
			"from": [7.975, -1.75, 6],
			"to": [8.025, 0.75, 10],
			"rotation": {"angle": 0, "axis": "y", "origin": [7.975, -1.25, 6]},
			"faces": {
				"east": {"uv": [2.5, 0, 4.5, 1.25], "texture": "#2"},
				"west": {"uv": [2.5, 1.5, 4.5, 2.75], "texture": "#2"}
			}
		},
		{
			"from": [6.75, 10.77689, 9.82396],
			"to": [9.25, 12.77689, 12.32396],
			"rotation": {"angle": -22.5, "axis": "x", "origin": [8, 9.50974, 10.18411]},
			"faces": {
				"north": {"uv": [9.25, 3, 8, 4], "rotation": 180, "texture": "#2"},
				"east": {"uv": [5, 7.5, 6, 8.75], "rotation": 270, "texture": "#2"},
				"south": {"uv": [8.25, 8.5, 7, 7.5], "texture": "#2"},
				"west": {"uv": [6, 7.5, 7, 8.75], "rotation": 90, "texture": "#2"},
				"up": {"uv": [2, 6, 3.25, 7.25], "rotation": 180, "texture": "#2"},
				"down": {"uv": [3.5, 6, 4.75, 7.25], "texture": "#2"}
			}
		},
		{
			"from": [6.875, 12.77689, 9.82396],
			"to": [9.125, 14.37689, 11.07396],
			"rotation": {"angle": -22.5, "axis": "x", "origin": [8, 9.50974, 10.18411]},
			"faces": {
				"north": {"uv": [10.25, 9, 9, 9.75], "rotation": 180, "texture": "#2"},
				"east": {"uv": [4, 10, 4.75, 10.75], "rotation": 270, "texture": "#2"},
				"south": {"uv": [10.25, 8.75, 9, 8], "texture": "#2"},
				"west": {"uv": [5, 10, 5.75, 10.75], "rotation": 90, "texture": "#2"},
				"up": {"uv": [9, 5, 10.25, 5.75], "rotation": 180, "texture": "#2"},
				"down": {"uv": [9, 6, 10.25, 6.75], "texture": "#2"}
			}
		},
		{
			"from": [6.755, 11.487, 5.48454],
			"to": [9.245, 12.737, 7.98454],
			"rotation": {"angle": 45, "axis": "x", "origin": [8, 9.50974, 10.18411]},
			"faces": {
				"north": {"uv": [10.75, 2.5, 9.5, 3.25], "rotation": 180, "texture": "#2"},
				"east": {"uv": [6, 9, 6.75, 10.25], "rotation": 270, "texture": "#2"},
				"south": {"uv": [10.75, 2.25, 9.5, 1.5], "texture": "#2"},
				"west": {"uv": [9.5, 0, 10.25, 1.25], "rotation": 90, "texture": "#2"},
				"up": {"uv": [5, 6, 6.25, 7.25], "rotation": 180, "texture": "#2"},
				"down": {"uv": [6.5, 3, 7.75, 4.25], "texture": "#2"}
			}
		},
		{
			"from": [6.755, 10.987, 5.48454],
			"to": [6.755, 11.487, 7.98454],
			"rotation": {"angle": 45, "axis": "x", "origin": [8, 9.50974, 10.18411]},
			"faces": {
				"east": {"uv": [1.5, 11, 1.75, 12.25], "rotation": 270, "texture": "#2"},
				"west": {"uv": [11, 1.5, 11.25, 2.75], "rotation": 90, "texture": "#2"}
			}
		},
		{
			"from": [9.245, 10.987, 5.48454],
			"to": [9.245, 11.487, 7.98454],
			"rotation": {"angle": 45, "axis": "x", "origin": [8, 9.50974, 10.18411]},
			"faces": {
				"east": {"uv": [2, 11, 2.25, 12.25], "rotation": 270, "texture": "#2"},
				"west": {"uv": [2.5, 11, 2.75, 12.25], "rotation": 90, "texture": "#2"}
			}
		},
		{
			"from": [6.755, 10.98699, 5.48454],
			"to": [9.245, 11.48699, 5.48454],
			"rotation": {"angle": 45, "axis": "x", "origin": [8, 9.50974, 10.18411]},
			"faces": {
				"north": {"uv": [12.25, 3, 11, 3.25], "rotation": 180, "texture": "#2"},
				"south": {"uv": [4.25, 11.25, 3, 11], "texture": "#2"}
			}
		},
		{
			"from": [6.5, 8.54385, 8.82436],
			"to": [9.5, 11.54385, 11.82436],
			"rotation": {"angle": 0, "axis": "x", "origin": [8, 9.50974, 10.18411]},
			"faces": {
				"north": {"uv": [5.5, 4.5, 4, 6], "rotation": 180, "texture": "#2"},
				"east": {"uv": [4, 3, 5.5, 4.5], "rotation": 270, "texture": "#2"},
				"south": {"uv": [4, 6, 2.5, 4.5], "texture": "#2"},
				"west": {"uv": [4.5, 1.5, 6, 3], "rotation": 90, "texture": "#2"},
				"up": {"uv": [2.5, 3, 4, 4.5], "rotation": 180, "texture": "#2"},
				"down": {"uv": [4.5, 0, 6, 1.5], "texture": "#2"}
			}
		},
		{
			"from": [5.2217, 9.13952, 10.45959],
			"to": [6.7217, 11.13952, 10.95959],
			"rotation": {"angle": -22.5, "axis": "y", "origin": [8, 9.50974, 10.18411]},
			"faces": {
				"north": {"uv": [10.25, 7, 9.5, 8], "rotation": 180, "texture": "#2"},
				"east": {"uv": [3, 11.5, 4, 11.75], "rotation": 270, "texture": "#2"},
				"south": {"uv": [7.75, 10.5, 7, 9.5], "texture": "#2"},
				"west": {"uv": [11.5, 3.5, 12.5, 3.75], "rotation": 90, "texture": "#2"},
				"up": {"uv": [3, 12, 3.75, 12.25], "rotation": 180, "texture": "#2"},
				"down": {"uv": [4, 12, 4.75, 12.25], "texture": "#2"}
			}
		},
		{
			"from": [5.83, 7.64044, 11.23981],
			"to": [6.83, 8.64044, 11.73981],
			"rotation": {"angle": 45, "axis": "x", "origin": [8, 9.50974, 10.18411]},
			"faces": {
				"north": {"uv": [12, 4, 11.5, 4.5], "rotation": 180, "texture": "#2"},
				"east": {"uv": [9.5, 12, 10, 12.25], "rotation": 270, "texture": "#2"},
				"south": {"uv": [4.5, 12, 4, 11.5], "texture": "#2"},
				"west": {"uv": [12, 10, 12.5, 10.25], "rotation": 90, "texture": "#2"},
				"up": {"uv": [12, 9, 12.5, 9.25], "rotation": 180, "texture": "#2"},
				"down": {"uv": [10, 12, 10.5, 12.25], "texture": "#2"}
			}
		},
		{
			"from": [9.17, 7.64044, 11.23981],
			"to": [10.17, 8.64044, 11.73981],
			"rotation": {"angle": 45, "axis": "x", "origin": [8, 9.50974, 10.18411]},
			"faces": {
				"north": {"uv": [12, 4.5, 11.5, 5], "rotation": 180, "texture": "#2"},
				"east": {"uv": [11, 12, 11.5, 12.25], "rotation": 270, "texture": "#2"},
				"south": {"uv": [5, 12, 4.5, 11.5], "texture": "#2"},
				"west": {"uv": [12, 11.5, 12.5, 11.75], "rotation": 90, "texture": "#2"},
				"up": {"uv": [12, 10.5, 12.5, 10.75], "rotation": 180, "texture": "#2"},
				"down": {"uv": [11.5, 12, 12, 12.25], "texture": "#2"}
			}
		},
		{
			"from": [9.2783, 9.13952, 10.45959],
			"to": [10.7783, 11.13952, 10.95959],
			"rotation": {"angle": 22.5, "axis": "y", "origin": [8, 9.50974, 10.18411]},
			"faces": {
				"north": {"uv": [0.75, 10, 0, 11], "rotation": 180, "texture": "#2"},
				"east": {"uv": [5, 11.5, 6, 11.75], "rotation": 270, "texture": "#2"},
				"south": {"uv": [8.75, 10.5, 8, 9.5], "texture": "#2"},
				"west": {"uv": [11.5, 5, 12.5, 5.25], "rotation": 90, "texture": "#2"},
				"up": {"uv": [12, 4, 12.75, 4.25], "rotation": 180, "texture": "#2"},
				"down": {"uv": [12, 4.5, 12.75, 4.75], "texture": "#2"}
			}
		},
		{
			"from": [6.83, 6.87484, 9.50477],
			"to": [9.17, 9.21484, 11.84477],
			"rotation": {"angle": 22.5, "axis": "x", "origin": [8, 9.50974, 10.18411]},
			"faces": {
				"north": {"uv": [4.75, 7.5, 3.5, 8.75], "rotation": 180, "texture": "#2"},
				"east": {"uv": [6.5, 6, 7.75, 7.25], "rotation": 270, "texture": "#2"},
				"south": {"uv": [3.25, 8.75, 2, 7.5], "texture": "#2"},
				"west": {"uv": [7, 1.5, 8.25, 2.75], "rotation": 90, "texture": "#2"},
				"up": {"uv": [6.5, 4.5, 7.75, 5.75], "rotation": 180, "texture": "#2"},
				"down": {"uv": [7, 0, 8.25, 1.25], "texture": "#2"}
			}
		},
		{
			"from": [7.0406, 5.80652, 10.72228],
			"to": [8.9594, 7.72532, 12.64108],
			"rotation": {"angle": 45, "axis": "x", "origin": [8, 9.50974, 10.18411]},
			"faces": {
				"north": {"uv": [3, 9, 2, 10], "rotation": 180, "texture": "#2"},
				"east": {"uv": [8.5, 7, 9.5, 8], "rotation": 270, "texture": "#2"},
				"south": {"uv": [2, 10, 1, 9], "texture": "#2"},
				"west": {"uv": [0, 9, 1, 10], "rotation": 90, "texture": "#2"},
				"up": {"uv": [7, 8.5, 8, 9.5], "rotation": 180, "texture": "#2"},
				"down": {"uv": [8, 8.5, 9, 9.5], "texture": "#2"}
			}
		},
		{
			"from": [7.75, 9.52865, 11.07218],
			"to": [8.25, 11.52865, 13.07218],
			"rotation": {"angle": 22.5, "axis": "x", "origin": [8, 9.50974, 10.18411]},
			"faces": {
				"north": {"uv": [11.75, 6.5, 11.5, 7.5], "rotation": 180, "texture": "#2"},
				"east": {"uv": [3, 9, 4, 10], "rotation": 270, "texture": "#2"},
				"south": {"uv": [6.75, 12.5, 6.5, 11.5], "texture": "#2"},
				"west": {"uv": [4, 9, 5, 10], "rotation": 90, "texture": "#2"},
				"up": {"uv": [11.5, 5.5, 11.75, 6.5], "rotation": 180, "texture": "#2"},
				"down": {"uv": [6, 11.5, 6.25, 12.5], "texture": "#2"}
			}
		},
		{
			"from": [7.75, 4.61075, 6.72189],
			"to": [8.25, 6.61075, 8.72189],
			"rotation": {"angle": -22.5, "axis": "x", "origin": [8, 9.50974, 10.18411]},
			"faces": {
				"north": {"uv": [8.25, 11.5, 8, 12.5], "rotation": 180, "texture": "#2"},
				"east": {"uv": [9, 4, 10, 5], "rotation": 270, "texture": "#2"},
				"south": {"uv": [11.75, 8.5, 11.5, 7.5], "texture": "#2"},
				"west": {"uv": [5, 9, 6, 10], "rotation": 90, "texture": "#2"},
				"up": {"uv": [7, 11.5, 7.25, 12.5], "rotation": 180, "texture": "#2"},
				"down": {"uv": [7.5, 11.5, 7.75, 12.5], "texture": "#2"}
			}
		},
		{
			"from": [7.775, 5.00927, 8.55249],
			"to": [8.225, 6.50927, 10.30249],
			"rotation": {"angle": 22.5, "axis": "x", "origin": [8, 9.50974, 10.18411]},
			"faces": {
				"north": {"uv": [5.75, 12, 5.5, 12.75], "rotation": 180, "texture": "#2"},
				"east": {"uv": [1, 10, 1.75, 11], "rotation": 270, "texture": "#2"},
				"south": {"uv": [5.25, 12.75, 5, 12], "texture": "#2"},
				"west": {"uv": [2, 10, 2.75, 11], "rotation": 90, "texture": "#2"},
				"up": {"uv": [8.5, 11.5, 8.75, 12.5], "rotation": 180, "texture": "#2"},
				"down": {"uv": [11.5, 8.5, 11.75, 9.5], "texture": "#2"}
			}
		},
		{
			"from": [7.375, 7.20711, 7.375],
			"to": [8.625, 13.20711, 8.625],
			"rotation": {"angle": 0, "axis": "y", "origin": [7.375, 6.70711, 7.375]},
			"faces": {
				"north": {"uv": [5.5, 3, 6.25, 6], "texture": "#2"},
				"east": {"uv": [0, 6, 0.75, 9], "texture": "#2"},
				"south": {"uv": [6, 0, 6.75, 3], "texture": "#2"},
				"west": {"uv": [1, 6, 1.75, 9], "texture": "#2"},
				"up": {"uv": [9.75, 10.75, 9, 10], "texture": "#2"},
				"down": {"uv": [10.75, 10, 10, 10.75], "texture": "#2"}
			}
		},
		{
			"from": [7.375, 13.85711, 6.8],
			"to": [8.625, 16.85711, 8.05],
			"rotation": {"angle": -22.5, "axis": "x", "origin": [8, 15.35711, 7.425]},
			"faces": {
				"north": {"uv": [8, 4, 8.75, 5.5], "texture": "#2"},
				"east": {"uv": [8, 5.5, 8.75, 7], "texture": "#2"},
				"south": {"uv": [8.5, 0, 9.25, 1.5], "texture": "#2"},
				"west": {"uv": [8.5, 1.5, 9.25, 3], "texture": "#2"},
				"up": {"uv": [11.25, 0.75, 10.5, 0], "texture": "#2"},
				"down": {"uv": [11.25, 4.5, 10.5, 5.25], "texture": "#2"}
			}
		},
		{
			"from": [9.15, 4.295, 5.79],
			"to": [9.15, 16.705, 8.71],
			"rotation": {"angle": 0, "axis": "x", "origin": [9.15, 10.5, 7.25]},
			"faces": {
				"east": {"uv": [0, 11.33333, 2.33334, 0], "rotation": 180, "texture": "#1"}
			}
		},
		{
			"from": [6.85, 4.295, 5.79],
			"to": [6.85, 16.705, 8.71],
			"rotation": {"angle": 0, "axis": "x", "origin": [6.85, 10.5, 7.25]},
			"faces": {
				"west": {"uv": [2.33334, 11.33333, 0, 0], "rotation": 180, "texture": "#1"}
			}
		},
		{
			"from": [7, 8.925, 5.75],
			"to": [7.5, 9.425, 7.75],
			"rotation": {"angle": 0, "axis": "y", "origin": [7, 8.925, 5.75]},
			"faces": {
				"north": {"uv": [2, 12.5, 2.25, 12.75], "texture": "#2"},
				"east": {"uv": [9.5, 11.5, 10.5, 11.75], "texture": "#2"},
				"south": {"uv": [12.5, 2, 12.75, 2.25], "texture": "#2"},
				"west": {"uv": [11.5, 9.5, 12.5, 9.75], "texture": "#2"},
				"up": {"uv": [11.75, 11, 11.5, 10], "texture": "#2"},
				"down": {"uv": [10.75, 11.5, 10.5, 12.5], "texture": "#2"}
			}
		},
		{
			"from": [8.5, 8.925, 5.75],
			"to": [9, 9.425, 7.75],
			"rotation": {"angle": 0, "axis": "y", "origin": [8.5, 8.925, 5.75]},
			"faces": {
				"north": {"uv": [2.5, 12.5, 2.75, 12.75], "texture": "#2"},
				"east": {"uv": [11, 11.5, 12, 11.75], "texture": "#2"},
				"south": {"uv": [12.5, 2.5, 12.75, 2.75], "texture": "#2"},
				"west": {"uv": [11.5, 11, 12.5, 11.25], "texture": "#2"},
				"up": {"uv": [0.25, 13, 0, 12], "texture": "#2"},
				"down": {"uv": [12.25, 0, 12, 1], "texture": "#2"}
			}
		},
		{
			"from": [7.5, 8.925, 7.25],
			"to": [8.5, 9.425, 7.75],
			"rotation": {"angle": 0, "axis": "y", "origin": [8, 8.925, 5.75]},
			"faces": {
				"north": {"uv": [12, 12, 12.5, 12.25], "texture": "#2"},
				"south": {"uv": [12.5, 0, 13, 0.25], "texture": "#2"},
				"up": {"uv": [1, 12.75, 0.5, 12.5], "texture": "#2"},
				"down": {"uv": [13, 0.5, 12.5, 0.75], "texture": "#2"}
			}
		},
		{
			"from": [7.5, 8.925, 5.75],
			"to": [8.5, 9.425, 6.25],
			"rotation": {"angle": 0, "axis": "y", "origin": [8, 8.925, 4.25]},
			"faces": {
				"north": {"uv": [1, 12.5, 1.5, 12.75], "texture": "#2"},
				"south": {"uv": [12.5, 1, 13, 1.25], "texture": "#2"},
				"up": {"uv": [2, 12.75, 1.5, 12.5], "texture": "#2"},
				"down": {"uv": [13, 1.5, 12.5, 1.75], "texture": "#2"}
			}
		},
		{
			"from": [7.5, 11.375, 5.75],
			"to": [8.5, 11.875, 6.25],
			"rotation": {"angle": 0, "axis": "y", "origin": [8, 11.375, 4.25]},
			"faces": {
				"north": {"uv": [1, 12.5, 1.5, 12.75], "texture": "#2"},
				"south": {"uv": [12.5, 1, 13, 1.25], "texture": "#2"},
				"up": {"uv": [2, 12.75, 1.5, 12.5], "texture": "#2"},
				"down": {"uv": [13, 1.5, 12.5, 1.75], "texture": "#2"}
			}
		},
		{
			"from": [7, 11.375, 5.75],
			"to": [7.5, 11.875, 7.75],
			"rotation": {"angle": 0, "axis": "y", "origin": [7, 11.375, 5.75]},
			"faces": {
				"north": {"uv": [2, 12.5, 2.25, 12.75], "texture": "#2"},
				"east": {"uv": [9.5, 11.5, 10.5, 11.75], "texture": "#2"},
				"south": {"uv": [12.5, 2, 12.75, 2.25], "texture": "#2"},
				"west": {"uv": [11.5, 9.5, 12.5, 9.75], "texture": "#2"},
				"up": {"uv": [11.75, 11, 11.5, 10], "texture": "#2"},
				"down": {"uv": [10.75, 11.5, 10.5, 12.5], "texture": "#2"}
			}
		},
		{
			"from": [7.5, 11.375, 7.25],
			"to": [8.5, 11.875, 7.75],
			"rotation": {"angle": 0, "axis": "y", "origin": [8, 11.375, 5.75]},
			"faces": {
				"north": {"uv": [12, 12, 12.5, 12.25], "texture": "#2"},
				"south": {"uv": [12.5, 0, 13, 0.25], "texture": "#2"},
				"up": {"uv": [1, 12.75, 0.5, 12.5], "texture": "#2"},
				"down": {"uv": [13, 0.5, 12.5, 0.75], "texture": "#2"}
			}
		},
		{
			"from": [8.5, 11.375, 5.75],
			"to": [9, 11.875, 7.75],
			"rotation": {"angle": 0, "axis": "y", "origin": [8.5, 11.375, 5.75]},
			"faces": {
				"north": {"uv": [2.5, 12.5, 2.75, 12.75], "texture": "#2"},
				"east": {"uv": [11, 11.5, 12, 11.75], "texture": "#2"},
				"south": {"uv": [12.5, 2.5, 12.75, 2.75], "texture": "#2"},
				"west": {"uv": [11.5, 11, 12.5, 11.25], "texture": "#2"},
				"up": {"uv": [0.25, 13, 0, 12], "texture": "#2"},
				"down": {"uv": [12.25, 0, 12, 1], "texture": "#2"}
			}
		},
		{
			"from": [7.5, 13.825, 5.75],
			"to": [8.5, 14.325, 6.25],
			"rotation": {"angle": 0, "axis": "y", "origin": [8, 13.825, 4.25]},
			"faces": {
				"north": {"uv": [1, 12.5, 1.5, 12.75], "texture": "#2"},
				"south": {"uv": [12.5, 1, 13, 1.25], "texture": "#2"},
				"up": {"uv": [2, 12.75, 1.5, 12.5], "texture": "#2"},
				"down": {"uv": [13, 1.5, 12.5, 1.75], "texture": "#2"}
			}
		},
		{
			"from": [7, 13.825, 5.75],
			"to": [7.5, 14.325, 7.75],
			"rotation": {"angle": 0, "axis": "y", "origin": [7, 13.825, 5.75]},
			"faces": {
				"north": {"uv": [2, 12.5, 2.25, 12.75], "texture": "#2"},
				"east": {"uv": [9.5, 11.5, 10.5, 11.75], "texture": "#2"},
				"south": {"uv": [12.5, 2, 12.75, 2.25], "texture": "#2"},
				"west": {"uv": [11.5, 9.5, 12.5, 9.75], "texture": "#2"},
				"up": {"uv": [11.75, 11, 11.5, 10], "texture": "#2"},
				"down": {"uv": [10.75, 11.5, 10.5, 12.5], "texture": "#2"}
			}
		},
		{
			"from": [7.5, 13.825, 7.25],
			"to": [8.5, 14.325, 7.75],
			"rotation": {"angle": 0, "axis": "y", "origin": [8, 13.825, 5.75]},
			"faces": {
				"north": {"uv": [12, 12, 12.5, 12.25], "texture": "#2"},
				"south": {"uv": [12.5, 0, 13, 0.25], "texture": "#2"},
				"up": {"uv": [1, 12.75, 0.5, 12.5], "texture": "#2"},
				"down": {"uv": [13, 0.5, 12.5, 0.75], "texture": "#2"}
			}
		},
		{
			"from": [8.5, 13.825, 5.75],
			"to": [9, 14.325, 7.75],
			"rotation": {"angle": 0, "axis": "y", "origin": [8.5, 13.825, 5.75]},
			"faces": {
				"north": {"uv": [2.5, 12.5, 2.75, 12.75], "texture": "#2"},
				"east": {"uv": [11, 11.5, 12, 11.75], "texture": "#2"},
				"south": {"uv": [12.5, 2.5, 12.75, 2.75], "texture": "#2"},
				"west": {"uv": [11.5, 11, 12.5, 11.25], "texture": "#2"},
				"up": {"uv": [0.25, 13, 0, 12], "texture": "#2"},
				"down": {"uv": [12.25, 0, 12, 1], "texture": "#2"}
			}
		},
		{
			"from": [7.5, 16.15, 4.75],
			"to": [8.5, 16.65, 5.25],
			"rotation": {"angle": -22.5, "axis": "x", "origin": [8, 16.4, 5.75]},
			"faces": {
				"north": {"uv": [1, 12.5, 1.5, 12.75], "texture": "#2"},
				"south": {"uv": [12.5, 1, 13, 1.25], "texture": "#2"},
				"up": {"uv": [2, 12.75, 1.5, 12.5], "texture": "#2"},
				"down": {"uv": [13, 1.5, 12.5, 1.75], "texture": "#2"}
			}
		},
		{
			"from": [7, 16.15, 4.75],
			"to": [7.5, 16.65, 6.75],
			"rotation": {"angle": -22.5, "axis": "x", "origin": [8, 16.4, 5.75]},
			"faces": {
				"north": {"uv": [2, 12.5, 2.25, 12.75], "texture": "#2"},
				"east": {"uv": [9.5, 11.5, 10.5, 11.75], "texture": "#2"},
				"south": {"uv": [12.5, 2, 12.75, 2.25], "texture": "#2"},
				"west": {"uv": [11.5, 9.5, 12.5, 9.75], "texture": "#2"},
				"up": {"uv": [11.75, 11, 11.5, 10], "texture": "#2"},
				"down": {"uv": [10.75, 11.5, 10.5, 12.5], "texture": "#2"}
			}
		},
		{
			"from": [7.5, 16.15, 6.25],
			"to": [8.5, 16.65, 6.75],
			"rotation": {"angle": -22.5, "axis": "x", "origin": [8, 16.4, 5.75]},
			"faces": {
				"north": {"uv": [12, 12, 12.5, 12.25], "texture": "#2"},
				"south": {"uv": [12.5, 0, 13, 0.25], "texture": "#2"},
				"up": {"uv": [1, 12.75, 0.5, 12.5], "texture": "#2"},
				"down": {"uv": [13, 0.5, 12.5, 0.75], "texture": "#2"}
			}
		},
		{
			"from": [8.5, 16.15, 4.75],
			"to": [9, 16.65, 6.75],
			"rotation": {"angle": -22.5, "axis": "x", "origin": [8, 16.4, 5.75]},
			"faces": {
				"north": {"uv": [2.5, 12.5, 2.75, 12.75], "texture": "#2"},
				"east": {"uv": [11, 11.5, 12, 11.75], "texture": "#2"},
				"south": {"uv": [12.5, 2.5, 12.75, 2.75], "texture": "#2"},
				"west": {"uv": [11.5, 11, 12.5, 11.25], "texture": "#2"},
				"up": {"uv": [0.25, 13, 0, 12], "texture": "#2"},
				"down": {"uv": [12.25, 0, 12, 1], "texture": "#2"}
			}
		},
		{
			"from": [7.975, 6, 3.25],
			"to": [8.025, 17.75, 7.75],
			"rotation": {"angle": 0, "axis": "y", "origin": [7.975, 6, 3.75]},
			"faces": {
				"east": {"uv": [2.25, 0, 0, 6], "texture": "#2"},
				"west": {"uv": [0, 0, 2.25, 6], "texture": "#2"}
			}
		},
		{
			"from": [7.615, 9.365, 4.115],
			"to": [8.385, 10.135, 4.885],
			"rotation": {"angle": 0, "axis": "y", "origin": [7.615, 9.365, 4.115]},
			"faces": {
				"north": {"uv": [0.5, 12, 1, 12.5], "texture": "#2"},
				"east": {"uv": [1, 12, 1.5, 12.5], "texture": "#2"},
				"south": {"uv": [12, 1, 12.5, 1.5], "texture": "#2"},
				"west": {"uv": [12, 1.5, 12.5, 2], "texture": "#2"},
				"up": {"uv": [12.5, 2.5, 12, 2], "texture": "#2"},
				"down": {"uv": [12.5, 2.5, 12, 3], "texture": "#2"}
			}
		}
	],
	"gui_light": "front",
	"display": {
		"thirdperson_righthand": {
			"translation": [0, 3, 1]
		},
		"thirdperson_lefthand": {
			"translation": [0, 3, 1]
		},
		"firstperson_righthand": {
			"rotation": [-10, 0, 0],
			"translation": [0, 1.75, 0]
		},
		"firstperson_lefthand": {
			"rotation": [-10, 0, 0],
			"translation": [0, 1.75, 0]
		},
		"ground": {
			"rotation": [-40, 0, 0],
			"translation": [0, 10.5, 0]
		},
		"gui": {
			"rotation": [-90, 45, 90],
			"translation": [0.5, 0.75, 0],
			"scale": [0.8, 0.8, 0.8]
		},
		"head": {
			"rotation": [0, 90, 0]
		},
		"fixed": {
			"rotation": [90, -90, 90],
			"translation": [0, -0.5, -1.75],
			"scale": [1.5, 1.5, 1.5]
		}
	}
}