{
	"credit": "Made by PolygonMC",
	"texture_size": [40, 40],
	"textures": {
		"2": "littlesharkset:hat",
		"particle": "littlesharkset:hat"
	},
	"elements": [
		{
			"from": [4.5, 7.5, 4.5],
			"to": [11.5, 11, 10.5],
			"rotation": {"angle": 22.5, "axis": "x", "origin": [8, 6.96079, 8.29289]},
			"faces": {
				"north": {"uv": [2.4, 6.8, 5.2, 8.2], "texture": "#2"},
				"east": {"uv": [8, 3.2, 10.4, 4.6], "texture": "#2"},
				"south": {"uv": [5.2, 7.2, 8, 8.6], "texture": "#2"},
				"west": {"uv": [8, 4.8, 10.4, 6.2], "texture": "#2"},
				"up": {"uv": [2.8, 2.4, 0, 0], "texture": "#2"},
				"down": {"uv": [2.8, 2.4, 0, 4.8], "texture": "#2"}
			}
		},
		{
			"from": [4.745, 4.72222, 9.05953],
			"to": [11.255, 9.83722, 13.20953],
			"rotation": {"angle": 0, "axis": "x", "origin": [8, 7.27972, 11.13453]},
			"faces": {
				"north": {"uv": [0, 4.8, 2.6, 6.8], "texture": "#2"},
				"east": {"uv": [2.4, 8.4, 4, 10.4], "texture": "#2"},
				"south": {"uv": [2.8, 4.8, 5.4, 6.8], "texture": "#2"},
				"west": {"uv": [8, 8.4, 9.6, 10.4], "texture": "#2"},
				"up": {"uv": [8.2, 1.6, 5.6, 0], "texture": "#2"},
				"down": {"uv": [8.2, 1.6, 5.6, 3.2], "texture": "#2"}
			}
		},
		{
			"from": [4.5, 3.78141, 4.23483],
			"to": [11.5, 5.78141, 10.23483],
			"rotation": {"angle": -22.5, "axis": "x", "origin": [8, 6.96079, 8.29289]},
			"faces": {
				"north": {"uv": [8.4, 2, 11.2, 2.8], "texture": "#2"},
				"east": {"uv": [9.6, 10, 12, 10.8], "texture": "#2"},
				"south": {"uv": [4, 8.8, 6.8, 9.6], "texture": "#2"},
				"west": {"uv": [0, 10.4, 2.4, 11.2], "texture": "#2"},
				"up": {"uv": [5.6, 2.4, 2.8, 0], "texture": "#2"},
				"down": {"uv": [5.6, 2.4, 2.8, 4.8], "texture": "#2"}
			}
		},
		{
			"from": [7.5, 14.725, 0],
			"to": [8.5, 18.725, 3],
			"rotation": {"angle": 45, "axis": "x", "origin": [7.5, 0.075, 0]},
			"faces": {
				"north": {"uv": [1.6, 8.8, 2, 10.4], "texture": "#2"},
				"east": {"uv": [10.4, 0, 11.6, 1.6], "texture": "#2"},
				"south": {"uv": [2, 8.8, 2.4, 10.4], "texture": "#2"},
				"west": {"uv": [2.4, 10.4, 3.6, 12], "texture": "#2"},
				"up": {"uv": [7.6, 10.8, 7.2, 9.6], "texture": "#2"},
				"down": {"uv": [8, 9.6, 7.6, 10.8], "texture": "#2"}
			}
		},
		{
			"from": [7.5, 2.01855, 15.67287],
			"to": [8.5, 5.01855, 19.67287],
			"rotation": {"angle": 0, "axis": "x", "origin": [8, 4.00048, 14.97317]},
			"faces": {
				"north": {"uv": [7.6, 11.6, 8, 12.8], "texture": "#2"},
				"east": {"uv": [10.4, 2.8, 12, 4], "texture": "#2"},
				"south": {"uv": [8, 11.6, 8.4, 12.8], "texture": "#2"},
				"west": {"uv": [10.4, 4, 12, 5.2], "texture": "#2"},
				"up": {"uv": [6.8, 12.8, 6.4, 11.2], "texture": "#2"},
				"down": {"uv": [7.2, 11.2, 6.8, 12.8], "texture": "#2"}
			}
		},
		{
			"from": [7.535, 0.36904, 14.64762],
			"to": [8.465, 4.08904, 17.68762],
			"rotation": {"angle": 22.5, "axis": "x", "origin": [8, 4.00048, 14.97317]},
			"faces": {
				"north": {"uv": [11.6, 6, 12, 7.4], "texture": "#2"},
				"east": {"uv": [10, 10.8, 11.2, 12.2], "texture": "#2"},
				"south": {"uv": [7.2, 11.6, 7.6, 13], "texture": "#2"},
				"west": {"uv": [0, 11.2, 1.2, 12.6], "texture": "#2"},
				"up": {"uv": [8.8, 12.8, 8.4, 11.6], "texture": "#2"},
				"down": {"uv": [9.2, 11.6, 8.8, 12.8], "texture": "#2"}
			}
		},
		{
			"from": [11.35, 6, 4.6],
			"to": [11.4, 7.5, 10.35],
			"rotation": {"angle": 22.5, "axis": "x", "origin": [8, 6.96079, 8.29289]},
			"faces": {
				"east": {"uv": [13.6, 4.4, 16, 5], "texture": "#2"},
				"west": {"uv": [13.6, 0, 16, 0.6], "texture": "#2"}
			}
		},
		{
			"from": [4.601, 7.42925, 4.80044],
			"to": [11.401, 8.92925, 4.85044],
			"rotation": {"angle": 22.5, "axis": "x", "origin": [7.476, 8.17925, 4.80044]},
			"faces": {
				"north": {"uv": [13.2, 2.6, 16, 3.2], "texture": "#2"},
				"south": {"uv": [13.2, 5.2, 16, 5.8], "texture": "#2"}
			}
		},
		{
			"from": [11.199, 4.95363, 4.06444],
			"to": [11.249, 6.45363, 9.81444],
			"rotation": {"angle": -22.5, "axis": "x", "origin": [9.8495, 7.60363, 6.00194]},
			"faces": {
				"east": {"uv": [13.6, 0.8, 16, 1.4], "texture": "#2"},
				"west": {"uv": [13.6, 3.4, 16, 4], "texture": "#2"}
			}
		},
		{
			"from": [4.751, 4.95363, 4.06444],
			"to": [4.801, 6.45363, 9.81444],
			"rotation": {"angle": -22.5, "axis": "x", "origin": [6.1505, 7.60363, 6.00194]},
			"faces": {
				"east": {"uv": [16, 3.4, 13.6, 4], "texture": "#2"},
				"west": {"uv": [16, 0.8, 13.6, 1.4], "texture": "#2"}
			}
		},
		{
			"from": [4.6, 6, 4.6],
			"to": [4.65, 7.5, 10.35],
			"rotation": {"angle": 22.5, "axis": "x", "origin": [8, 6.96079, 8.29289]},
			"faces": {
				"east": {"uv": [16, 0, 13.6, 0.6], "texture": "#2"},
				"west": {"uv": [16, 4.4, 13.6, 5], "texture": "#2"}
			}
		},
		{
			"from": [4.65, 5.04169, 4.00714],
			"to": [11.35, 6.54169, 4.05714],
			"rotation": {"angle": -22.5, "axis": "x", "origin": [9.6995, 7.79169, 6.19464]},
			"faces": {
				"north": {"uv": [13.4, 1.6, 16, 2.2], "texture": "#2"},
				"south": {"uv": [13.4, 6, 16, 6.6], "texture": "#2"}
			}
		},
		{
			"from": [5.35, 2.46202, 9.67055],
			"to": [10.65, 6.76202, 13.97055],
			"rotation": {"angle": 45, "axis": "x", "origin": [8, 4.00048, 14.97317]},
			"faces": {
				"east": {"uv": [8, 6.4, 9.8, 8.2], "texture": "#2"},
				"south": {"uv": [5.6, 3.2, 7.8, 5], "texture": "#2"},
				"west": {"uv": [8.4, 0, 10.2, 1.8], "texture": "#2"},
				"up": {"uv": [7.8, 7, 5.6, 5.2], "texture": "#2"},
				"down": {"uv": [2.2, 6.8, 0, 8.6], "texture": "#2"}
			}
		},
		{
			"from": [5.986, 2.69958, 13.55681],
			"to": [10.014, 5.96758, 16.82481],
			"rotation": {"angle": -22.5, "axis": "x", "origin": [8, 4.00048, 14.97317]},
			"faces": {
				"north": {"uv": [0, 8.8, 1.6, 10.2], "texture": "#2"},
				"east": {"uv": [9.6, 8.4, 11, 9.8], "texture": "#2"},
				"south": {"uv": [4, 9.6, 5.6, 11], "texture": "#2"},
				"west": {"uv": [10, 6.4, 11.4, 7.8], "texture": "#2"},
				"down": {"uv": [7.2, 9.6, 5.6, 11], "texture": "#2"}
			}
		},
		{
			"from": [3.25, 5.5, 12.5],
			"to": [5.75, 6.5, 14.5],
			"rotation": {"angle": 22.5, "axis": "z", "origin": [4.5, 6, 14]},
			"faces": {
				"north": {"uv": [8.4, 2.8, 9.4, 3.2], "texture": "#2"},
				"south": {"uv": [4, 8.4, 5, 8.8], "texture": "#2"},
				"west": {"uv": [9.6, 2.8, 10.4, 3.2], "texture": "#2"},
				"up": {"uv": [7.8, 9.6, 6.8, 8.8], "texture": "#2"},
				"down": {"uv": [2.2, 11.2, 1.2, 12], "texture": "#2"}
			}
		},
		{
			"from": [4.486, 2.25764, 14.36298],
			"to": [5.986, 2.75764, 15.86298],
			"rotation": {"angle": 45, "axis": "x", "origin": [5.736, 3.50764, 16.61298]},
			"faces": {
				"north": {"uv": [10, 8, 10.6, 8.2], "texture": "#2"},
				"south": {"uv": [10.4, 1.6, 11, 1.8], "texture": "#2"},
				"west": {"uv": [10.4, 6, 11, 6.2], "texture": "#2"},
				"up": {"uv": [12.2, 1.4, 11.6, 0.8], "texture": "#2"},
				"down": {"uv": [9.8, 11.6, 9.2, 12.2], "texture": "#2"}
			}
		},
		{
			"from": [10.25, 5.5, 12.5],
			"to": [12.75, 6.5, 14.5],
			"rotation": {"angle": -22.5, "axis": "z", "origin": [11.5, 6, 14]},
			"faces": {
				"north": {"uv": [9.4, 2.8, 8.4, 3.2], "texture": "#2"},
				"east": {"uv": [10.4, 2.8, 9.6, 3.2], "texture": "#2"},
				"south": {"uv": [5, 8.4, 4, 8.8], "texture": "#2"},
				"up": {"uv": [6.8, 9.6, 7.8, 8.8], "texture": "#2"},
				"down": {"uv": [1.2, 11.2, 2.2, 12], "texture": "#2"}
			}
		},
		{
			"from": [10.014, 2.25764, 14.36298],
			"to": [11.514, 2.75764, 15.86298],
			"rotation": {"angle": 45, "axis": "x", "origin": [10.264, 3.50764, 16.61298]},
			"faces": {
				"north": {"uv": [10.6, 8, 10, 8.2], "texture": "#2"},
				"east": {"uv": [11, 6, 10.4, 6.2], "texture": "#2"},
				"south": {"uv": [11, 1.6, 10.4, 1.8], "texture": "#2"},
				"up": {"uv": [11.6, 1.4, 12.2, 0.8], "texture": "#2"},
				"down": {"uv": [9.2, 11.6, 9.8, 12.2], "texture": "#2"}
			}
		}
	],
	"display": {
		"thirdperson_righthand": {
			"translation": [0, -1.5, 0],
			"scale": [0.84375, 0.84375, 0.84375]
		},
		"thirdperson_lefthand": {
			"translation": [0, -1.5, 0],
			"scale": [0.84375, 0.84375, 0.84375]
		},
		"firstperson_righthand": {
			"translation": [0, 4.25, 0]
		},
		"firstperson_lefthand": {
			"translation": [0, 4.25, 0]
		},
		"ground": {
			"rotation": [25, 0, 0],
			"translation": [0, 7.75, 0]
		},
		"gui": {
			"rotation": [0, 143, 0],
			"translation": [-1, 0.25, 0],
			"scale": [1.39453, 1.39453, 1.39453]
		},
		"head": {
			"rotation": [-10.75, 0, 0],
			"translation": [0, 2.25, -3.25],
			"scale": [2.36523, 2.36523, 2.36523]
		},
		"fixed": {
			"translation": [0, 0, -12.75],
			"scale": [2.65039, 2.65039, 2.65039]
		}
	}
}