{
	"credit": "Made by PolygonMC",
	"texture_size": [8, 8],
	"textures": {
		"1": "littlesharkset:animations/animations_3",
		"3": "littlesharkset:shovel",
		"particle": "littlesharkset:animations/animations_3"
	},
	"elements": [
		{
			"from": [7.5, 0, 7.5],
			"to": [8.5, 1, 8.5],
			"rotation": {"angle": -45, "axis": "x", "origin": [8, 0.5, 8]},
			"faces": {
				"north": {"uv": [8.66667, 1.33333, 9.33333, 2], "texture": "#3"},
				"east": {"uv": [6.66667, 10, 7.33333, 10.66667], "texture": "#3"},
				"south": {"uv": [13.33333, 3.33333, 14, 4], "texture": "#3"},
				"west": {"uv": [4, 13.33333, 4.66667, 14], "texture": "#3"},
				"up": {"uv": [14, 4.66667, 13.33333, 4], "texture": "#3"},
				"down": {"uv": [5.33333, 13.33333, 4.66667, 14], "texture": "#3"}
			}
		},
		{
			"from": [7.55, 0.75, 7.55],
			"to": [8.45, 1.75, 8.45],
			"rotation": {"angle": 0, "axis": "y", "origin": [7.5, 0, 7.5]},
			"faces": {
				"north": {"uv": [13.33333, 4.66667, 14, 5.33333], "texture": "#3"},
				"east": {"uv": [5.33333, 13.33333, 6, 14], "texture": "#3"},
				"south": {"uv": [13.33333, 5.33333, 14, 6], "texture": "#3"},
				"west": {"uv": [6.66667, 13.33333, 7.33333, 14], "texture": "#3"}
			}
		},
		{
			"from": [7.55, 4.25, 7.55],
			"to": [8.45, 5.25, 8.45],
			"rotation": {"angle": 0, "axis": "y", "origin": [7.5, 0, 7.5]},
			"faces": {
				"north": {"uv": [13.33333, 6.66667, 14, 7.33333], "texture": "#3"},
				"east": {"uv": [7.33333, 13.33333, 8, 14], "texture": "#3"},
				"south": {"uv": [13.33333, 7.33333, 14, 8], "texture": "#3"},
				"west": {"uv": [8, 13.33333, 8.66667, 14], "texture": "#3"}
			}
		},
		{
			"from": [7.55, 11.20711, 7.55],
			"to": [8.45, 12.20711, 8.45],
			"rotation": {"angle": 0, "axis": "y", "origin": [7.5, -2.04289, 7.5]},
			"faces": {
				"north": {"uv": [8.66667, 13.33333, 9.33333, 14], "texture": "#3"},
				"east": {"uv": [9.33333, 13.33333, 10, 14], "texture": "#3"},
				"south": {"uv": [13.33333, 9.33333, 14, 10], "texture": "#3"},
				"west": {"uv": [13.33333, 10, 14, 10.66667], "texture": "#3"}
			}
		},
		{
			"from": [7.55, 6.20711, 7.55],
			"to": [8.45, 7.20711, 8.45],
			"rotation": {"angle": 0, "axis": "y", "origin": [7.5, -0.04289, 7.5]},
			"faces": {
				"north": {"uv": [13.33333, 10.66667, 14, 11.33333], "texture": "#3"},
				"east": {"uv": [13.33333, 11.33333, 14, 12], "texture": "#3"},
				"south": {"uv": [13.33333, 12, 14, 12.66667], "texture": "#3"},
				"west": {"uv": [13.33333, 12.66667, 14, 13.33333], "texture": "#3"}
			}
		},
		{
			"from": [7.6, 2.25, 7.6],
			"to": [8.4, 3.75, 8.4],
			"rotation": {"angle": 0, "axis": "y", "origin": [7.5, 0, 7.5]},
			"faces": {
				"north": {"uv": [12, 9.33333, 12.66667, 10.33333], "texture": "#3"},
				"east": {"uv": [0, 12.66667, 0.66667, 13.66667], "texture": "#3"},
				"south": {"uv": [0.66667, 12.66667, 1.33333, 13.66667], "texture": "#3"},
				"west": {"uv": [12.66667, 0.66667, 13.33333, 1.66667], "texture": "#3"}
			}
		},
		{
			"from": [7.5, 1.75, 7.5],
			"to": [8.5, 2.25, 8.5],
			"rotation": {"angle": 0, "axis": "y", "origin": [7.5, 1.75, 7.5]},
			"faces": {
				"north": {"uv": [0.66667, 14.66667, 1.33333, 15], "texture": "#3"},
				"east": {"uv": [1.33333, 14.66667, 2, 15], "texture": "#3"},
				"south": {"uv": [2, 14.66667, 2.66667, 15], "texture": "#3"},
				"west": {"uv": [2.66667, 14.66667, 3.33333, 15], "texture": "#3"},
				"up": {"uv": [14, 14, 13.33333, 13.33333], "texture": "#3"},
				"down": {"uv": [0.66667, 14, 0, 14.66667], "texture": "#3"}
			}
		},
		{
			"from": [7.5, 3.75, 7.5],
			"to": [8.5, 4.25, 8.5],
			"rotation": {"angle": 0, "axis": "y", "origin": [7.5, 1.75, 7.5]},
			"faces": {
				"north": {"uv": [3.33333, 14.66667, 4, 15], "texture": "#3"},
				"east": {"uv": [4, 14.66667, 4.66667, 15], "texture": "#3"},
				"south": {"uv": [14.66667, 4, 15.33333, 4.33333], "texture": "#3"},
				"west": {"uv": [4.66667, 14.66667, 5.33333, 15], "texture": "#3"},
				"up": {"uv": [1.33333, 14.66667, 0.66667, 14], "texture": "#3"},
				"down": {"uv": [2, 14, 1.33333, 14.66667], "texture": "#3"}
			}
		},
		{
			"from": [7.45, 5, 7.5],
			"to": [8.55, 6.5, 9],
			"rotation": {"angle": 45, "axis": "x", "origin": [8, 6, 8]},
			"faces": {
				"north": {"uv": [1.33333, 12.66667, 2, 13.66667], "texture": "#3"},
				"east": {"uv": [0, 11.33333, 1, 12.33333], "texture": "#3"},
				"south": {"uv": [12.66667, 2, 13.33333, 3], "texture": "#3"},
				"west": {"uv": [10.66667, 11.33333, 11.66667, 12.33333], "texture": "#3"},
				"up": {"uv": [13.33333, 4.33333, 12.66667, 3.33333], "texture": "#3"},
				"down": {"uv": [13.33333, 4.66667, 12.66667, 5.66667], "texture": "#3"}
			}
		},
		{
			"from": [7.45, 12, 7.5],
			"to": [8.55, 13.5, 9],
			"rotation": {"angle": 45, "axis": "x", "origin": [8, 13, 8]},
			"faces": {
				"north": {"uv": [6, 12.66667, 6.66667, 13.66667], "texture": "#3"},
				"east": {"uv": [12, 6.66667, 13, 7.66667], "texture": "#3"},
				"south": {"uv": [12.66667, 9.33333, 13.33333, 10.33333], "texture": "#3"},
				"west": {"uv": [8, 12, 9, 13], "texture": "#3"},
				"up": {"uv": [11.33333, 13.66667, 10.66667, 12.66667], "texture": "#3"},
				"down": {"uv": [13.33333, 10.66667, 12.66667, 11.66667], "texture": "#3"}
			}
		},
		{
			"from": [7.25, 5.2, 7.7],
			"to": [8.75, 6.3, 8.8],
			"rotation": {"angle": 45, "axis": "x", "origin": [8, 6, 8]},
			"faces": {
				"north": {"uv": [11.33333, 0.66667, 12.33333, 1.33333], "texture": "#3"},
				"east": {"uv": [2, 14, 2.66667, 14.66667], "texture": "#3"},
				"south": {"uv": [12.66667, 6, 13.66667, 6.66667], "texture": "#3"},
				"west": {"uv": [2.66667, 14, 3.33333, 14.66667], "texture": "#3"},
				"up": {"uv": [13.66667, 8.66667, 12.66667, 8], "texture": "#3"},
				"down": {"uv": [13.66667, 8.66667, 12.66667, 9.33333], "texture": "#3"}
			}
		},
		{
			"from": [7.975, -1.75, 6],
			"to": [8.025, 0.75, 10],
			"rotation": {"angle": 0, "axis": "y", "origin": [7.975, -1.25, 6]},
			"faces": {
				"east": {"uv": [2.66667, 0, 0, 1.66667], "texture": "#3"},
				"west": {"uv": [0, 0, 2.66667, 1.66667], "texture": "#3"}
			}
		},
		{
			"from": [6.75, 14, 11.5],
			"to": [9.25, 16, 14],
			"rotation": {"angle": 0, "axis": "y", "origin": [7, 16.5, 11.75]},
			"faces": {
				"north": {"uv": [9, 8, 7.33333, 9.33333], "rotation": 180, "texture": "#3"},
				"east": {"uv": [8, 4.66667, 9.33333, 6.33333], "rotation": 270, "texture": "#3"},
				"south": {"uv": [9.66667, 8, 8, 6.66667], "texture": "#3"},
				"west": {"uv": [6, 8, 7.33333, 9.66667], "rotation": 90, "texture": "#3"},
				"up": {"uv": [4, 4, 5.66667, 5.66667], "rotation": 180, "texture": "#3"},
				"down": {"uv": [4.66667, 0, 6.33333, 1.66667], "texture": "#3"}
			}
		},
		{
			"from": [6.875, 16, 11.5],
			"to": [9.125, 17.6, 12.75],
			"rotation": {"angle": 0, "axis": "y", "origin": [7, 16, 11.75]},
			"faces": {
				"north": {"uv": [3.66667, 10.66667, 2, 11.66667], "rotation": 180, "texture": "#3"},
				"east": {"uv": [2, 12, 3, 13], "rotation": 270, "texture": "#3"},
				"south": {"uv": [12.33333, 2.33333, 10.66667, 1.33333], "texture": "#3"},
				"west": {"uv": [3.33333, 12, 4.33333, 13], "rotation": 90, "texture": "#3"},
				"up": {"uv": [10, 6.66667, 11.66667, 7.66667], "rotation": 180, "texture": "#3"},
				"down": {"uv": [10, 9.33333, 11.66667, 10.33333], "texture": "#3"}
			}
		},
		{
			"from": [6.755, 15.61784, 12.32874],
			"to": [9.245, 18.11784, 13.57874],
			"rotation": {"angle": -22.5, "axis": "x", "origin": [8.005, 16.86784, 12.82874]},
			"faces": {
				"north": {"uv": [3.66667, 6, 2, 7.66667], "rotation": 180, "texture": "#3"},
				"east": {"uv": [4, 10.66667, 5.66667, 11.66667], "rotation": 270, "texture": "#3"},
				"south": {"uv": [1.66667, 7.66667, 0, 6], "texture": "#3"},
				"west": {"uv": [10.66667, 5.33333, 12.33333, 6.33333], "rotation": 90, "texture": "#3"},
				"up": {"uv": [10.66667, 2.66667, 12.33333, 3.66667], "rotation": 180, "texture": "#3"},
				"down": {"uv": [10.66667, 4, 12.33333, 5], "texture": "#3"}
			}
		},
		{
			"from": [6.755, 15.61784, 11.82874],
			"to": [6.755, 18.11784, 12.32874],
			"rotation": {"angle": -22.5, "axis": "x", "origin": [8.005, 16.86784, 12.82874]},
			"faces": {
				"east": {"uv": [13.33333, 0, 15, 0.33333], "rotation": 270, "texture": "#3"},
				"west": {"uv": [13.33333, 0.66667, 15, 1], "rotation": 90, "texture": "#3"}
			}
		},
		{
			"from": [9.245, 15.61784, 11.82874],
			"to": [9.245, 18.11784, 12.32874],
			"rotation": {"angle": -22.5, "axis": "x", "origin": [7.995, 16.86784, 12.82874]},
			"faces": {
				"east": {"uv": [13.33333, 1.33333, 15, 1.66667], "rotation": 270, "texture": "#3"},
				"west": {"uv": [2, 13.33333, 3.66667, 13.66667], "rotation": 90, "texture": "#3"}
			}
		},
		{
			"from": [6.755, 17.73567, 11.40747],
			"to": [9.245, 17.73567, 11.90747],
			"rotation": {"angle": -22.5, "axis": "x", "origin": [8.005, 17.73567, 11.65747]},
			"faces": {
				"up": {"uv": [13.33333, 2, 15, 2.33333], "rotation": 180, "texture": "#3"},
				"down": {"uv": [13.33333, 2.66667, 15, 3], "texture": "#3"}
			}
		},
		{
			"from": [6.5, 11.7, 10.65],
			"to": [9.5, 14.7, 13.65],
			"rotation": {"angle": 22.5, "axis": "x", "origin": [8, 13.2, 12.15]},
			"faces": {
				"north": {"uv": [6, 2, 4, 4], "rotation": 180, "texture": "#3"},
				"east": {"uv": [2, 2, 4, 4], "rotation": 270, "texture": "#3"},
				"south": {"uv": [4, 6, 2, 4], "texture": "#3"},
				"west": {"uv": [0, 4, 2, 6], "rotation": 90, "texture": "#3"},
				"up": {"uv": [0, 2, 2, 4], "rotation": 180, "texture": "#3"},
				"down": {"uv": [2.66667, 0, 4.66667, 2], "texture": "#3"}
			}
		},
		{
			"from": [5.175, 12.29567, 11.66903],
			"to": [6.675, 14.29567, 12.16903],
			"rotation": {"angle": -22.5, "axis": "y", "origin": [5.925, 13.29567, 11.91903]},
			"faces": {
				"north": {"uv": [9, 10.66667, 8, 12], "rotation": 180, "texture": "#3"},
				"east": {"uv": [3.33333, 14, 4.66667, 14.33333], "rotation": 270, "texture": "#3"},
				"south": {"uv": [7.66667, 12, 6.66667, 10.66667], "texture": "#3"},
				"west": {"uv": [14, 3.33333, 15.33333, 3.66667], "rotation": 90, "texture": "#3"},
				"up": {"uv": [12.66667, 14, 13.66667, 14.33333], "rotation": 180, "texture": "#3"},
				"down": {"uv": [14, 12.66667, 15, 13], "texture": "#3"}
			}
		},
		{
			"from": [9.325, 12.29567, 11.66903],
			"to": [10.825, 14.29567, 12.16903],
			"rotation": {"angle": 22.5, "axis": "y", "origin": [10.075, 13.29567, 11.91903]},
			"faces": {
				"north": {"uv": [8, 10.66667, 9, 12], "rotation": 180, "texture": "#3"},
				"east": {"uv": [15.33333, 3.33333, 14, 3.66667], "rotation": 270, "texture": "#3"},
				"south": {"uv": [6.66667, 12, 7.66667, 10.66667], "texture": "#3"},
				"west": {"uv": [4.66667, 14, 3.33333, 14.33333], "rotation": 90, "texture": "#3"},
				"up": {"uv": [13.66667, 14, 12.66667, 14.33333], "rotation": 180, "texture": "#3"},
				"down": {"uv": [15, 12.66667, 14, 13], "texture": "#3"}
			}
		},
		{
			"from": [5.83, 10.36091, 10.19166],
			"to": [6.83, 10.86091, 11.19166],
			"rotation": {"angle": -22.5, "axis": "x", "origin": [6.33, 11.78591, 9.86666]},
			"faces": {
				"north": {"uv": [15.33333, 6, 14.66667, 6.33333], "rotation": 180, "texture": "#3"},
				"east": {"uv": [14.66667, 4.66667, 15, 5.33333], "rotation": 270, "texture": "#3"},
				"south": {"uv": [15.33333, 5.66667, 14.66667, 5.33333], "texture": "#3"},
				"west": {"uv": [5.33333, 14.66667, 5.66667, 15.33333], "rotation": 90, "texture": "#3"},
				"up": {"uv": [14, 4, 14.66667, 4.66667], "rotation": 180, "texture": "#3"},
				"down": {"uv": [4.66667, 14, 5.33333, 14.66667], "texture": "#3"}
			}
		},
		{
			"from": [9.17, 10.36091, 10.19166],
			"to": [10.17, 10.86091, 11.19166],
			"rotation": {"angle": -22.5, "axis": "x", "origin": [9.67, 11.78591, 9.86666]},
			"faces": {
				"north": {"uv": [15.33333, 8.66667, 14.66667, 9], "rotation": 180, "texture": "#3"},
				"east": {"uv": [14.66667, 6.66667, 15, 7.33333], "rotation": 270, "texture": "#3"},
				"south": {"uv": [15.33333, 8.33333, 14.66667, 8], "texture": "#3"},
				"west": {"uv": [14.66667, 7.33333, 15, 8], "rotation": 90, "texture": "#3"},
				"up": {"uv": [14, 4.66667, 14.66667, 5.33333], "rotation": 180, "texture": "#3"},
				"down": {"uv": [5.33333, 14, 6, 14.66667], "texture": "#3"}
			}
		},
		{
			"from": [6.83, 10.02791, 9.58502],
			"to": [9.17, 12.36791, 11.92502],
			"rotation": {"angle": 45, "axis": "x", "origin": [8, 10.79791, 11.15502]},
			"faces": {
				"north": {"uv": [1.66667, 8, 0, 9.66667], "rotation": 180, "texture": "#3"},
				"east": {"uv": [4, 6, 5.66667, 7.66667], "rotation": 270, "texture": "#3"},
				"south": {"uv": [8.33333, 1.66667, 6.66667, 0], "texture": "#3"},
				"west": {"uv": [6, 6, 7.66667, 7.66667], "rotation": 90, "texture": "#3"},
				"up": {"uv": [6, 2, 7.66667, 3.66667], "rotation": 180, "texture": "#3"},
				"down": {"uv": [6, 4, 7.66667, 5.66667], "texture": "#3"}
			}
		},
		{
			"from": [7.0406, 9.25777, 8.89194],
			"to": [8.9594, 11.17657, 10.81074],
			"rotation": {"angle": -22.5, "axis": "x", "origin": [8, 10.34217, 9.62634]},
			"faces": {
				"north": {"uv": [8.66667, 9.33333, 7.33333, 10.66667], "rotation": 180, "texture": "#3"},
				"east": {"uv": [9.33333, 1.33333, 10.66667, 2.66667], "rotation": 270, "texture": "#3"},
				"south": {"uv": [10.66667, 6.66667, 9.33333, 5.33333], "texture": "#3"},
				"west": {"uv": [9.33333, 4, 10.66667, 5.33333], "rotation": 90, "texture": "#3"},
				"up": {"uv": [8.66667, 0, 10, 1.33333], "rotation": 180, "texture": "#3"},
				"down": {"uv": [9.33333, 2.66667, 10.66667, 4], "texture": "#3"}
			}
		},
		{
			"from": [7.75, 10.94329, 12.9597],
			"to": [8.25, 12.94329, 14.9597],
			"rotation": {"angle": 45, "axis": "x", "origin": [8, 12.24329, 14.4597]},
			"faces": {
				"north": {"uv": [14.33333, 6.66667, 14, 8], "rotation": 180, "texture": "#3"},
				"east": {"uv": [9.33333, 8, 10.66667, 9.33333], "rotation": 270, "texture": "#3"},
				"south": {"uv": [7, 15.33333, 6.66667, 14], "texture": "#3"},
				"west": {"uv": [8.66667, 9.33333, 10, 10.66667], "rotation": 90, "texture": "#3"},
				"up": {"uv": [14, 5.33333, 14.33333, 6.66667], "rotation": 180, "texture": "#3"},
				"down": {"uv": [6, 14, 6.33333, 15.33333], "texture": "#3"}
			}
		},
		{
			"from": [7.75, 7.8474, 8.3817],
			"to": [8.25, 9.8474, 10.3817],
			"rotation": {"angle": 0, "axis": "x", "origin": [8, 8.6724, 9.8817]},
			"faces": {
				"north": {"uv": [9, 14, 8.66667, 15.33333], "rotation": 180, "texture": "#3"},
				"east": {"uv": [0, 10, 1.33333, 11.33333], "rotation": 270, "texture": "#3"},
				"south": {"uv": [14.33333, 9.33333, 14, 8], "texture": "#3"},
				"west": {"uv": [10, 0, 11.33333, 1.33333], "rotation": 90, "texture": "#3"},
				"up": {"uv": [7.33333, 14, 7.66667, 15.33333], "rotation": 180, "texture": "#3"},
				"down": {"uv": [8, 14, 8.33333, 15.33333], "texture": "#3"}
			}
		},
		{
			"from": [7.775, 10.5724, 7.3817],
			"to": [8.225, 12.3224, 8.8817],
			"rotation": {"angle": -45, "axis": "x", "origin": [8, 11.6724, 9.3817]},
			"faces": {
				"north": {"uv": [14.33333, 9.33333, 14, 10.66667], "rotation": 180, "texture": "#3"},
				"east": {"uv": [10.66667, 8, 12, 9], "rotation": 270, "texture": "#3"},
				"south": {"uv": [9.66667, 15.33333, 9.33333, 14], "texture": "#3"},
				"west": {"uv": [9.33333, 10.66667, 10.66667, 11.66667], "rotation": 90, "texture": "#3"},
				"up": {"uv": [14, 13.33333, 14.33333, 14.33333], "rotation": 180, "texture": "#3"},
				"down": {"uv": [0, 14.66667, 0.33333, 15.66667], "texture": "#3"}
			}
		},
		{
			"from": [7.375, 7.20711, 7.375],
			"to": [8.625, 11.20711, 8.625],
			"rotation": {"angle": 0, "axis": "y", "origin": [7.375, 6.70711, 7.375]},
			"faces": {
				"north": {"uv": [2, 8, 3, 10.66667], "texture": "#3"},
				"east": {"uv": [8, 2, 9, 4.66667], "texture": "#3"},
				"south": {"uv": [3.33333, 8, 4.33333, 10.66667], "texture": "#3"},
				"west": {"uv": [4.66667, 8, 5.66667, 10.66667], "texture": "#3"},
				"up": {"uv": [5.66667, 13, 4.66667, 12], "texture": "#3"},
				"down": {"uv": [7.66667, 12, 6.66667, 13], "texture": "#3"}
			}
		},
		{
			"from": [7.75, 12.25, 6.5],
			"to": [8.25, 13.25, 9.5],
			"rotation": {"angle": 0, "axis": "y", "origin": [7.75, 12.25, 7]},
			"faces": {
				"north": {"uv": [14.66667, 9.33333, 15, 10], "texture": "#3"},
				"east": {"uv": [10.66667, 10.66667, 12.66667, 11.33333], "texture": "#3"},
				"south": {"uv": [10, 14.66667, 10.33333, 15.33333], "texture": "#3"},
				"west": {"uv": [11.33333, 0, 13.33333, 0.66667], "texture": "#3"},
				"up": {"uv": [11.66667, 14.66667, 11.33333, 12.66667], "texture": "#3"},
				"down": {"uv": [13, 12, 12.66667, 14], "texture": "#3"}
			}
		},
		{
			"from": [7.755, 12.31066, 5.64645],
			"to": [8.245, 14.31066, 6.64645],
			"rotation": {"angle": -45, "axis": "x", "origin": [8.005, 13.31066, 6.14645]},
			"faces": {
				"north": {"uv": [10.66667, 14, 11, 15.33333], "texture": "#3"},
				"east": {"uv": [12, 8, 12.66667, 9.33333], "texture": "#3"},
				"south": {"uv": [14, 10.66667, 14.33333, 12], "texture": "#3"},
				"west": {"uv": [9.33333, 12, 10, 13.33333], "texture": "#3"},
				"up": {"uv": [15, 10.66667, 14.66667, 10], "texture": "#3"}
			}
		},
		{
			"from": [7.765, 17.01777, 5.64645],
			"to": [8.235, 18.01777, 6.64645],
			"rotation": {"angle": 45, "axis": "x", "origin": [8.015, 18.01777, 6.14645]},
			"faces": {
				"north": {"uv": [11.33333, 14.66667, 11.66667, 15.33333], "texture": "#3"},
				"east": {"uv": [12, 14, 12.66667, 14.66667], "texture": "#3"},
				"south": {"uv": [14.66667, 11.33333, 15, 12], "texture": "#3"},
				"west": {"uv": [14, 12, 14.66667, 12.66667], "texture": "#3"},
				"up": {"uv": [12.33333, 15.33333, 12, 14.66667], "texture": "#3"}
			}
		},
		{
			"from": [7.76, 13.66421, 5.08579],
			"to": [8.24, 17.66421, 6.08579],
			"rotation": {"angle": 0, "axis": "x", "origin": [8.01, 14.66421, 5.58579]},
			"faces": {
				"north": {"uv": [10, 12, 10.33333, 14.66667], "texture": "#3"},
				"east": {"uv": [1.33333, 10, 2, 12.66667], "texture": "#3"},
				"south": {"uv": [12, 11.33333, 12.33333, 14], "texture": "#3"},
				"west": {"uv": [6, 10, 6.66667, 12.66667], "texture": "#3"},
				"up": {"uv": [15, 11.33333, 14.66667, 10.66667], "texture": "#3"}
			}
		},
		{
			"from": [7.755, 12.31066, 9.35355],
			"to": [8.245, 14.31066, 10.35355],
			"rotation": {"angle": 45, "axis": "x", "origin": [8.005, 13.31066, 9.85355]},
			"faces": {
				"north": {"uv": [14.33333, 10.66667, 14, 12], "texture": "#3"},
				"east": {"uv": [12.66667, 8, 12, 9.33333], "texture": "#3"},
				"south": {"uv": [11, 14, 10.66667, 15.33333], "texture": "#3"},
				"west": {"uv": [10, 12, 9.33333, 13.33333], "texture": "#3"},
				"up": {"uv": [15, 10, 14.66667, 10.66667], "texture": "#3"}
			}
		},
		{
			"from": [7.76, 13.66421, 9.91421],
			"to": [8.24, 17.66421, 10.91421],
			"rotation": {"angle": 0, "axis": "x", "origin": [8.01, 14.66421, 10.41421]},
			"faces": {
				"north": {"uv": [12.33333, 11.33333, 12, 14], "texture": "#3"},
				"east": {"uv": [2, 10, 1.33333, 12.66667], "texture": "#3"},
				"south": {"uv": [10.33333, 12, 10, 14.66667], "texture": "#3"},
				"west": {"uv": [6.66667, 10, 6, 12.66667], "texture": "#3"},
				"up": {"uv": [15, 10.66667, 14.66667, 11.33333], "texture": "#3"}
			}
		},
		{
			"from": [7.765, 17.01777, 9.35355],
			"to": [8.235, 18.01777, 10.35355],
			"rotation": {"angle": -45, "axis": "x", "origin": [8.015, 18.01777, 9.85355]},
			"faces": {
				"north": {"uv": [15, 11.33333, 14.66667, 12], "texture": "#3"},
				"east": {"uv": [12.66667, 14, 12, 14.66667], "texture": "#3"},
				"south": {"uv": [11.66667, 14.66667, 11.33333, 15.33333], "texture": "#3"},
				"west": {"uv": [14.66667, 12, 14, 12.66667], "texture": "#3"},
				"up": {"uv": [12.33333, 14.66667, 12, 15.33333], "texture": "#3"}
			}
		},
		{
			"from": [7.975, 13.25, 5.9],
			"to": [8.025, 18.25, 10.1],
			"rotation": {"angle": 0, "axis": "y", "origin": [7.975, 13.25, 6]},
			"faces": {
				"east": {"uv": [8, 0, 0, 10], "texture": "#1"},
				"west": {"uv": [0, 0, 8, 10], "texture": "#1"}
			}
		}
	],
	"gui_light": "front",
	"display": {
		"thirdperson_righthand": {
			"translation": [0, 3, 1]
		},
		"thirdperson_lefthand": {
			"translation": [0, 3, 1]
		},
		"firstperson_righthand": {
			"rotation": [-34, 0, 0],
			"translation": [0, 1.75, 0]
		},
		"firstperson_lefthand": {
			"rotation": [-34, 0, 0],
			"translation": [0, 1.75, 0]
		},
		"ground": {
			"rotation": [-40, 0, 0],
			"translation": [0, 10.5, 0]
		},
		"gui": {
			"rotation": [-90, 45, 90],
			"translation": [0.5, -1, 0],
			"scale": [0.8, 0.8, 0.8]
		},
		"head": {
			"rotation": [0, 90, 0]
		},
		"fixed": {
			"rotation": [90, -90, 90],
			"translation": [0, -1, -1.75],
			"scale": [1.5, 1.5, 1.5]
		}
	}
}