{
	"credit": "Made by Nog's Menagerie",
	"texture_size": [32, 32],
	"textures": {
		"0": "nogs_menagerie:plushies/nm_plushie_blaze_texture",
		"particle": "nogs_menagerie:plushies/nm_plushie_blaze_texture"
	},
	"elements": [
		{
			"name": "leg_leg",
			"from": [3.00411, 0.09082, -0.40085],
			"to": [5.00411, 6.09082, 1.59915],
			"rotation": {"angle": -22.5, "axis": "x", "origin": [-1.49589, 4.09082, 0.59915]},
			"faces": {
				"north": {"uv": [8.5, 9.5, 7.5, 12.5], "texture": "#0"},
				"east": {"uv": [10.5, 6.5, 9.5, 9.5], "texture": "#0"},
				"south": {"uv": [10, 3.5, 9, 6.5], "texture": "#0"},
				"west": {"uv": [9.5, 9.5, 8.5, 12.5], "texture": "#0"},
				"up": {"uv": [13.5, 10, 12.5, 11], "texture": "#0"},
				"down": {"uv": [11.5, 13.5, 10.5, 12.5], "texture": "#0"}
			}
		},
		{
			"name": "leg_leg",
			"from": [-0.08528, 0.51156, 3.94624],
			"to": [1.91472, 6.51156, 5.94624],
			"rotation": {"angle": 22.5, "axis": "z", "origin": [1.91472, 4.01156, 10.94624]},
			"faces": {
				"north": {"uv": [11, 3.5, 10, 6.5], "texture": "#0"},
				"east": {"uv": [4.5, 10, 3.5, 13], "texture": "#0"},
				"south": {"uv": [10.5, 9.5, 9.5, 12.5], "texture": "#0"},
				"west": {"uv": [5.5, 10, 4.5, 13], "texture": "#0"},
				"up": {"uv": [13.5, 11, 12.5, 12], "texture": "#0"},
				"down": {"uv": [13.5, 13, 12.5, 12], "texture": "#0"}
			}
		},
		{
			"name": "leg_leg",
			"from": [10.99589, 0.09082, -0.40085],
			"to": [12.99589, 6.09082, 1.59915],
			"rotation": {"angle": -22.5, "axis": "x", "origin": [17.49589, 4.09082, 0.59915]},
			"faces": {
				"north": {"uv": [11.5, 6.5, 10.5, 9.5], "texture": "#0"},
				"east": {"uv": [3, 10.5, 2, 13.5], "texture": "#0"},
				"south": {"uv": [2, 10.5, 1, 13.5], "texture": "#0"},
				"west": {"uv": [11.5, 9.5, 10.5, 12.5], "texture": "#0"},
				"up": {"uv": [5, 13, 4, 14], "texture": "#0"},
				"down": {"uv": [14, 5, 13, 4], "texture": "#0"}
			}
		},
		{
			"name": "leg_leg",
			"from": [9.99589, 0.09082, 14.40085],
			"to": [11.99589, 6.09082, 16.40085],
			"rotation": {"angle": 22.5, "axis": "x", "origin": [17.49589, 4.09082, 15.40085]},
			"faces": {
				"north": {"uv": [1, 10.5, 2, 13.5], "texture": "#0"},
				"east": {"uv": [2, 10.5, 3, 13.5], "texture": "#0"},
				"south": {"uv": [10.5, 6.5, 11.5, 9.5], "texture": "#0"},
				"west": {"uv": [10.5, 9.5, 11.5, 12.5], "texture": "#0"},
				"up": {"uv": [5, 14, 4, 13], "texture": "#0"},
				"down": {"uv": [14, 4, 13, 5], "texture": "#0"}
			}
		},
		{
			"name": "leg_leg",
			"from": [4.00411, 0.09082, 14.40085],
			"to": [6.00411, 6.09082, 16.40085],
			"rotation": {"angle": 22.5, "axis": "x", "origin": [-1.49589, 4.09082, 15.40085]},
			"faces": {
				"north": {"uv": [9, 3.5, 10, 6.5], "texture": "#0"},
				"east": {"uv": [9.5, 6.5, 10.5, 9.5], "texture": "#0"},
				"south": {"uv": [7.5, 9.5, 8.5, 12.5], "texture": "#0"},
				"west": {"uv": [8.5, 9.5, 9.5, 12.5], "texture": "#0"},
				"up": {"uv": [13.5, 11, 12.5, 10], "texture": "#0"},
				"down": {"uv": [11.5, 12.5, 10.5, 13.5], "texture": "#0"}
			}
		},
		{
			"name": "leg_leg",
			"from": [14.08528, 0.51156, 3.94624],
			"to": [16.08528, 6.51156, 5.94624],
			"rotation": {"angle": -22.5, "axis": "z", "origin": [14.08528, 4.01156, 10.94624]},
			"faces": {
				"north": {"uv": [12.5, 6, 11.5, 9], "texture": "#0"},
				"east": {"uv": [12.5, 0, 11.5, 3], "texture": "#0"},
				"south": {"uv": [12, 3, 11, 6], "texture": "#0"},
				"west": {"uv": [12.5, 9, 11.5, 12], "texture": "#0"},
				"up": {"uv": [6, 13, 5, 14], "texture": "#0"},
				"down": {"uv": [14, 6, 13, 5], "texture": "#0"}
			}
		},
		{
			"name": "leg_leg",
			"from": [14.08528, 0.51156, 10.05376],
			"to": [16.08528, 6.51156, 12.05376],
			"rotation": {"angle": -22.5, "axis": "z", "origin": [14.08528, 4.01156, 5.05376]},
			"faces": {
				"north": {"uv": [11, 3, 12, 6], "texture": "#0"},
				"east": {"uv": [11.5, 0, 12.5, 3], "texture": "#0"},
				"south": {"uv": [11.5, 6, 12.5, 9], "texture": "#0"},
				"west": {"uv": [11.5, 9, 12.5, 12], "texture": "#0"},
				"up": {"uv": [6, 14, 5, 13], "texture": "#0"},
				"down": {"uv": [14, 5, 13, 6], "texture": "#0"}
			}
		},
		{
			"name": "leg_leg",
			"from": [-0.08528, 0.51156, 10.05376],
			"to": [1.91472, 6.51156, 12.05376],
			"rotation": {"angle": 22.5, "axis": "z", "origin": [1.91472, 4.01156, 5.05376]},
			"faces": {
				"north": {"uv": [9.5, 9.5, 10.5, 12.5], "texture": "#0"},
				"east": {"uv": [3.5, 10, 4.5, 13], "texture": "#0"},
				"south": {"uv": [10, 3.5, 11, 6.5], "texture": "#0"},
				"west": {"uv": [4.5, 10, 5.5, 13], "texture": "#0"},
				"up": {"uv": [13.5, 12, 12.5, 11], "texture": "#0"},
				"down": {"uv": [13.5, 12, 12.5, 13], "texture": "#0"}
			}
		},
		{
			"name": "head",
			"from": [4.5, 0, 4.5],
			"to": [11.5, 7, 11.5],
			"rotation": {"angle": 0, "axis": "y", "origin": [8, 6.26387, 8]},
			"faces": {
				"north": {"uv": [7, 0, 3.5, 3.5], "texture": "#0"},
				"east": {"uv": [3.5, 3.5, 0, 7], "texture": "#0"},
				"south": {"uv": [3.5, 0, 0, 3.5], "texture": "#0"},
				"west": {"uv": [7, 3.5, 3.5, 7], "texture": "#0"},
				"up": {"uv": [3.5, 7, 0, 10.5], "texture": "#0"},
				"down": {"uv": [10.5, 3.5, 7, 0], "texture": "#0"}
			}
		}
	],
	"display": {
		"thirdperson_righthand": {
			"rotation": [24, 13, 0],
			"translation": [0, 1.25, -0.5],
			"scale": [0.47, 0.47, 0.47]
		},
		"thirdperson_lefthand": {
			"rotation": [24, 13, 0],
			"translation": [0, 1.25, -0.5],
			"scale": [0.47, 0.47, 0.47]
		},
		"firstperson_righthand": {
			"rotation": [0, 123, 5],
			"translation": [3.25, 7, 0],
			"scale": [0.63, 0.63, 0.63]
		},
		"firstperson_lefthand": {
			"rotation": [0, 123, 5],
			"translation": [3.25, 7, 0],
			"scale": [0.63, 0.63, 0.63]
		},
		"ground": {
			"translation": [0, 3.5, 0],
			"scale": [0.65, 0.65, 0.65]
		},
		"gui": {
			"rotation": [25, 151, 0],
			"translation": [0, 2.25, 0],
			"scale": [0.64, 0.64, 0.64]
		},
		"head": {
			"translation": [0, 14.4, 0]
		},
		"fixed": {
			"rotation": [-90, 0, 0],
			"translation": [0, 0, -13.5],
			"scale": [1.7, 1.7, 1.7]
		}
	},
	"groups": [
		{
			"name": "nm_plushie_blaze",
			"origin": [8, 8, 8],
			"color": 0,
			"children": [
				{
					"name": "group",
					"origin": [8, 7.5, 8.25],
					"color": 0,
					"children": [0, 1, 2, 3, 4, 5, 6, 7]
				},
				8
			]
		}
	]
}