{
	"credit": "Made by Nog's Menagerie",
	"textures": {
		"0": "nogs_menagerie:plushies/nm_plushie_zombie_villager_texture",
		"particle": "nogs_menagerie:plushies/nm_plushie_zombie_villager_texture"
	},
	"elements": [
		{
			"name": "torso",
			"from": [5.5, 0, 7.25],
			"to": [10.5, 8, 11.25],
			"rotation": {"angle": 0, "axis": "y", "origin": [8, 2.0045, 8.85355]},
			"faces": {
				"north": {"uv": [7, 7, 9.5, 11], "texture": "#0"},
				"east": {"uv": [2.5, 8, 4.5, 12], "texture": "#0"},
				"south": {"uv": [0, 8, 2.5, 12], "texture": "#0"},
				"west": {"uv": [4.5, 8, 6.5, 12], "texture": "#0"},
				"up": {"uv": [12, 9, 9.5, 7], "texture": "#0"},
				"down": {"uv": [12, 9, 9.5, 11], "texture": "#0"}
			}
		},
		{
			"name": "head",
			"from": [4.5, 5.6, 4.85],
			"to": [11.5, 13.6, 11.85],
			"rotation": {"angle": -22.5, "axis": "x", "origin": [8, 7.75, 8.25]},
			"faces": {
				"north": {"uv": [0, 0, 3.5, 4], "texture": "#0"},
				"east": {"uv": [3.5, 0, 7, 4], "texture": "#0"},
				"south": {"uv": [0, 4, 3.5, 8], "texture": "#0"},
				"west": {"uv": [3.5, 4, 7, 8], "texture": "#0"},
				"up": {"uv": [10.5, 3.5, 7, 0], "texture": "#0"},
				"down": {"uv": [10.5, 3.5, 7, 7], "texture": "#0"}
			}
		},
		{
			"name": "head",
			"from": [7, 4.6, 2.85],
			"to": [9, 8.6, 4.85],
			"rotation": {"angle": -22.5, "axis": "x", "origin": [8, 7.75, 8.25]},
			"faces": {
				"north": {"uv": [10.5, 0, 11.5, 2], "texture": "#0"},
				"east": {"uv": [10.5, 2, 11.5, 4], "texture": "#0"},
				"south": {"uv": [10.5, 4, 11.5, 6], "texture": "#0"},
				"west": {"uv": [6.5, 11, 7.5, 13], "texture": "#0"},
				"up": {"uv": [9.5, 13, 8.5, 12], "texture": "#0"},
				"down": {"uv": [13, 10, 12, 11], "texture": "#0"}
			}
		},
		{
			"name": "leg_leg",
			"from": [5, 0.01, 4.25],
			"to": [7, 2.01, 8.25],
			"rotation": {"angle": 22.5, "axis": "y", "origin": [8, 0.01, 6.25]},
			"faces": {
				"north": {"uv": [12.5, 0, 13.5, 1], "texture": "#0"},
				"east": {"uv": [10.5, 6, 12.5, 7], "texture": "#0"},
				"south": {"uv": [12.5, 1, 13.5, 2], "texture": "#0"},
				"west": {"uv": [7.5, 11, 9.5, 12], "texture": "#0"},
				"up": {"uv": [10.5, 13, 9.5, 11], "texture": "#0"},
				"down": {"uv": [11.5, 11, 10.5, 13], "texture": "#0"}
			}
		},
		{
			"name": "right_arm",
			"from": [9.83187, 1.74074, 8.25],
			"to": [11.83187, 5.74074, 10.25],
			"rotation": {"angle": 45, "axis": "z", "origin": [10.83187, 3.74074, 9.25]},
			"faces": {
				"north": {"uv": [11.5, 0, 12.5, 2], "texture": "#0"},
				"east": {"uv": [11.5, 2, 12.5, 4], "texture": "#0"},
				"south": {"uv": [11.5, 4, 12.5, 6], "texture": "#0"},
				"west": {"uv": [11.5, 11, 12.5, 13], "texture": "#0"},
				"up": {"uv": [13.5, 3, 12.5, 2], "texture": "#0"},
				"down": {"uv": [13.5, 3, 12.5, 4], "texture": "#0"}
			}
		},
		{
			"name": "left_arm",
			"from": [4.16813, 1.74074, 8.25],
			"to": [6.16813, 5.74074, 10.25],
			"rotation": {"angle": -45, "axis": "z", "origin": [5.16813, 3.74074, 9.25]},
			"faces": {
				"north": {"uv": [0, 12, 1, 14], "texture": "#0"},
				"east": {"uv": [1, 12, 2, 14], "texture": "#0"},
				"south": {"uv": [2, 12, 3, 14], "texture": "#0"},
				"west": {"uv": [3, 12, 4, 14], "texture": "#0"},
				"up": {"uv": [13.5, 5, 12.5, 4], "texture": "#0"},
				"down": {"uv": [13.5, 5, 12.5, 6], "texture": "#0"}
			}
		},
		{
			"name": "right_leg",
			"from": [9, 0.01, 4.25],
			"to": [11, 2.01, 8.25],
			"rotation": {"angle": -22.5, "axis": "y", "origin": [8, 0.01, 6.25]},
			"faces": {
				"north": {"uv": [12.5, 6, 13.5, 7], "texture": "#0"},
				"east": {"uv": [4, 12, 6, 13], "texture": "#0"},
				"south": {"uv": [12.5, 11, 13.5, 12], "texture": "#0"},
				"west": {"uv": [12, 7, 14, 8], "texture": "#0"},
				"up": {"uv": [8.5, 14, 7.5, 12], "texture": "#0"},
				"down": {"uv": [13, 8, 12, 10], "texture": "#0"}
			}
		}
	],
	"display": {
		"thirdperson_righthand": {
			"rotation": [24, 13, 0],
			"translation": [0, 1.25, -0.5],
			"scale": [0.6, 0.6, 0.6]
		},
		"thirdperson_lefthand": {
			"rotation": [24, 13, 0],
			"translation": [0, 0.75, -0.5],
			"scale": [0.6, 0.6, 0.6]
		},
		"firstperson_righthand": {
			"rotation": [0, 109, 5],
			"translation": [2, 5.25, 0],
			"scale": [0.71, 0.71, 0.71]
		},
		"firstperson_lefthand": {
			"rotation": [0, 109, 5],
			"translation": [2, 5.25, 0],
			"scale": [0.71, 0.71, 0.71]
		},
		"ground": {
			"translation": [0, 3.5, 0],
			"scale": [0.65, 0.65, 0.65]
		},
		"gui": {
			"rotation": [25, 151, 0],
			"translation": [0.25, 0.25, 0],
			"scale": [0.73, 0.73, 0.73]
		},
		"head": {
			"translation": [0, 14.4, 0]
		},
		"fixed": {
			"rotation": [-90, 0, 0],
			"translation": [0, 0, -13.5],
			"scale": [1.7, 1.7, 1.7]
		}
	},
	"groups": [
		{
			"name": "nm_plushie_zombie_villager",
			"origin": [8, 8, 8],
			"color": 0,
			"children": [
				0,
				{
					"name": "group",
					"origin": [8, 7.5, 8.25],
					"color": 0,
					"children": [1, 2]
				},
				3,
				4,
				5,
				6
			]
		}
	]
}