{
	"credit": "Made by Nog's Menagerie",
	"texture_size": [32, 32],
	"textures": {
		"0": "nogs_menagerie:plushies/nm_plushie_mule_texture",
		"particle": "nogs_menagerie:plushies/nm_plushie_mule_texture"
	},
	"elements": [
		{
			"name": "head",
			"from": [6.5, 2.13953, 2.51582],
			"to": [9.5, 6.13953, 6.51582],
			"rotation": {"angle": -22.5, "axis": "x", "origin": [8, 5.88953, 4.51582]},
			"faces": {
				"north": {"uv": [4, 9.5, 5.5, 11.5], "texture": "#0"},
				"east": {"uv": [9, 0, 11, 2], "texture": "#0"},
				"south": {"uv": [5.5, 9.5, 7, 11.5], "texture": "#0"},
				"west": {"uv": [9, 2, 11, 4], "texture": "#0"},
				"up": {"uv": [8.5, 11.5, 7, 9.5], "texture": "#0"},
				"down": {"uv": [10, 9.5, 8.5, 11.5], "texture": "#0"}
			}
		},
		{
			"name": "head",
			"from": [5.5, 6.13953, 2.51582],
			"to": [10.5, 10.13953, 6.51582],
			"rotation": {"angle": -22.5, "axis": "x", "origin": [8, 5.88953, 4.51582]},
			"faces": {
				"north": {"uv": [0, 7.5, 2.5, 9.5], "texture": "#0"},
				"east": {"uv": [0, 9.5, 2, 11.5], "texture": "#0"},
				"south": {"uv": [2.5, 7.5, 5, 9.5], "texture": "#0"},
				"west": {"uv": [2, 9.5, 4, 11.5], "texture": "#0"},
				"up": {"uv": [7.5, 9.5, 5, 7.5], "texture": "#0"},
				"down": {"uv": [10, 7.5, 7.5, 9.5], "texture": "#0"}
			}
		},
		{
			"name": "head",
			"from": [8.475, 10.11172, 3.10329],
			"to": [10.475, 13.11172, 4.10329],
			"rotation": {"angle": -45, "axis": "x", "origin": [8, 11.11172, 3.85329]},
			"faces": {
				"north": {"uv": [4, 12.5, 5, 14], "texture": "#0"},
				"east": {"uv": [13, 13, 13.5, 14.5], "texture": "#0"},
				"south": {"uv": [5, 12.5, 6, 14], "texture": "#0"},
				"west": {"uv": [2, 13.5, 2.5, 15], "texture": "#0"},
				"up": {"uv": [14.5, 2.5, 13.5, 2], "texture": "#0"},
				"down": {"uv": [14.5, 2.5, 13.5, 3], "texture": "#0"}
			}
		},
		{
			"name": "head",
			"from": [5.525, 10.11172, 3.10329],
			"to": [7.525, 13.11172, 4.10329],
			"rotation": {"angle": -45, "axis": "x", "origin": [8, 11.11172, 3.85329]},
			"faces": {
				"north": {"uv": [6, 12.5, 7, 14], "texture": "#0"},
				"east": {"uv": [2.5, 13.5, 3, 15], "texture": "#0"},
				"south": {"uv": [7, 12.5, 8, 14], "texture": "#0"},
				"west": {"uv": [3, 13.5, 3.5, 15], "texture": "#0"},
				"up": {"uv": [14.5, 4.5, 13.5, 4], "texture": "#0"},
				"down": {"uv": [14.5, 4.5, 13.5, 5], "texture": "#0"}
			}
		},
		{
			"name": "head",
			"from": [6.5, 6.13953, -0.48418],
			"to": [9.5, 10.13953, 2.51582],
			"rotation": {"angle": -22.5, "axis": "x", "origin": [8, 5.88953, 4.51582]},
			"faces": {
				"north": {"uv": [10, 4, 11.5, 6], "texture": "#0"},
				"east": {"uv": [10, 6, 11.5, 8], "texture": "#0"},
				"south": {"uv": [10, 8, 11.5, 10], "texture": "#0"},
				"west": {"uv": [10, 10, 11.5, 12], "texture": "#0"},
				"up": {"uv": [12.5, 1.5, 11, 0], "texture": "#0"},
				"down": {"uv": [12.5, 1.5, 11, 3], "texture": "#0"}
			}
		},
		{
			"name": "torso",
			"from": [5, 0, 4],
			"to": [11, 5, 14],
			"rotation": {"angle": 0, "axis": "y", "origin": [8, 2.0045, 5.60355]},
			"faces": {
				"north": {"uv": [6, 0, 9, 2.5], "texture": "#0"},
				"east": {"uv": [0, 5, 5, 7.5], "texture": "#0"},
				"south": {"uv": [6, 2.5, 9, 5], "texture": "#0"},
				"west": {"uv": [5, 5, 10, 7.5], "texture": "#0"},
				"up": {"uv": [3, 5, 0, 0], "texture": "#0"},
				"down": {"uv": [6, 0, 3, 5], "texture": "#0"}
			}
		},
		{
			"name": "torso",
			"from": [7, 0.08726, 14.75503],
			"to": [9, 4.08726, 14.75503],
			"rotation": {"angle": -22.5, "axis": "x", "origin": [8, 2.23726, 14.50503]},
			"faces": {
				"north": {"uv": [2, 11.5, 3, 13.5], "texture": "#0"},
				"east": {"uv": [0, 0, 0, 2], "texture": "#0"},
				"south": {"uv": [3, 11.5, 4, 13.5], "texture": "#0"},
				"west": {"uv": [0, 0, 0, 2], "texture": "#0"},
				"up": {"uv": [1, 0, 0, 0], "texture": "#0"},
				"down": {"uv": [1, 0, 0, 0], "texture": "#0"}
			}
		},
		{
			"name": "left_leg",
			"from": [10.16282, 0.009, 11.99603],
			"to": [14.16282, 2.009, 13.99603],
			"rotation": {"angle": -22.5, "axis": "y", "origin": [10.66282, 1.009, 12.99603]},
			"faces": {
				"north": {"uv": [11, 3, 13, 4], "texture": "#0"},
				"east": {"uv": [9, 4, 10, 5], "texture": "#0"},
				"south": {"uv": [4, 11.5, 6, 12.5], "texture": "#0"},
				"west": {"uv": [12.5, 2, 13.5, 3], "texture": "#0"},
				"up": {"uv": [13.5, 5, 11.5, 4], "texture": "#0"},
				"down": {"uv": [13.5, 5, 11.5, 6], "texture": "#0"}
			}
		},
		{
			"name": "left_arm",
			"from": [10.54645, 0.009, 5.43436],
			"to": [14.54645, 2.009, 7.43436],
			"rotation": {"angle": 22.5, "axis": "y", "origin": [7, 2.0045, 5.85355]},
			"faces": {
				"north": {"uv": [6, 11.5, 8, 12.5], "texture": "#0"},
				"east": {"uv": [8, 12.5, 9, 13.5], "texture": "#0"},
				"south": {"uv": [11.5, 6, 13.5, 7], "texture": "#0"},
				"west": {"uv": [9, 12.5, 10, 13.5], "texture": "#0"},
				"up": {"uv": [13.5, 8, 11.5, 7], "texture": "#0"},
				"down": {"uv": [10, 11.5, 8, 12.5], "texture": "#0"}
			}
		},
		{
			"name": "left_arm",
			"from": [1.45355, 0.009, 5.43436],
			"to": [5.45355, 2.009, 7.43436],
			"rotation": {"angle": -22.5, "axis": "y", "origin": [9, 2.0045, 5.85355]},
			"faces": {
				"north": {"uv": [11.5, 8, 13.5, 9], "texture": "#0"},
				"east": {"uv": [13, 3, 14, 4], "texture": "#0"},
				"south": {"uv": [11.5, 9, 13.5, 10], "texture": "#0"},
				"west": {"uv": [10, 13, 11, 14], "texture": "#0"},
				"up": {"uv": [13.5, 11, 11.5, 10], "texture": "#0"},
				"down": {"uv": [13.5, 11, 11.5, 12], "texture": "#0"}
			}
		},
		{
			"name": "left_leg",
			"from": [1.83718, 0.009, 11.99603],
			"to": [5.83718, 2.009, 13.99603],
			"rotation": {"angle": 22.5, "axis": "y", "origin": [5.33718, 1.009, 12.99603]},
			"faces": {
				"north": {"uv": [10, 12, 12, 13], "texture": "#0"},
				"east": {"uv": [11, 13, 12, 14], "texture": "#0"},
				"south": {"uv": [12, 12, 14, 13], "texture": "#0"},
				"west": {"uv": [12, 13, 13, 14], "texture": "#0"},
				"up": {"uv": [14.5, 1, 12.5, 0], "texture": "#0"},
				"down": {"uv": [14.5, 1, 12.5, 2], "texture": "#0"}
			}
		}
	],
	"display": {
		"thirdperson_righthand": {
			"rotation": [71, 43, 0],
			"translation": [0, 0.75, 2.25],
			"scale": [0.71, 0.71, 0.71]
		},
		"thirdperson_lefthand": {
			"rotation": [71, 43, 0],
			"translation": [0, 0.75, 2.25],
			"scale": [0.71, 0.71, 0.71]
		},
		"firstperson_righthand": {
			"rotation": [0, 109, 5],
			"translation": [4, 6.25, -0.25],
			"scale": [0.8, 0.8, 0.8]
		},
		"firstperson_lefthand": {
			"rotation": [0, 109, 5],
			"translation": [4, 6.25, -0.25],
			"scale": [0.8, 0.8, 0.8]
		},
		"ground": {
			"translation": [0, 3.5, 0],
			"scale": [0.65, 0.65, 0.65]
		},
		"gui": {
			"rotation": [25, 151, 0],
			"translation": [0, 3.25, 0],
			"scale": [0.8, 0.8, 0.8]
		},
		"head": {
			"translation": [0, 14.4, 0]
		},
		"fixed": {
			"rotation": [-90, 0, 0],
			"translation": [0, 0, -13.5],
			"scale": [1.7, 1.7, 1.7]
		}
	},
	"groups": [
		{
			"name": "nm_plushie_mule",
			"origin": [8, 8, 8],
			"color": 0,
			"children": [0, 1, 2, 3, 4, 5, 6, 7, 8, 9, 10]
		}
	]
}