{"credit":"Made by Nog's Menagerie","texture_size":[64,64],"textures":{"3":"nogs_menagerie:icons/nm_icon_figure_locked_texture","particle":"nogs_menagerie:icons/nm_icon_trading_card_locked"},"elements":[{"name":"base","from":[3,0,2.9995],"to":[13,2,12.9995],"rotation":{"angle":0,"axis":"y","origin":[1,0,-0.0005]},"faces":{"north":{"uv":[9.75,8.25,12.25,8.75],"texture":"#3"},"east":{"uv":[8.5,9.75,11,10.25],"texture":"#3"},"south":{"uv":[9.75,9,12.25,9.5],"texture":"#3"},"west":{"uv":[8.5,10.5,11,11],"texture":"#3"},"up":{"uv":[8,9,5.5,6.5],"texture":"#3"},"down":{"uv":[10.75,0,8.25,2.5],"texture":"#3"}}},{"name":"back","from":[3,2,12.9985],"to":[13,14,12.9985],"rotation":{"angle":0,"axis":"y","origin":[3,0,-2.0015]},"faces":{"north":{"uv":[0,0,2.5,3],"texture":"#3"},"east":{"uv":[11.25,9.75,11.25,12.75],"texture":"#3"},"south":{"uv":[2.75,0,5.25,3],"texture":"#3"},"west":{"uv":[11.25,9.75,11.25,12.75],"texture":"#3"},"up":{"uv":[14,1.5,11.5,1.5],"texture":"#3"},"down":{"uv":[11.5,1.5,14,1.5],"texture":"#3"}}},{"name":"front","from":[3,2,3.0005],"to":[13,14,3.0005],"rotation":{"angle":0,"axis":"y","origin":[3,0,18.0005]},"faces":{"north":{"uv":[0,3.25,2.5,6.25],"texture":"#3"},"east":{"uv":[11.25,9.75,11.25,12.75],"texture":"#3"},"south":{"uv":[2.75,3.25,5.25,6.25],"texture":"#3"},"west":{"uv":[11.25,9.75,11.25,12.75],"texture":"#3"},"up":{"uv":[11.5,1.5,14,1.5],"texture":"#3"},"down":{"uv":[11.5,1.5,14,1.5],"texture":"#3"}}},{"name":"clearside","from":[3,2,2.9995],"to":[3,14,12.9995],"rotation":{"angle":0,"axis":"y","origin":[3,0,-0.0005]},"faces":{"north":{"uv":[11.25,9.75,11.25,12.75],"texture":"#3"},"east":{"uv":[5.5,0,8,3],"texture":"#3"},"south":{"uv":[11.25,9.75,11.25,12.75],"texture":"#3"},"west":{"uv":[5.5,3.25,8,6.25],"texture":"#3"},"up":{"uv":[10,13.75,10,11.25],"texture":"#3"},"down":{"uv":[10,11.25,10,13.75],"texture":"#3"}}},{"name":"clearside","from":[3,14,2.9995],"to":[13,14,12.9995],"rotation":{"angle":0,"axis":"y","origin":[3,0,-0.0005]},"faces":{"north":{"uv":[11.5,1.5,14,1.5],"texture":"#3"},"east":{"uv":[11.5,1.5,14,1.5],"texture":"#3"},"south":{"uv":[11.5,1.5,14,1.5],"texture":"#3"},"west":{"uv":[11.5,1.5,14,1.5],"texture":"#3"},"up":{"uv":[10.75,5.25,8.25,2.75],"texture":"#3"},"down":{"uv":[10.75,5.5,8.25,8],"texture":"#3"}}},{"name":"clearside","from":[13,2,2.9995],"to":[13,14,12.9995],"rotation":{"angle":0,"axis":"y","origin":[13,0,-0.0005]},"faces":{"north":{"uv":[11.25,9.75,11.25,12.75],"texture":"#3"},"east":{"uv":[0,6.5,2.5,9.5],"texture":"#3"},"south":{"uv":[11.25,9.75,11.25,12.75],"texture":"#3"},"west":{"uv":[2.75,6.5,5.25,9.5],"texture":"#3"},"up":{"uv":[10,11.25,10,13.75],"texture":"#3"},"down":{"uv":[10,11.25,10,13.75],"texture":"#3"}}},{"name":"arm","from":[4.63243,4.20621,7.4995],"to":[5.63243,7.20621,8.4995],"rotation":{"angle":-22.5,"axis":"z","origin":[5.13243,5.45621,7.9995]},"faces":{"north":{"uv":[11,1.5,11.25,2.25],"texture":"#3"},"east":{"uv":[11,2.5,11.25,3.25],"texture":"#3"},"south":{"uv":[11,3.5,11.25,4.25],"texture":"#3"},"west":{"uv":[11,4.5,11.25,5.25],"texture":"#3"},"up":{"uv":[7.25,9.5,7,9.25],"texture":"#3"},"down":{"uv":[7.75,9.25,7.5,9.5],"texture":"#3"}}},{"name":"arm","from":[8.36757,4.20621,7.4995],"to":[9.36757,7.20621,8.4995],"rotation":{"angle":22.5,"axis":"z","origin":[8.86757,5.45621,7.9995]},"faces":{"north":{"uv":[11,5.5,11.25,6.25],"texture":"#3"},"east":{"uv":[11,6.5,11.25,7.25],"texture":"#3"},"south":{"uv":[0,11.25,0.25,12],"texture":"#3"},"west":{"uv":[0.5,11.25,0.75,12],"texture":"#3"},"up":{"uv":[7.25,11.5,7,11.25],"texture":"#3"},"down":{"uv":[7.75,11.25,7.5,11.5],"texture":"#3"}}},{"name":"torso","from":[5.5,4,6.9995],"to":[8.5,7,8.9995],"rotation":{"angle":0,"axis":"y","origin":[0.5,-1,-0.0005]},"faces":{"north":{"uv":[4.5,9.75,5.25,10.5],"texture":"#3"},"east":{"uv":[5.5,10.75,6,11.5],"texture":"#3"},"south":{"uv":[4.5,10.75,5.25,11.5],"texture":"#3"},"west":{"uv":[6.25,10.75,6.75,11.5],"texture":"#3"},"up":{"uv":[11.75,0.5,11,0],"texture":"#3"},"down":{"uv":[11.75,0.75,11,1.25],"texture":"#3"}}},{"name":"head","from":[4.5,7,5.4995],"to":[9.5,12,10.4995],"rotation":{"angle":0,"axis":"y","origin":[7.09567,10,7.9995]},"faces":{"north":{"uv":[8.25,8.25,9.5,9.5],"texture":"#3"},"east":{"uv":[5.5,9.25,6.75,10.5],"texture":"#3"},"south":{"uv":[0,9.75,1.25,11],"texture":"#3"},"west":{"uv":[1.5,9.75,2.75,11],"texture":"#3"},"up":{"uv":[4.25,11,3,9.75],"texture":"#3"},"down":{"uv":[8.25,9.75,7,11],"texture":"#3"}}},{"from":[5.75,2,7.4995],"to":[6.75,4,8.4995],"rotation":{"angle":0,"axis":"y","origin":[2.5,-1,0.4995]},"faces":{"north":{"uv":[11,7.5,11.25,8],"texture":"#3"},"east":{"uv":[1,11.25,1.25,11.75],"texture":"#3"},"south":{"uv":[1.5,11.25,1.75,11.75],"texture":"#3"},"west":{"uv":[2,11.25,2.25,11.75],"texture":"#3"},"up":{"uv":[8.25,11.5,8,11.25],"texture":"#3"},"down":{"uv":[8.75,11.25,8.5,11.5],"texture":"#3"}}},{"from":[7.25,2,7.4995],"to":[8.25,4,8.4995],"rotation":{"angle":0,"axis":"y","origin":[11.5,-1,0.4995]},"faces":{"north":{"uv":[2.5,11.25,2.75,11.75],"texture":"#3"},"east":{"uv":[3,11.25,3.25,11.75],"texture":"#3"},"south":{"uv":[3.5,11.25,3.75,11.75],"texture":"#3"},"west":{"uv":[4,11.25,4.25,11.75],"texture":"#3"},"up":{"uv":[9.25,11.5,9,11.25],"texture":"#3"},"down":{"uv":[9.75,11.25,9.5,11.5],"texture":"#3"}}}],"gui_light":"front","display":{"thirdperson_righthand":{"translation":[0,-1.25,-2.75],"scale":[0.55,0.55,0.55]},"thirdperson_lefthand":{"translation":[0,-1.25,-2.75],"scale":[0.55,0.55,0.55]},"firstperson_righthand":{"rotation":[0,113,5],"translation":[3.5,5,0],"scale":[0.73,0.73,0.73]},"firstperson_lefthand":{"rotation":[0,113,5],"translation":[3.5,5,0],"scale":[0.73,0.73,0.73]},"ground":{"translation":[0,3,0],"scale":[0.7,0.7,0.7]},"gui":{"rotation":[25,151,0],"translation":[0.25,0.25,0],"scale":[0.74,0.74,0.74]},"head":{"translation":[0,13.5,0],"scale":[0.89,0.89,0.89]},"fixed":{"rotation":[-90,0,0],"translation":[0,0,-16],"scale":[2,2,2]}},"groups":[{"name":"base","origin":[7,8,7.9995],"color":0,"children":[{"name":"box","origin":[-1,0,-0.0005],"color":0,"children":[0,1,2,3,4,5]},{"name":"figure","origin":[-1,0,-0.0005],"color":1,"children":[{"name":"arms","origin":[2.59253,8.72887,8.9995],"color":1,"children":[6,7]},8,{"name":"head","origin":[5.59467,11,8.76853],"color":1,"children":[9]},{"name":"legs","origin":[-1,0,-0.0005],"color":1,"children":[10,11]}]}]}],"mcmodels":"309f3b9fd6b2ea8dc419ac0785e8c9af"}