{"credit":"Made by Nog's Menagerie","texture_size":[32,32],"textures":{"2":"nogs_menagerie:icons/nm_icon_plushie_locked_texture","particle":"nogs_menagerie:icons/nm_icon_plushie_locked_texture"},"elements":[{"name":"torso","from":[5.5,0,7.25],"to":[10.5,8,11.25],"rotation":{"angle":0,"axis":"y","origin":[8,2.0045,8.85355]},"faces":{"north":{"uv":[4,8,6.5,12],"texture":"#2"},"east":{"uv":[7,8.5,9,12.5],"texture":"#2"},"south":{"uv":[8,4,10.5,8],"texture":"#2"},"west":{"uv":[9.5,8.5,11.5,12.5],"texture":"#2"},"up":{"uv":[13.5,6,11,4],"texture":"#2"},"down":{"uv":[2.5,12,0,14],"texture":"#2"}}},{"name":"head","from":[4.5,5.6,4.85],"to":[11.5,12.6,11.85],"rotation":{"angle":-22.5,"axis":"x","origin":[8,7.75,8.25]},"faces":{"north":{"uv":[0,0,3.5,3.5],"texture":"#2"},"east":{"uv":[0,4,3.5,7.5],"texture":"#2"},"south":{"uv":[4,0,7.5,3.5],"texture":"#2"},"west":{"uv":[4,4,7.5,7.5],"texture":"#2"},"up":{"uv":[3.5,11.5,0,8],"texture":"#2"},"down":{"uv":[11.5,0,8,3.5],"texture":"#2"}}},{"name":"right_leg","from":[9,0.01,4.25],"to":[11,2.01,8.25],"rotation":{"angle":-22.5,"axis":"y","origin":[8,0.01,6.25]},"faces":{"north":{"uv":[13.5,9,14.5,10],"texture":"#2"},"east":{"uv":[11,6.5,13,7.5],"texture":"#2"},"south":{"uv":[14,4,15,5],"texture":"#2"},"west":{"uv":[12,0,14,1],"texture":"#2"},"up":{"uv":[13,3.5,12,1.5],"texture":"#2"},"down":{"uv":[13,8,12,10],"texture":"#2"}}},{"name":"left_leg","from":[5,0.01,4.25],"to":[7,2.01,8.25],"rotation":{"angle":22.5,"axis":"y","origin":[8,0.01,6.25]},"faces":{"north":{"uv":[14.5,9,13.5,10],"texture":"#2"},"east":{"uv":[14,0,12,1],"texture":"#2"},"south":{"uv":[15,4,14,5],"texture":"#2"},"west":{"uv":[13,6.5,11,7.5],"texture":"#2"},"up":{"uv":[12,3.5,13,1.5],"texture":"#2"},"down":{"uv":[12,8,13,10],"texture":"#2"}}},{"name":"right_arm","from":[9.83187,1.74074,8.25],"to":[11.83187,5.74074,10.25],"rotation":{"angle":45,"axis":"z","origin":[10.83187,3.74074,9.25]},"faces":{"north":{"uv":[6,13,7,15],"texture":"#2"},"east":{"uv":[7.5,13,8.5,15],"texture":"#2"},"south":{"uv":[9,13,10,15],"texture":"#2"},"west":{"uv":[10.5,13,11.5,15],"texture":"#2"},"up":{"uv":[2.5,15.5,1.5,14.5],"texture":"#2"},"down":{"uv":[15.5,10.5,14.5,11.5],"texture":"#2"}}},{"name":"left_arm","from":[4.16813,1.74074,8.25],"to":[6.16813,5.74074,10.25],"rotation":{"angle":-45,"axis":"z","origin":[5.16813,3.74074,9.25]},"faces":{"north":{"uv":[7,13,6,15],"texture":"#2"},"east":{"uv":[11.5,13,10.5,15],"texture":"#2"},"south":{"uv":[10,13,9,15],"texture":"#2"},"west":{"uv":[8.5,13,7.5,15],"texture":"#2"},"up":{"uv":[1.5,15.5,2.5,14.5],"texture":"#2"},"down":{"uv":[14.5,10.5,15.5,11.5],"texture":"#2"}}}],"gui_light":"front","display":{"thirdperson_righthand":{"rotation":[24,13,0],"translation":[0,1.25,-0.5],"scale":[0.6,0.6,0.6]},"thirdperson_lefthand":{"rotation":[24,13,0],"translation":[0,0.75,-0.5],"scale":[0.6,0.6,0.6]},"firstperson_righthand":{"rotation":[0,109,5],"translation":[2,5.25,0],"scale":[0.71,0.71,0.71]},"firstperson_lefthand":{"rotation":[0,109,5],"translation":[2,5.25,0],"scale":[0.71,0.71,0.71]},"ground":{"translation":[0,3.5,0],"scale":[0.65,0.65,0.65]},"gui":{"rotation":[25,151,0],"translation":[0,0.75,0],"scale":[0.83,0.83,0.83]},"head":{"translation":[0,14.4,0]},"fixed":{"rotation":[-90,0,0],"translation":[1,0,-13.5],"scale":[1.7,1.7,1.7]}},"groups":[{"name":"base","origin":[8,8,8],"color":0,"children":[0,1,{"name":"group","origin":[8,0.01,6.25],"color":0,"children":[2,3]},{"name":"group","origin":[5.16813,3.74074,9.25],"color":0,"children":[4,5]}]}],"mcmodels":"309f3b9fd6b2ea8dc419ac0785e8c9af"}