{
  "credit": "MadebyPolygonMC",
  "texture_size": [
    24,
    24
  ],
  "textures": {
    "1": "malikaset:crossbow"
  },
  "elements": [
    {
      "from": [
        7.5,
        1.1,
        11.475
      ],
      "to": [
        8.5,
        2.1,
        12.475
      ],
      "rotation": {
        "angle": -22.5,
        "axis": "x",
        "origin": [
          8,
          3.2125,
          11.975
        ]
      },
      "faces": {
        "north": {
          "uv": [
            6.66667,
            4.66667,
            7.33333,
            5.33333
          ],
          "texture": "#1"
        },
        "east": {
          "uv": [
            8,
            1.33333,
            8.66667,
            2
          ],
          "texture": "#1"
        },
        "south": {
          "uv": [
            8,
            7.33333,
            8.66667,
            8
          ],
          "texture": "#1"
        },
        "west": {
          "uv": [
            9.33333,
            6.66667,
            10,
            7.33333
          ],
          "texture": "#1"
        },
        "up": {
          "uv": [
            11.33333,
            6.66667,
            10.66667,
            6
          ],
          "texture": "#1"
        },
        "down": {
          "uv": [
            14,
            7.33333,
            13.33333,
            8
          ],
          "texture": "#1"
        }
      }
    },
    {
      "from": [
        7.5,
        5.6,
        11.475
      ],
      "to": [
        8.5,
        6.6,
        12.475
      ],
      "rotation": {
        "angle": -22.5,
        "axis": "x",
        "origin": [
          8,
          3.2125,
          11.975
        ]
      },
      "faces": {
        "north": {
          "uv": [
            13.33333,
            8,
            14,
            8.66667
          ],
          "texture": "#1"
        },
        "east": {
          "uv": [
            13.33333,
            8.66667,
            14,
            9.33333
          ],
          "texture": "#1"
        },
        "south": {
          "uv": [
            13.33333,
            9.33333,
            14,
            10
          ],
          "texture": "#1"
        },
        "west": {
          "uv": [
            10,
            13.33333,
            10.66667,
            14
          ],
          "texture": "#1"
        },
        "up": {
          "uv": [
            14,
            10.66667,
            13.33333,
            10
          ],
          "texture": "#1"
        },
        "down": {
          "uv": [
            11.33333,
            13.33333,
            10.66667,
            14
          ],
          "texture": "#1"
        }
      }
    },
    {
      "from": [
        7.5,
        3.1456,
        11.0419
      ],
      "to": [
        8.5,
        4.1456,
        12.0419
      ],
      "rotation": {
        "angle": 22.5,
        "axis": "x",
        "origin": [
          8,
          3.2125,
          11.975
        ]
      },
      "faces": {
        "north": {
          "uv": [
            13.33333,
            10.66667,
            14,
            11.33333
          ],
          "texture": "#1"
        },
        "east": {
          "uv": [
            11.33333,
            13.33333,
            12,
            14
          ],
          "texture": "#1"
        },
        "south": {
          "uv": [
            13.33333,
            11.33333,
            14,
            12
          ],
          "texture": "#1"
        },
        "west": {
          "uv": [
            12,
            13.33333,
            12.66667,
            14
          ],
          "texture": "#1"
        },
        "up": {
          "uv": [
            14,
            12.66667,
            13.33333,
            12
          ],
          "texture": "#1"
        },
        "down": {
          "uv": [
            13.33333,
            13.33333,
            12.66667,
            14
          ],
          "texture": "#1"
        }
      }
    },
    {
      "from": [
        7.16792,
        6.96248,
        3.83208
      ],
      "to": [
        9.16792,
        8.16248,
        5.83208
      ],
      "rotation": {
        "angle": 45,
        "axis": "y",
        "origin": [
          8,
          7.56248,
          5
        ]
      },
      "faces": {
        "north": {
          "uv": [
            10.66667,
            4.66667,
            11.5,
            6
          ],
          "rotation": 90,
          "texture": "#1"
        },
        "east": {
          "uv": [
            11.5,
            9.33333,
            10.66667,
            10.66667
          ],
          "rotation": 270,
          "texture": "#1"
        },
        "south": {
          "uv": [
            6,
            10.66667,
            6.83333,
            12
          ],
          "rotation": 270,
          "texture": "#1"
        },
        "west": {
          "uv": [
            11.5,
            9.33333,
            10.66667,
            8
          ],
          "rotation": 270,
          "texture": "#1"
        },
        "up": {
          "uv": [
            8,
            4.66667,
            9.33333,
            6
          ],
          "rotation": 270,
          "texture": "#1"
        },
        "down": {
          "uv": [
            8,
            6,
            9.33333,
            7.33333
          ],
          "rotation": 270,
          "texture": "#1"
        }
      }
    },
    {
      "from": [
        7.41792,
        6.71248,
        4.08208
      ],
      "to": [
        8.91792,
        8.41248,
        5.58208
      ],
      "rotation": {
        "angle": 45,
        "axis": "y",
        "origin": [
          8,
          7.56248,
          5
        ]
      },
      "faces": {
        "north": {
          "uv": [
            10,
            3.33333,
            11.16667,
            4.33333
          ],
          "rotation": 90,
          "texture": "#1"
        },
        "east": {
          "uv": [
            8.5,
            10,
            7.33333,
            11
          ],
          "rotation": 270,
          "texture": "#1"
        },
        "south": {
          "uv": [
            4,
            10,
            5.16667,
            11
          ],
          "rotation": 270,
          "texture": "#1"
        },
        "west": {
          "uv": [
            11.16667,
            7.66667,
            10,
            6.66667
          ],
          "rotation": 270,
          "texture": "#1"
        },
        "up": {
          "uv": [
            4,
            11.33333,
            5,
            12.33333
          ],
          "rotation": 270,
          "texture": "#1"
        },
        "down": {
          "uv": [
            11.33333,
            6,
            12.33333,
            7
          ],
          "rotation": 270,
          "texture": "#1"
        }
      }
    },
    {
      "from": [
        7.5,
        0.67073,
        13.51677
      ],
      "to": [
        8.5,
        1.67073,
        14.51677
      ],
      "rotation": {
        "angle": 22.5,
        "axis": "x",
        "origin": [
          8,
          3.2125,
          11.975
        ]
      },
      "faces": {
        "north": {
          "uv": [
            13.33333,
            12.66667,
            14,
            13.33333
          ],
          "texture": "#1"
        },
        "east": {
          "uv": [
            13.33333,
            13.33333,
            14,
            14
          ],
          "texture": "#1"
        },
        "south": {
          "uv": [
            14,
            0,
            14.66667,
            0.66667
          ],
          "texture": "#1"
        },
        "west": {
          "uv": [
            14,
            0.66667,
            14.66667,
            1.33333
          ],
          "texture": "#1"
        },
        "up": {
          "uv": [
            14.66667,
            2,
            14,
            1.33333
          ],
          "texture": "#1"
        },
        "down": {
          "uv": [
            14.66667,
            2,
            14,
            2.66667
          ],
          "texture": "#1"
        }
      }
    },
    {
      "from": [
        7.6,
        2.1,
        11.575
      ],
      "to": [
        8.4,
        5.6,
        12.375
      ],
      "rotation": {
        "angle": -22.5,
        "axis": "x",
        "origin": [
          8,
          3.2125,
          11.975
        ]
      },
      "faces": {
        "north": {
          "uv": [
            5.33333,
            10,
            5.83333,
            12.33333
          ],
          "texture": "#1"
        },
        "east": {
          "uv": [
            10,
            8,
            10.5,
            10.33333
          ],
          "texture": "#1"
        },
        "south": {
          "uv": [
            0,
            10.66667,
            0.5,
            13
          ],
          "texture": "#1"
        },
        "west": {
          "uv": [
            0.66667,
            10.66667,
            1.16667,
            13
          ],
          "texture": "#1"
        }
      }
    },
    {
      "from": [
        7.25,
        0.6,
        11.225
      ],
      "to": [
        8.75,
        1.1,
        12.725
      ],
      "rotation": {
        "angle": -22.5,
        "axis": "x",
        "origin": [
          8,
          3.2125,
          11.975
        ]
      },
      "faces": {
        "north": {
          "uv": [
            14,
            7.33333,
            15,
            7.66667
          ],
          "texture": "#1"
        },
        "east": {
          "uv": [
            8,
            14,
            9,
            14.33333
          ],
          "texture": "#1"
        },
        "south": {
          "uv": [
            14,
            8,
            15,
            8.33333
          ],
          "texture": "#1"
        },
        "west": {
          "uv": [
            14,
            8.66667,
            15,
            9
          ],
          "texture": "#1"
        },
        "up": {
          "uv": [
            8.33333,
            12.33333,
            7.33333,
            11.33333
          ],
          "texture": "#1"
        },
        "down": {
          "uv": [
            9.66667,
            11.33333,
            8.66667,
            12.33333
          ],
          "texture": "#1"
        }
      }
    },
    {
      "from": [
        5.46452,
        7.06248,
        3.634
      ],
      "to": [
        7.46452,
        8.06248,
        4.634
      ],
      "rotation": {
        "angle": 22.5,
        "axis": "y",
        "origin": [
          8,
          7.56248,
          5
        ]
      },
      "faces": {
        "north": {
          "uv": [
            4,
            12,
            3.33333,
            13.33333
          ],
          "rotation": 270,
          "texture": "#1"
        },
        "east": {
          "uv": [
            14,
            2.66667,
            14.66667,
            3.33333
          ],
          "rotation": 270,
          "texture": "#1"
        },
        "south": {
          "uv": [
            3.33333,
            13.33333,
            2.66667,
            12
          ],
          "rotation": 270,
          "texture": "#1"
        },
        "up": {
          "uv": [
            11.33333,
            4,
            12.66667,
            4.66667
          ],
          "rotation": 180,
          "texture": "#1"
        },
        "down": {
          "uv": [
            11.33333,
            7.33333,
            12.66667,
            8
          ],
          "texture": "#1"
        }
      }
    },
    {
      "from": [
        4.97277,
        6.99248,
        2.56162
      ],
      "to": [
        7.25277,
        8.13248,
        3.70162
      ],
      "rotation": {
        "angle": 45,
        "axis": "y",
        "origin": [
          8,
          7.56248,
          5
        ]
      },
      "faces": {
        "north": {
          "uv": [
            8.66667,
            1.33333,
            9.5,
            2.83333
          ],
          "rotation": 90,
          "texture": "#1"
        },
        "east": {
          "uv": [
            13.5,
            1.33333,
            12.66667,
            2.16667
          ],
          "rotation": 270,
          "texture": "#1"
        },
        "south": {
          "uv": [
            8.66667,
            7.33333,
            9.5,
            8.83333
          ],
          "rotation": 270,
          "texture": "#1"
        },
        "west": {
          "uv": [
            13.5,
            0.83333,
            12.66667,
            0
          ],
          "rotation": 270,
          "texture": "#1"
        },
        "up": {
          "uv": [
            6,
            8.66667,
            6.83333,
            10.16667
          ],
          "rotation": 270,
          "texture": "#1"
        },
        "down": {
          "uv": [
            9.33333,
            4.66667,
            10.16667,
            6.16667
          ],
          "rotation": 270,
          "texture": "#1"
        }
      }
    },
    {
      "from": [
        5.55204,
        7.11788,
        3.97343
      ],
      "to": [
        6.44124,
        8.00708,
        5.18183
      ],
      "rotation": {
        "angle": -22.5,
        "axis": "y",
        "origin": [
          8,
          7.56248,
          5
        ]
      },
      "faces": {
        "north": {
          "uv": [
            14.66667,
            3.33333,
            14,
            4
          ],
          "rotation": 270,
          "texture": "#1"
        },
        "east": {
          "uv": [
            7.33333,
            12.66667,
            8,
            13.5
          ],
          "rotation": 270,
          "texture": "#1"
        },
        "west": {
          "uv": [
            5.33333,
            12.66667,
            6,
            13.5
          ],
          "rotation": 90,
          "texture": "#1"
        },
        "up": {
          "uv": [
            12.66667,
            6.66667,
            13.33333,
            7.5
          ],
          "rotation": 180,
          "texture": "#1"
        },
        "down": {
          "uv": [
            8,
            12.66667,
            8.66667,
            13.5
          ],
          "texture": "#1"
        }
      }
    },
    {
      "from": [
        6.20764,
        7.23348,
        2.57476
      ],
      "to": [
        6.86565,
        7.89148,
        3.46897
      ],
      "rotation": {
        "angle": 0,
        "axis": "x",
        "origin": [
          8,
          7.56248,
          5
        ]
      },
      "faces": {
        "north": {
          "uv": [
            15.16667,
            3.33333,
            14.66667,
            3.83333
          ],
          "rotation": 270,
          "texture": "#1"
        },
        "east": {
          "uv": [
            10,
            14,
            10.5,
            14.66667
          ],
          "rotation": 270,
          "texture": "#1"
        },
        "west": {
          "uv": [
            9.33333,
            14,
            9.83333,
            14.66667
          ],
          "rotation": 90,
          "texture": "#1"
        },
        "up": {
          "uv": [
            14,
            9.33333,
            14.5,
            10
          ],
          "rotation": 180,
          "texture": "#1"
        },
        "down": {
          "uv": [
            14,
            10,
            14.5,
            10.66667
          ],
          "texture": "#1"
        }
      }
    },
    {
      "from": [
        4.67136,
        7.11788,
        6.84259
      ],
      "to": [
        5.56056,
        8.00708,
        8.05099
      ],
      "rotation": {
        "angle": -22.5,
        "axis": "y",
        "origin": [
          8,
          7.56248,
          5
        ]
      },
      "faces": {
        "east": {
          "uv": [
            9.33333,
            12.66667,
            10,
            13.5
          ],
          "rotation": 270,
          "texture": "#1"
        },
        "south": {
          "uv": [
            4.66667,
            14.66667,
            4,
            14
          ],
          "rotation": 270,
          "texture": "#1"
        },
        "west": {
          "uv": [
            12.66667,
            8,
            13.33333,
            8.83333
          ],
          "rotation": 90,
          "texture": "#1"
        },
        "up": {
          "uv": [
            8.66667,
            12.66667,
            9.33333,
            13.5
          ],
          "rotation": 180,
          "texture": "#1"
        },
        "down": {
          "uv": [
            12.66667,
            9.33333,
            13.33333,
            10.16667
          ],
          "texture": "#1"
        }
      }
    },
    {
      "from": [
        3.84427,
        7.23348,
        6.53102
      ],
      "to": [
        4.50228,
        7.89148,
        7.42524
      ],
      "rotation": {
        "angle": 0,
        "axis": "x",
        "origin": [
          8,
          7.56248,
          5
        ]
      },
      "faces": {
        "east": {
          "uv": [
            11.33333,
            14,
            11.83333,
            14.66667
          ],
          "rotation": 270,
          "texture": "#1"
        },
        "south": {
          "uv": [
            4.5,
            15.16667,
            4,
            14.66667
          ],
          "rotation": 270,
          "texture": "#1"
        },
        "west": {
          "uv": [
            10.66667,
            14,
            11.16667,
            14.66667
          ],
          "rotation": 90,
          "texture": "#1"
        },
        "up": {
          "uv": [
            14,
            10.66667,
            14.5,
            11.33333
          ],
          "rotation": 180,
          "texture": "#1"
        },
        "down": {
          "uv": [
            14,
            11.33333,
            14.5,
            12
          ],
          "texture": "#1"
        }
      }
    },
    {
      "from": [
        8.53548,
        7.06248,
        3.634
      ],
      "to": [
        10.53548,
        8.06248,
        4.634
      ],
      "rotation": {
        "angle": -22.5,
        "axis": "y",
        "origin": [
          8,
          7.56248,
          5
        ]
      },
      "faces": {
        "north": {
          "uv": [
            7.33333,
            12,
            6.66667,
            13.33333
          ],
          "rotation": 270,
          "texture": "#1"
        },
        "south": {
          "uv": [
            6.66667,
            13.33333,
            6,
            12
          ],
          "rotation": 270,
          "texture": "#1"
        },
        "west": {
          "uv": [
            14,
            4,
            14.66667,
            4.66667
          ],
          "rotation": 90,
          "texture": "#1"
        },
        "up": {
          "uv": [
            12,
            4.66667,
            13.33333,
            5.33333
          ],
          "rotation": 180,
          "texture": "#1"
        },
        "down": {
          "uv": [
            12,
            5.33333,
            13.33333,
            6
          ],
          "texture": "#1"
        }
      }
    },
    {
      "from": [
        9.29838,
        6.99248,
        5.74723
      ],
      "to": [
        10.43838,
        8.13248,
        8.02723
      ],
      "rotation": {
        "angle": 45,
        "axis": "y",
        "origin": [
          8,
          7.56248,
          5
        ]
      },
      "faces": {
        "north": {
          "uv": [
            4.83333,
            12.66667,
            4,
            13.5
          ],
          "rotation": 270,
          "texture": "#1"
        },
        "east": {
          "uv": [
            10,
            1.33333,
            10.83333,
            2.83333
          ],
          "rotation": 270,
          "texture": "#1"
        },
        "south": {
          "uv": [
            13.5,
            3.5,
            12.66667,
            2.66667
          ],
          "rotation": 270,
          "texture": "#1"
        },
        "west": {
          "uv": [
            8.66667,
            9.33333,
            9.5,
            10.83333
          ],
          "rotation": 90,
          "texture": "#1"
        },
        "up": {
          "uv": [
            1.33333,
            10,
            2.16667,
            11.5
          ],
          "rotation": 180,
          "texture": "#1"
        },
        "down": {
          "uv": [
            2.66667,
            10,
            3.5,
            11.5
          ],
          "texture": "#1"
        }
      }
    },
    {
      "from": [
        9.55876,
        7.11788,
        3.97343
      ],
      "to": [
        10.44796,
        8.00708,
        5.18183
      ],
      "rotation": {
        "angle": 22.5,
        "axis": "y",
        "origin": [
          8,
          7.56248,
          5
        ]
      },
      "faces": {
        "north": {
          "uv": [
            5.33333,
            14,
            4.66667,
            14.66667
          ],
          "rotation": 270,
          "texture": "#1"
        },
        "east": {
          "uv": [
            0,
            13.33333,
            0.66667,
            14.16667
          ],
          "rotation": 270,
          "texture": "#1"
        },
        "west": {
          "uv": [
            12.66667,
            10.66667,
            13.33333,
            11.5
          ],
          "rotation": 90,
          "texture": "#1"
        },
        "up": {
          "uv": [
            12.66667,
            12,
            13.33333,
            12.83333
          ],
          "rotation": 180,
          "texture": "#1"
        },
        "down": {
          "uv": [
            0.66667,
            13.33333,
            1.33333,
            14.16667
          ],
          "texture": "#1"
        }
      }
    },
    {
      "from": [
        9.13435,
        7.23348,
        2.57476
      ],
      "to": [
        9.79236,
        7.89148,
        3.46897
      ],
      "rotation": {
        "angle": 0,
        "axis": "x",
        "origin": [
          8,
          7.56248,
          5
        ]
      },
      "faces": {
        "north": {
          "uv": [
            15.16667,
            4,
            14.66667,
            4.5
          ],
          "rotation": 270,
          "texture": "#1"
        },
        "east": {
          "uv": [
            12.66667,
            14,
            13.16667,
            14.66667
          ],
          "rotation": 270,
          "texture": "#1"
        },
        "west": {
          "uv": [
            12,
            14,
            12.5,
            14.66667
          ],
          "rotation": 90,
          "texture": "#1"
        },
        "up": {
          "uv": [
            14,
            12,
            14.5,
            12.66667
          ],
          "rotation": 180,
          "texture": "#1"
        },
        "down": {
          "uv": [
            14,
            12.66667,
            14.5,
            13.33333
          ],
          "texture": "#1"
        }
      }
    },
    {
      "from": [
        10.43944,
        7.11788,
        6.84259
      ],
      "to": [
        11.32864,
        8.00708,
        8.05099
      ],
      "rotation": {
        "angle": 22.5,
        "axis": "y",
        "origin": [
          8,
          7.56248,
          5
        ]
      },
      "faces": {
        "east": {
          "uv": [
            2.66667,
            13.33333,
            3.33333,
            14.16667
          ],
          "rotation": 270,
          "texture": "#1"
        },
        "south": {
          "uv": [
            6,
            14.66667,
            5.33333,
            14
          ],
          "rotation": 270,
          "texture": "#1"
        },
        "west": {
          "uv": [
            1.33333,
            13.33333,
            2,
            14.16667
          ],
          "rotation": 90,
          "texture": "#1"
        },
        "up": {
          "uv": [
            2,
            13.33333,
            2.66667,
            14.16667
          ],
          "rotation": 180,
          "texture": "#1"
        },
        "down": {
          "uv": [
            3.33333,
            13.33333,
            4,
            14.16667
          ],
          "texture": "#1"
        }
      }
    },
    {
      "from": [
        11.49772,
        7.23348,
        6.53102
      ],
      "to": [
        12.15573,
        7.89148,
        7.42524
      ],
      "rotation": {
        "angle": 0,
        "axis": "x",
        "origin": [
          8,
          7.56248,
          5
        ]
      },
      "faces": {
        "east": {
          "uv": [
            14,
            14,
            14.5,
            14.66667
          ],
          "rotation": 270,
          "texture": "#1"
        },
        "south": {
          "uv": [
            5.16667,
            15.16667,
            4.66667,
            14.66667
          ],
          "rotation": 270,
          "texture": "#1"
        },
        "west": {
          "uv": [
            13.33333,
            14,
            13.83333,
            14.66667
          ],
          "rotation": 90,
          "texture": "#1"
        },
        "up": {
          "uv": [
            14,
            13.33333,
            14.5,
            14
          ],
          "rotation": 180,
          "texture": "#1"
        },
        "down": {
          "uv": [
            0,
            14.66667,
            0.5,
            15.33333
          ],
          "texture": "#1"
        }
      }
    },
    {
      "from": [
        7.375,
        5,
        5
      ],
      "to": [
        8.625,
        7,
        9.5
      ],
      "rotation": {
        "angle": 0,
        "axis": "y",
        "origin": [
          7.375,
          0,
          0
        ]
      },
      "faces": {
        "north": {
          "uv": [
            10,
            10.66667,
            10.83333,
            12
          ],
          "texture": "#1"
        },
        "east": {
          "uv": [
            5.33333,
            2,
            8.33333,
            3.33333
          ],
          "texture": "#1"
        },
        "south": {
          "uv": [
            11.33333,
            0,
            12.16667,
            1.33333
          ],
          "texture": "#1"
        },
        "west": {
          "uv": [
            2.66667,
            5.33333,
            5.66667,
            6.66667
          ],
          "texture": "#1"
        },
        "up": {
          "uv": [
            6.83333,
            8.33333,
            6,
            5.33333
          ],
          "texture": "#1"
        },
        "down": {
          "uv": [
            3.5,
            6.66667,
            2.66667,
            9.66667
          ],
          "texture": "#1"
        }
      }
    },
    {
      "from": [
        7.375,
        6,
        12
      ],
      "to": [
        8.625,
        7,
        16.275
      ],
      "rotation": {
        "angle": 0,
        "axis": "y",
        "origin": [
          7.375,
          0,
          0
        ]
      },
      "faces": {
        "north": {
          "uv": [
            13.33333,
            4.66667,
            14.16667,
            5.33333
          ],
          "texture": "#1"
        },
        "east": {
          "uv": [
            8,
            0,
            10.83333,
            0.66667
          ],
          "texture": "#1"
        },
        "south": {
          "uv": [
            13.33333,
            5.33333,
            14.16667,
            6
          ],
          "texture": "#1"
        },
        "west": {
          "uv": [
            8,
            0.66667,
            10.83333,
            1.33333
          ],
          "texture": "#1"
        },
        "up": {
          "uv": [
            4.83333,
            9.5,
            4,
            6.66667
          ],
          "texture": "#1"
        },
        "down": {
          "uv": [
            0.83333,
            7.33333,
            0,
            10.16667
          ],
          "texture": "#1"
        }
      }
    },
    {
      "from": [
        7.4,
        4.275,
        11.8
      ],
      "to": [
        8.6,
        6.825,
        15.8
      ],
      "rotation": {
        "angle": 22.5,
        "axis": "x",
        "origin": [
          8,
          5.25,
          14
        ]
      },
      "faces": {
        "east": {
          "uv": [
            8,
            0,
            5.33333,
            1.66667
          ],
          "texture": "#1"
        },
        "south": {
          "uv": [
            7.33333,
            8,
            8.16667,
            9.66667
          ],
          "texture": "#1"
        },
        "west": {
          "uv": [
            5.33333,
            0,
            8,
            1.66667
          ],
          "texture": "#1"
        },
        "down": {
          "uv": [
            2.16667,
            7.33333,
            1.33333,
            10
          ],
          "texture": "#1"
        }
      }
    },
    {
      "from": [
        7.375,
        5,
        11
      ],
      "to": [
        8.625,
        7,
        12
      ],
      "rotation": {
        "angle": 0,
        "axis": "y",
        "origin": [
          7.375,
          0,
          0
        ]
      },
      "faces": {
        "north": {
          "uv": [
            11.33333,
            1.33333,
            12.16667,
            2.66667
          ],
          "texture": "#1"
        },
        "east": {
          "uv": [
            12,
            8,
            12.66667,
            9.33333
          ],
          "texture": "#1"
        },
        "south": {
          "uv": [
            11.33333,
            2.66667,
            12.16667,
            4
          ],
          "texture": "#1"
        },
        "west": {
          "uv": [
            12,
            9.33333,
            12.66667,
            10.66667
          ],
          "texture": "#1"
        },
        "up": {
          "uv": [
            6.83333,
            14,
            6,
            13.33333
          ],
          "texture": "#1"
        },
        "down": {
          "uv": [
            14.16667,
            6.66667,
            13.33333,
            7.33333
          ],
          "texture": "#1"
        }
      }
    },
    {
      "from": [
        7.375,
        6,
        9.5
      ],
      "to": [
        8.625,
        7,
        11
      ],
      "rotation": {
        "angle": 0,
        "axis": "y",
        "origin": [
          7.375,
          0,
          0
        ]
      },
      "faces": {
        "east": {
          "uv": [
            12.66667,
            4,
            13.66667,
            4.66667
          ],
          "texture": "#1"
        },
        "west": {
          "uv": [
            12.66667,
            6,
            13.66667,
            6.66667
          ],
          "texture": "#1"
        },
        "up": {
          "uv": [
            10.83333,
            13,
            10,
            12
          ],
          "texture": "#1"
        },
        "down": {
          "uv": [
            12.16667,
            12,
            11.33333,
            13
          ],
          "texture": "#1"
        }
      }
    },
    {
      "from": [
        7.65,
        6.5,
        11.5
      ],
      "to": [
        8.35,
        7.5,
        12.5
      ],
      "rotation": {
        "angle": 45,
        "axis": "x",
        "origin": [
          8,
          7,
          12
        ]
      },
      "faces": {
        "north": {
          "uv": [
            14.66667,
            0,
            15.16667,
            0.66667
          ],
          "texture": "#1"
        },
        "east": {
          "uv": [
            6,
            14,
            6.66667,
            14.66667
          ],
          "texture": "#1"
        },
        "south": {
          "uv": [
            0.66667,
            14.66667,
            1.16667,
            15.33333
          ],
          "texture": "#1"
        },
        "west": {
          "uv": [
            14,
            6,
            14.66667,
            6.66667
          ],
          "texture": "#1"
        },
        "up": {
          "uv": [
            15.16667,
            1.33333,
            14.66667,
            0.66667
          ],
          "texture": "#1"
        },
        "down": {
          "uv": [
            1.83333,
            14.66667,
            1.33333,
            15.33333
          ],
          "texture": "#1"
        }
      }
    },
    {
      "from": [
        4.05,
        7.6,
        7
      ],
      "to": [
        11.95,
        7.6,
        12
      ],
      "rotation": {
        "angle": 0,
        "axis": "x",
        "origin": [
          8,
          7.6,
          9.5
        ]
      },
      "faces": {
        "north": {
          "uv": [
            0,
            0,
            5.33333,
            0
          ],
          "texture": "#1"
        },
        "east": {
          "uv": [
            0,
            0,
            3.33333,
            0
          ],
          "texture": "#1"
        },
        "south": {
          "uv": [
            0,
            0,
            5.33333,
            0
          ],
          "texture": "#1"
        },
        "west": {
          "uv": [
            0,
            0,
            3.33333,
            0
          ],
          "texture": "#1"
        },
        "up": {
          "uv": [
            5.33333,
            3.33333,
            0,
            0
          ],
          "texture": "#1"
        }
      }
    },
    {
      "from": [
        8,
        3.125,
        -1.15
      ],
      "to": [
        8,
        5.375,
        8.85
      ],
      "rotation": {
        "angle": -45,
        "axis": "z",
        "origin": [
          8,
          4.25,
          3.85
        ]
      },
      "faces": {
        "north": {
          "uv": [
            0,
            0,
            0,
            1.5
          ],
          "texture": "#1"
        },
        "east": {
          "uv": [
            0,
            4.83333,
            6.66667,
            3.33333
          ],
          "rotation": 180,
          "texture": "#1"
        },
        "south": {
          "uv": [
            0,
            0,
            0,
            1.5
          ],
          "texture": "#1"
        },
        "west": {
          "uv": [
            0,
            3.33333,
            6.66667,
            4.83333
          ],
          "texture": "#1"
        },
        "up": {
          "uv": [
            0,
            6.66667,
            0,
            0
          ],
          "texture": "#1"
        },
        "down": {
          "uv": [
            0,
            0,
            0,
            6.66667
          ],
          "texture": "#1"
        }
      }
    },
    {
      "from": [
        8,
        3.125,
        -1.15
      ],
      "to": [
        8,
        5.375,
        8.85
      ],
      "rotation": {
        "angle": 45,
        "axis": "z",
        "origin": [
          8,
          4.25,
          3.85
        ]
      },
      "faces": {
        "north": {
          "uv": [
            0,
            0,
            0,
            1.5
          ],
          "texture": "#1"
        },
        "east": {
          "uv": [
            0,
            4.83333,
            6.66667,
            3.33333
          ],
          "rotation": 180,
          "texture": "#1"
        },
        "south": {
          "uv": [
            0,
            0,
            0,
            1.5
          ],
          "texture": "#1"
        },
        "west": {
          "uv": [
            0,
            3.33333,
            6.66667,
            4.83333
          ],
          "texture": "#1"
        },
        "up": {
          "uv": [
            0,
            6.66667,
            0,
            0
          ],
          "texture": "#1"
        },
        "down": {
          "uv": [
            0,
            0,
            0,
            6.66667
          ],
          "texture": "#1"
        }
      }
    },
    {
      "from": [
        7.25,
        3.5,
        5.5
      ],
      "to": [
        8.75,
        5,
        6
      ],
      "rotation": {
        "angle": 0,
        "axis": "y",
        "origin": [
          7,
          3.25,
          5
        ]
      },
      "faces": {
        "north": {
          "uv": [
            11.33333,
            10.66667,
            12.33333,
            11.66667
          ],
          "texture": "#1"
        },
        "east": {
          "uv": [
            14.66667,
            1.33333,
            15,
            2.33333
          ],
          "texture": "#1"
        },
        "south": {
          "uv": [
            1.33333,
            12,
            2.33333,
            13
          ],
          "texture": "#1"
        },
        "west": {
          "uv": [
            2,
            14.66667,
            2.33333,
            15.66667
          ],
          "texture": "#1"
        },
        "up": {
          "uv": [
            3.66667,
            15,
            2.66667,
            14.66667
          ],
          "texture": "#1"
        },
        "down": {
          "uv": [
            15.66667,
            2.66667,
            14.66667,
            3
          ],
          "texture": "#1"
        }
      }
    },
    {
      "from": [
        7.25,
        3.5,
        8.5
      ],
      "to": [
        8.75,
        5,
        9
      ],
      "rotation": {
        "angle": 0,
        "axis": "y",
        "origin": [
          7,
          3.25,
          8
        ]
      },
      "faces": {
        "north": {
          "uv": [
            11.33333,
            10.66667,
            12.33333,
            11.66667
          ],
          "texture": "#1"
        },
        "east": {
          "uv": [
            14.66667,
            1.33333,
            15,
            2.33333
          ],
          "texture": "#1"
        },
        "south": {
          "uv": [
            1.33333,
            12,
            2.33333,
            13
          ],
          "texture": "#1"
        },
        "west": {
          "uv": [
            2,
            14.66667,
            2.33333,
            15.66667
          ],
          "texture": "#1"
        },
        "up": {
          "uv": [
            3.66667,
            15,
            2.66667,
            14.66667
          ],
          "texture": "#1"
        },
        "down": {
          "uv": [
            15.66667,
            2.66667,
            14.66667,
            3
          ],
          "texture": "#1"
        }
      }
    },
    {
      "from": [
        7.5,
        3.75,
        4.5
      ],
      "to": [
        8.5,
        4.75,
        9.5
      ],
      "rotation": {
        "angle": 0,
        "axis": "y",
        "origin": [
          7,
          3.25,
          5
        ]
      },
      "faces": {
        "north": {
          "uv": [
            6.66667,
            14,
            7.33333,
            14.66667
          ],
          "texture": "#1"
        },
        "east": {
          "uv": [
            6.66667,
            3.33333,
            10,
            4
          ],
          "texture": "#1"
        },
        "south": {
          "uv": [
            7.33333,
            14,
            8,
            14.66667
          ],
          "texture": "#1"
        },
        "west": {
          "uv": [
            6.66667,
            4,
            10,
            4.66667
          ],
          "texture": "#1"
        },
        "up": {
          "uv": [
            6,
            10,
            5.33333,
            6.66667
          ],
          "texture": "#1"
        },
        "down": {
          "uv": [
            8,
            4.66667,
            7.33333,
            8
          ],
          "texture": "#1"
        }
      }
    }
  ],
  "gui_light": "front",
  "display": {
    "thirdperson_righthand": {
      "translation": [
        0,
        2,
        -2.5
      ]
    },
    "thirdperson_lefthand": {
      "translation": [
        0,
        2,
        -2.5
      ]
    },
    "firstperson_righthand": {
      "translation": [
        -4.25,
        6.75,
        3
      ]
    },
    "firstperson_lefthand": {
      "translation": [
        -4.25,
        6.75,
        3
      ]
    },
    "ground": {
      "translation": [
        0,
        9.25,
        0
      ]
    },
    "gui": {
      "rotation": [
        90,
        45,
        0
      ],
      "translation": [
        -1,
        1,
        0
      ],
      "scale": [
        1.51368,
        1.51368,
        1.51368
      ]
    },
    "head": {
      "scale": [
        0,
        0,
        0
      ]
    },
    "fixed": {
      "rotation": [
        -90,
        0,
        0
      ],
      "translation": [
        0,
        -0.5,
        -11.25
      ],
      "scale": [
        2.50781,
        2.50781,
        2.50781
      ]
    }
  }
}