{"credit":"Made by Nog's Menagerie","texture_size":[32,32],"textures":{"0":"nogs_menagerie:items/nm_birdwatching_binoculars_texture","particle":"nogs_menagerie:items/nm_birdwatching_binoculars_texture"},"elements":[{"from":[4.5,0,5],"to":[5.5,3,11],"rotation":{"angle":0,"axis":"y","origin":[8,2.0045,8.60355]},"faces":{"north":{"uv":[9,12,9.5,13.5],"texture":"#0"},"east":{"uv":[0,0,3,1.5],"texture":"#0"},"south":{"uv":[10,12,10.5,13.5],"texture":"#0"},"west":{"uv":[0,2,3,3.5],"texture":"#0"},"up":{"uv":[0.5,11,0,8],"texture":"#0"},"down":{"uv":[1.5,8,1,11],"texture":"#0"}}},{"from":[6.5,0,5],"to":[7.5,3,11],"rotation":{"angle":0,"axis":"y","origin":[8,2.0045,8.60355]},"faces":{"north":{"uv":[12.5,4,13,5.5],"texture":"#0"},"east":{"uv":[3.5,0,6.5,1.5],"texture":"#0"},"south":{"uv":[12.5,6,13,7.5],"texture":"#0"},"west":{"uv":[3.5,2,6.5,3.5],"texture":"#0"},"up":{"uv":[2.5,11,2,8],"texture":"#0"},"down":{"uv":[3.5,8,3,11],"texture":"#0"}}},{"from":[7.5,0,7],"to":[8.5,3,11],"rotation":{"angle":0,"axis":"y","origin":[8,2.0045,8.60355]},"faces":{"north":{"uv":[12.5,10.5,13,12],"texture":"#0"},"east":{"uv":[7,0,9,1.5],"texture":"#0"},"south":{"uv":[12.5,12.5,13,14],"texture":"#0"},"west":{"uv":[7,2,9,3.5],"texture":"#0"},"up":{"uv":[3.5,13.5,3,11.5],"texture":"#0"},"down":{"uv":[12,10.5,11.5,12.5],"texture":"#0"}}},{"from":[6.5,1,11],"to":[9.5,3,12],"rotation":{"angle":0,"axis":"y","origin":[8,2.0045,8.60355]},"faces":{"north":{"uv":[4,8,5.5,9],"texture":"#0"},"east":{"uv":[13.5,12.5,14,13.5],"texture":"#0"},"south":{"uv":[9,4,10.5,5],"texture":"#0"},"west":{"uv":[14,0,14.5,1],"texture":"#0"},"up":{"uv":[5.5,13.5,4,13],"texture":"#0"},"down":{"uv":[15,4,13.5,4.5],"texture":"#0"}}},{"from":[6.5,3,7],"to":[9.5,4,11],"rotation":{"angle":0,"axis":"y","origin":[8,2.0045,8.60355]},"faces":{"north":{"uv":[13.5,5,15,5.5],"texture":"#0"},"east":{"uv":[12,2,14,2.5],"texture":"#0"},"south":{"uv":[6,13.5,7.5,14],"texture":"#0"},"west":{"uv":[12,3,14,3.5],"texture":"#0"},"up":{"uv":[8.5,6,7,4],"texture":"#0"},"down":{"uv":[8.5,6.5,7,8.5],"texture":"#0"}}},{"from":[5.5,0,5],"to":[6.5,1,11],"rotation":{"angle":0,"axis":"y","origin":[8,2.0045,8.60355]},"faces":{"north":{"uv":[6,8,6.5,8.5],"texture":"#0"},"east":{"uv":[9,5.5,12,6],"texture":"#0"},"south":{"uv":[3,14,3.5,14.5],"texture":"#0"},"west":{"uv":[6,9,9,9.5],"texture":"#0"},"up":{"uv":[10,3,9.5,0],"texture":"#0"},"down":{"uv":[4.5,9.5,4,12.5],"texture":"#0"}}},{"from":[5.5,2,5],"to":[6.5,3,11],"rotation":{"angle":0,"axis":"y","origin":[8,2.0045,8.60355]},"faces":{"north":{"uv":[4,14,4.5,14.5],"texture":"#0"},"east":{"uv":[9,6.5,12,7],"texture":"#0"},"south":{"uv":[5,14,5.5,14.5],"texture":"#0"},"west":{"uv":[9,7.5,12,8],"texture":"#0"},"up":{"uv":[5.5,12.5,5,9.5],"texture":"#0"},"down":{"uv":[10,8.5,9.5,11.5],"texture":"#0"}}},{"from":[8.5,0,5],"to":[9.5,3,11],"rotation":{"angle":0,"axis":"y","origin":[8,2.0045,8.60355]},"faces":{"north":{"uv":[11,13,11.5,14.5],"texture":"#0"},"east":{"uv":[0,4,3,5.5],"texture":"#0"},"south":{"uv":[13.5,6,14,7.5],"texture":"#0"},"west":{"uv":[3.5,4,6.5,5.5],"texture":"#0"},"up":{"uv":[6.5,13,6,10],"texture":"#0"},"down":{"uv":[7.5,10,7,13],"texture":"#0"}}},{"from":[9.5,0,5],"to":[10.5,1,11],"rotation":{"angle":0,"axis":"y","origin":[8,2.0045,8.60355]},"faces":{"north":{"uv":[9,14,9.5,14.5],"texture":"#0"},"east":{"uv":[10.5,0,13.5,0.5],"texture":"#0"},"south":{"uv":[10,14,10.5,14.5],"texture":"#0"},"west":{"uv":[10.5,1,13.5,1.5],"texture":"#0"},"up":{"uv":[8.5,13,8,10],"texture":"#0"},"down":{"uv":[11,8.5,10.5,11.5],"texture":"#0"}}},{"from":[10.5,0,5],"to":[11.5,3,11],"rotation":{"angle":0,"axis":"y","origin":[8,2.0045,8.60355]},"faces":{"north":{"uv":[8,13.5,8.5,15],"texture":"#0"},"east":{"uv":[0,6,3,7.5],"texture":"#0"},"south":{"uv":[13.5,10.5,14,12],"texture":"#0"},"west":{"uv":[3.5,6,6.5,7.5],"texture":"#0"},"up":{"uv":[11.5,5,11,2],"texture":"#0"},"down":{"uv":[0.5,11.5,0,14.5],"texture":"#0"}}},{"from":[9.5,2,5],"to":[10.5,3,11],"rotation":{"angle":0,"axis":"y","origin":[8,2.0045,8.60355]},"faces":{"north":{"uv":[13.5,14,14,14.5],"texture":"#0"},"east":{"uv":[11.5,8.5,14.5,9],"texture":"#0"},"south":{"uv":[14.5,1.5,15,2],"texture":"#0"},"west":{"uv":[11.5,9.5,14.5,10],"texture":"#0"},"up":{"uv":[1.5,14.5,1,11.5],"texture":"#0"},"down":{"uv":[2.5,11.5,2,14.5],"texture":"#0"}}}],"gui_light":"front","display":{"thirdperson_righthand":{"rotation":[33,0,0],"translation":[-0.25,4.5,2],"scale":[0.86,0.86,0.86]},"thirdperson_lefthand":{"rotation":[33,0,0],"translation":[-0.25,4.5,2],"scale":[0.86,0.86,0.86]},"firstperson_righthand":{"rotation":[0,-2,0],"translation":[-2,11.5,0],"scale":[1.25,1.25,1.25]},"firstperson_lefthand":{"rotation":[0,-2,0],"translation":[-2,11.5,0],"scale":[1.25,1.25,1.25]},"ground":{"translation":[0,5,0],"scale":[0.83,0.83,0.83]},"gui":{"rotation":[25,151,0],"translation":[0.25,8,0],"scale":[1.47,1.47,1.47]},"head":{"translation":[0,14.4,0]},"fixed":{"rotation":[-90,0,0],"translation":[0,0,-15.75],"scale":[2,2,2]}},"groups":[{"name":"base","origin":[8,8,8],"color":0,"nbt":"{}","children":[0,1,2,3,4,5,6,7,8,9,10]}],"mcmodels":"06b09230f6e6579e73c5a404e8587f96"}