{
	"credit": "Made by PolygonMC",
	"texture_size": [32, 32],
	"textures": {
		"2": "littlepandaset:hoe"
	},
	"elements": [
		{
			"from": [7.5, 1, 7.5],
			"to": [8.5, 2, 8.5],
			"rotation": {"angle": 0, "axis": "y", "origin": [6.5, 0, 7.5]},
			"faces": {
				"north": {"uv": [4.5, 2, 5, 2.5], "texture": "#2"},
				"east": {"uv": [5, 2, 5.5, 2.5], "texture": "#2"},
				"south": {"uv": [5.5, 2, 6, 2.5], "texture": "#2"},
				"west": {"uv": [10, 6.5, 10.5, 7], "texture": "#2"},
				"up": {"uv": [11, 4, 10.5, 3.5], "texture": "#2"},
				"down": {"uv": [12, 2, 11.5, 2.5], "texture": "#2"}
			}
		},
		{
			"from": [7.5, 2.5, 7.5],
			"to": [8.5, 7.5, 8.5],
			"rotation": {"angle": 0, "axis": "y", "origin": [6.5, 0, 7.5]},
			"faces": {
				"north": {"uv": [6, 7.5, 6.5, 10], "texture": "#2"},
				"east": {"uv": [6.5, 7.5, 7, 10], "texture": "#2"},
				"south": {"uv": [7, 8, 7.5, 10.5], "texture": "#2"},
				"west": {"uv": [7.5, 8, 8, 10.5], "texture": "#2"}
			}
		},
		{
			"from": [7.35, 2, 7.35],
			"to": [8.65, 2.5, 8.65],
			"rotation": {"angle": 0, "axis": "y", "origin": [6.5, 0, 7.5]},
			"faces": {
				"north": {"uv": [0, 13, 0.75, 13.25], "texture": "#2"},
				"east": {"uv": [13, 0, 13.75, 0.25], "texture": "#2"},
				"south": {"uv": [13, 0.5, 13.75, 0.75], "texture": "#2"},
				"west": {"uv": [13, 1, 13.75, 1.25], "texture": "#2"},
				"up": {"uv": [10.75, 11.75, 10, 11], "texture": "#2"},
				"down": {"uv": [11.75, 11, 11, 11.75], "texture": "#2"}
			}
		},
		{
			"from": [7.35, 6.5, 7.35],
			"to": [8.65, 7, 8.65],
			"rotation": {"angle": 0, "axis": "y", "origin": [6.5, -1, 7.5]},
			"faces": {
				"north": {"uv": [13, 1.5, 13.75, 1.75], "texture": "#2"},
				"east": {"uv": [2, 13, 2.75, 13.25], "texture": "#2"},
				"south": {"uv": [13, 2, 13.75, 2.25], "texture": "#2"},
				"west": {"uv": [13, 2.5, 13.75, 2.75], "texture": "#2"},
				"up": {"uv": [12.25, 1.75, 11.5, 1], "texture": "#2"},
				"down": {"uv": [5.75, 11.5, 5, 12.25], "texture": "#2"}
			}
		},
		{
			"from": [7.35, 3, 7.35],
			"to": [8.65, 6, 8.65],
			"rotation": {"angle": 0, "axis": "y", "origin": [6.5, 0, 7.5]},
			"faces": {
				"north": {"uv": [8, 8, 8.75, 9.5], "texture": "#2"},
				"east": {"uv": [1, 8.5, 1.75, 10], "texture": "#2"},
				"south": {"uv": [8.5, 1, 9.25, 2.5], "texture": "#2"},
				"west": {"uv": [2, 8.5, 2.75, 10], "texture": "#2"},
				"up": {"uv": [12.25, 6.25, 11.5, 5.5], "texture": "#2"},
				"down": {"uv": [6.75, 11.5, 6, 12.25], "texture": "#2"}
			}
		},
		{
			"from": [7.75, 0, 7.25],
			"to": [8.25, 1.5, 8.75],
			"rotation": {"angle": -45, "axis": "x", "origin": [8, 0.75, 8]},
			"faces": {
				"north": {"uv": [3, 13, 3.25, 13.75], "texture": "#2"},
				"east": {"uv": [11.5, 7.5, 12.25, 8.25], "texture": "#2"},
				"south": {"uv": [13, 3, 13.25, 3.75], "texture": "#2"},
				"west": {"uv": [0, 12, 0.75, 12.75], "texture": "#2"},
				"up": {"uv": [3.75, 13.75, 3.5, 13], "texture": "#2"},
				"down": {"uv": [4.25, 13, 4, 13.75], "texture": "#2"}
			}
		},
		{
			"from": [6, 12.5, 9],
			"to": [10, 16.5, 13],
			"rotation": {"angle": -22.5, "axis": "y", "origin": [6.75, 15, 11]},
			"faces": {
				"north": {"uv": [0, 2.5, 2, 4.5], "texture": "#2"},
				"east": {"uv": [2, 2.5, 4, 4.5], "texture": "#2"},
				"south": {"uv": [4, 2.5, 6, 4.5], "texture": "#2"},
				"west": {"uv": [0, 4.5, 2, 6.5], "texture": "#2"},
				"up": {"uv": [6.5, 2, 4.5, 0], "texture": "#2"},
				"down": {"uv": [2, 4.5, 4, 6.5], "texture": "#2"}
			}
		},
		{
			"from": [5, 12.5, 10],
			"to": [6, 14, 12],
			"rotation": {"angle": -22.5, "axis": "y", "origin": [6.75, 15, 11]},
			"faces": {
				"north": {"uv": [12.5, 1, 13, 1.75], "texture": "#2"},
				"south": {"uv": [5, 12.5, 5.5, 13.25], "texture": "#2"},
				"west": {"uv": [11, 0, 12, 0.75], "texture": "#2"},
				"up": {"uv": [8.5, 2, 8, 1], "texture": "#2"},
				"down": {"uv": [12.5, 11.5, 12, 12.5], "texture": "#2"}
			}
		},
		{
			"from": [7.75, 16, 8],
			"to": [8.25, 17.5, 10],
			"rotation": {"angle": -22.5, "axis": "y", "origin": [6.75, 15, 11]},
			"faces": {
				"north": {"uv": [13, 4, 13.25, 4.75], "texture": "#2"},
				"east": {"uv": [2, 11, 3, 11.75], "texture": "#2"},
				"south": {"uv": [4.5, 13, 4.75, 13.75], "texture": "#2"},
				"west": {"uv": [3, 11, 4, 11.75], "texture": "#2"},
				"up": {"uv": [6.25, 13.5, 6, 12.5], "texture": "#2"},
				"down": {"uv": [6.75, 12.5, 6.5, 13.5], "texture": "#2"}
			}
		},
		{
			"from": [7.75, 16, 12],
			"to": [8.25, 17.5, 14],
			"rotation": {"angle": -22.5, "axis": "y", "origin": [6.75, 15, 11]},
			"faces": {
				"north": {"uv": [13, 5, 13.25, 5.75], "texture": "#2"},
				"east": {"uv": [11, 3.5, 12, 4.25], "texture": "#2"},
				"south": {"uv": [13, 6, 13.25, 6.75], "texture": "#2"},
				"west": {"uv": [4, 11, 5, 11.75], "texture": "#2"},
				"up": {"uv": [12.75, 8.5, 12.5, 7.5], "texture": "#2"},
				"down": {"uv": [12.75, 11.5, 12.5, 12.5], "texture": "#2"}
			}
		},
		{
			"from": [7, -2.22976, 3.87392],
			"to": [9, -0.22976, 5.87392],
			"rotation": {"angle": 22.5, "axis": "x", "origin": [8, -0.06726, 4.87392]},
			"faces": {
				"north": {"uv": [9.5, 1, 10.5, 2], "texture": "#2"},
				"east": {"uv": [9.5, 2, 10.5, 3], "texture": "#2"},
				"south": {"uv": [9.5, 3, 10.5, 4], "texture": "#2"},
				"west": {"uv": [8, 9.5, 9, 10.5], "texture": "#2"},
				"up": {"uv": [11, 1, 10, 0], "texture": "#2"},
				"down": {"uv": [2, 10, 1, 11], "texture": "#2"}
			}
		},
		{
			"from": [7.3, -0.22976, 4.17392],
			"to": [8.7, 0.27024, 5.57392],
			"rotation": {"angle": 22.5, "axis": "x", "origin": [8, -0.06726, 4.87392]},
			"faces": {
				"north": {"uv": [7, 13, 7.75, 13.25], "texture": "#2"},
				"east": {"uv": [13, 7, 13.75, 7.25], "texture": "#2"},
				"south": {"uv": [13, 7.5, 13.75, 7.75], "texture": "#2"},
				"west": {"uv": [8, 13, 8.75, 13.25], "texture": "#2"}
			}
		},
		{
			"from": [7.2, 0.27024, 4.07392],
			"to": [8.8, 1.92024, 5.67392],
			"rotation": {"angle": 22.5, "axis": "x", "origin": [8, -0.06726, 4.87392]},
			"faces": {
				"north": {"uv": [12, 0, 12.75, 0.75], "texture": "#2"},
				"east": {"uv": [2, 12, 2.75, 12.75], "texture": "#2"},
				"south": {"uv": [12, 2, 12.75, 2.75], "texture": "#2"},
				"west": {"uv": [3, 12, 3.75, 12.75], "texture": "#2"},
				"up": {"uv": [12.75, 3.75, 12, 3], "texture": "#2"},
				"down": {"uv": [4.75, 12, 4, 12.75], "texture": "#2"}
			}
		},
		{
			"from": [7.25, 0.275, 5.35],
			"to": [8.75, 0.305, 8.35],
			"rotation": {"angle": -22.5, "axis": "x", "origin": [8, 0.275, 6.85]},
			"faces": {
				"up": {"uv": [9.25, 4, 8.5, 2.5], "texture": "#2"},
				"down": {"uv": [3.75, 8.5, 3, 10], "texture": "#2"}
			}
		},
		{
			"from": [6.5, 8.5, 10],
			"to": [9.5, 12.5, 13],
			"rotation": {"angle": 0, "axis": "y", "origin": [6.5, 8.5, 9]},
			"faces": {
				"north": {"uv": [6.5, 0, 8, 2], "texture": "#2"},
				"east": {"uv": [1, 6.5, 2.5, 8.5], "texture": "#2"},
				"south": {"uv": [2.5, 6.5, 4, 8.5], "texture": "#2"},
				"west": {"uv": [7, 2, 8.5, 4], "texture": "#2"},
				"up": {"uv": [8.5, 5.5, 7, 4], "texture": "#2"},
				"down": {"uv": [8.5, 5.5, 7, 7], "texture": "#2"}
			}
		},
		{
			"from": [8.75, 10.75, 8],
			"to": [10.25, 12.25, 10.5],
			"rotation": {"angle": 22.5, "axis": "y", "origin": [9.5, 11.5, 9.25]},
			"faces": {
				"north": {"uv": [12, 4, 12.75, 4.75], "texture": "#2"},
				"east": {"uv": [2, 10, 3.25, 10.75], "texture": "#2"},
				"south": {"uv": [12, 6.5, 12.75, 7.25], "texture": "#2"},
				"west": {"uv": [3.5, 10, 4.75, 10.75], "texture": "#2"},
				"up": {"uv": [10.75, 5.25, 10, 4], "texture": "#2"},
				"down": {"uv": [5.75, 10, 5, 11.25], "texture": "#2"}
			}
		},
		{
			"from": [5.75, 10.75, 8],
			"to": [7.25, 12.25, 10.5],
			"rotation": {"angle": -22.5, "axis": "y", "origin": [6.5, 11.5, 9.25]},
			"faces": {
				"north": {"uv": [7, 12, 7.75, 12.75], "texture": "#2"},
				"east": {"uv": [10, 5.5, 11.25, 6.25], "texture": "#2"},
				"south": {"uv": [8, 12, 8.75, 12.75], "texture": "#2"},
				"west": {"uv": [9, 10, 10.25, 10.75], "texture": "#2"},
				"up": {"uv": [6.75, 11.25, 6, 10], "texture": "#2"},
				"down": {"uv": [11.25, 1, 10.5, 2.25], "texture": "#2"}
			}
		},
		{
			"from": [5.75, 8.5, 8],
			"to": [7.25, 10, 10.5],
			"rotation": {"angle": -22.5, "axis": "y", "origin": [6.5, 9.25, 9.25]},
			"faces": {
				"north": {"uv": [12, 8.5, 12.75, 9.25], "texture": "#2"},
				"east": {"uv": [10.5, 2.5, 11.75, 3.25], "texture": "#2"},
				"south": {"uv": [9, 12, 9.75, 12.75], "texture": "#2"},
				"west": {"uv": [10.5, 6.5, 11.75, 7.25], "texture": "#2"},
				"up": {"uv": [7.75, 11.75, 7, 10.5], "texture": "#2"},
				"down": {"uv": [11.25, 7.5, 10.5, 8.75], "texture": "#2"}
			}
		},
		{
			"from": [8.75, 8.5, 8],
			"to": [10.25, 10, 10.5],
			"rotation": {"angle": 22.5, "axis": "y", "origin": [9.5, 9.25, 9.25]},
			"faces": {
				"north": {"uv": [12, 9.5, 12.75, 10.25], "texture": "#2"},
				"east": {"uv": [10.5, 9, 11.75, 9.75], "texture": "#2"},
				"south": {"uv": [10, 12, 10.75, 12.75], "texture": "#2"},
				"west": {"uv": [10.5, 10, 11.75, 10.75], "texture": "#2"},
				"up": {"uv": [8.75, 11.75, 8, 10.5], "texture": "#2"},
				"down": {"uv": [1.75, 11, 1, 12.25], "texture": "#2"}
			}
		},
		{
			"from": [7.25, 7.5, 7.25],
			"to": [8.75, 18, 8.75],
			"rotation": {"angle": 0, "axis": "y", "origin": [7.5, 7.5, 7.5]},
			"faces": {
				"north": {"uv": [4, 4.5, 4.75, 9.75], "texture": "#2"},
				"east": {"uv": [5, 4.5, 5.75, 9.75], "texture": "#2"},
				"south": {"uv": [6, 2, 6.75, 7.25], "texture": "#2"},
				"west": {"uv": [0, 6.5, 0.75, 11.75], "texture": "#2"},
				"up": {"uv": [12.75, 11.25, 12, 10.5], "texture": "#2"},
				"down": {"uv": [11.75, 12, 11, 12.75], "texture": "#2"}
			}
		},
		{
			"from": [7.75, 15, 3.25],
			"to": [8.25, 16.5, 7.25],
			"rotation": {"angle": 0, "axis": "y", "origin": [8, 15.75, 5.25]},
			"faces": {
				"north": {"uv": [13, 8, 13.25, 8.75], "texture": "#2"},
				"east": {"uv": [7, 7, 9, 7.75], "texture": "#2"},
				"west": {"uv": [8, 0, 10, 0.75], "texture": "#2"},
				"up": {"uv": [1.25, 14.5, 1, 12.5], "texture": "#2"},
				"down": {"uv": [1.75, 12.5, 1.5, 14.5], "texture": "#2"}
			}
		},
		{
			"from": [7.751, 14.39172, 0.93925],
			"to": [8.249, 15.79172, 3.68925],
			"rotation": {"angle": -22.5, "axis": "x", "origin": [8.001, 15.04172, 1.68925]},
			"faces": {
				"north": {"uv": [9, 13, 9.25, 13.75], "texture": "#2"},
				"east": {"uv": [9, 8, 10.5, 8.75], "texture": "#2"},
				"west": {"uv": [9, 9, 10.5, 9.75], "texture": "#2"},
				"up": {"uv": [12.75, 6.5, 12.5, 5], "texture": "#2"},
				"down": {"uv": [5.75, 12.5, 5.5, 14], "texture": "#2"}
			}
		},
		{
			"from": [7.752, 13.87479, 0.07822],
			"to": [8.248, 15.27479, 1.07822],
			"rotation": {"angle": 22.5, "axis": "x", "origin": [8.002, 13.77479, 0.82822]},
			"faces": {
				"north": {"uv": [12, 12.5, 12.25, 13.5], "texture": "#2"},
				"east": {"uv": [11, 4.5, 11.75, 5.5], "texture": "#2"},
				"south": {"uv": [12.5, 12.5, 12.75, 13.5], "texture": "#2"},
				"west": {"uv": [9, 11, 9.75, 12], "texture": "#2"},
				"down": {"uv": [13.25, 9, 13, 9.75], "texture": "#2"}
			}
		},
		{
			"from": [7.985, 10.55, -1.25],
			"to": [8.015, 15.05, 7.25],
			"rotation": {"angle": 0, "axis": "y", "origin": [7.485, -1, -9]},
			"faces": {
				"east": {"uv": [4.25, 0, 0, 2.25], "texture": "#2"},
				"west": {"uv": [0, 0, 4.25, 2.25], "texture": "#2"}
			}
		},
		{
			"from": [4.25, 16.25, 7.25],
			"to": [7.25, 16.28, 8.75],
			"rotation": {"angle": -45, "axis": "x", "origin": [5.75, 16.265, 8]},
			"faces": {
				"up": {"uv": [10, 4.75, 8.5, 4], "texture": "#2"},
				"down": {"uv": [10, 5, 8.5, 5.75], "texture": "#2"}
			}
		},
		{
			"from": [8.5, 13.015, 7.985],
			"to": [11.5, 14.515, 8.015],
			"rotation": {"angle": 22.5, "axis": "z", "origin": [10, 13.765, 8]},
			"faces": {
				"north": {"uv": [8.5, 6, 10, 6.75], "texture": "#2"},
				"south": {"uv": [9, 7, 10.5, 7.75], "texture": "#2"}
			}
		}
	],
	"gui_light": "front",
	"display": {
		"thirdperson_righthand": {
			"translation": [0, 1.5, 1]
		},
		"thirdperson_lefthand": {
			"translation": [0, 1.5, 1]
		},
		"firstperson_righthand": {
			"rotation": [-10, 0, 0],
			"translation": [0, 2.25, 0]
		},
		"firstperson_lefthand": {
			"rotation": [-10, 0, 0],
			"translation": [0, 2.25, 0]
		},
		"ground": {
			"rotation": [-45, 0, 0],
			"translation": [0, 10.5, 0]
		},
		"gui": {
			"rotation": [-90, 45, 90],
			"translation": [1.5, -0.25, 0],
			"scale": [0.72852, 0.72852, 0.72852]
		},
		"head": {
			"rotation": [90, -90, 90]
		},
		"fixed": {
			"rotation": [90, -90, 90],
			"translation": [0, -1.5, -1],
			"scale": [2, 2, 2]
		}
	}
}