{"credit":"MadebyPolygonMC","texture_size":[32,32],"textures":{"2":"littlepenguinset:flag","particle":"littlepenguinset:flag"},"elements":[{"from":[7.25,0.25,7.25],"to":[8.75,1.75,8.75],"rotation":{"angle":-45,"axis":"x","origin":[8,1,8]},"faces":{"north":{"uv":[10.5,10.5,11.25,11.25],"texture":"#2"},"east":{"uv":[1,11,1.75,11.75],"texture":"#2"},"south":{"uv":[2,11,2.75,11.75],"texture":"#2"},"west":{"uv":[3,11,3.75,11.75],"texture":"#2"},"up":{"uv":[4.75,11.75,4,11],"texture":"#2"},"down":{"uv":[11.75,4,11,4.75],"texture":"#2"}}},{"from":[-2,25.5,7.25],"to":[-0.5,27,8.75],"rotation":{"angle":45,"axis":"z","origin":[-1.25,26.25,8]},"faces":{"north":{"uv":[3,11,3.75,11.75],"rotation":180,"texture":"#2"},"east":{"uv":[2,11,2.75,11.75],"rotation":180,"texture":"#2"},"south":{"uv":[1,11,1.75,11.75],"rotation":180,"texture":"#2"},"west":{"uv":[10.5,10.5,11.25,11.25],"rotation":180,"texture":"#2"},"up":{"uv":[11.75,4,11,4.75],"rotation":90,"texture":"#2"},"down":{"uv":[4.75,11.75,4,11],"rotation":270,"texture":"#2"}}},{"from":[16.5,25.5,7.25],"to":[18,27,8.75],"rotation":{"angle":-45,"axis":"z","origin":[17.25,26.25,8]},"faces":{"north":{"uv":[3.75,11,3,11.75],"rotation":180,"texture":"#2"},"east":{"uv":[11.25,10.5,10.5,11.25],"rotation":180,"texture":"#2"},"south":{"uv":[1.75,11,1,11.75],"rotation":180,"texture":"#2"},"west":{"uv":[2.75,11,2,11.75],"rotation":180,"texture":"#2"},"up":{"uv":[11.75,4.75,11,4],"rotation":90,"texture":"#2"},"down":{"uv":[4.75,11,4,11.75],"rotation":270,"texture":"#2"}}},{"from":[7.5,1.5,7.5],"to":[8.5,2.5,8.5],"rotation":{"angle":0,"axis":"y","origin":[6.5,1.5,6.5]},"faces":{"north":{"uv":[8.5,4.5,9,5],"texture":"#2"},"east":{"uv":[9,4.5,9.5,5],"texture":"#2"},"south":{"uv":[9.5,4.5,10,5],"texture":"#2"},"west":{"uv":[10,3,10.5,3.5],"texture":"#2"},"up":{"uv":[11,4.5,10.5,4],"texture":"#2"}}},{"from":[7.5,5.5,7.5],"to":[8.5,6.5,8.5],"rotation":{"angle":0,"axis":"y","origin":[6.5,5.5,6.5]},"faces":{"north":{"uv":[11,9,11.5,9.5],"texture":"#2"},"east":{"uv":[5,12,5.5,12.5],"texture":"#2"},"south":{"uv":[5.5,12,6,12.5],"texture":"#2"},"west":{"uv":[12,5.5,12.5,6],"texture":"#2"},"up":{"uv":[6.5,12.5,6,12],"texture":"#2"}}},{"from":[7.6,3,7.6],"to":[8.4,5,8.4],"rotation":{"angle":0,"axis":"y","origin":[6.5,3,6.5]},"faces":{"north":{"uv":[5.5,8.5,6,9.5],"texture":"#2"},"east":{"uv":[5,11,5.5,12],"texture":"#2"},"south":{"uv":[7.5,11.5,8,12.5],"texture":"#2"},"west":{"uv":[8,11.5,8.5,12.5],"texture":"#2"},"up":{"uv":[12.5,6.5,12,6],"texture":"#2"}}},{"from":[7.4,2.5,7.4],"to":[8.6,3,8.6],"rotation":{"angle":0,"axis":"y","origin":[7,-3,7]},"faces":{"north":{"uv":[12.5,11,13,11.25],"texture":"#2"},"east":{"uv":[12.5,11.5,13,11.75],"texture":"#2"},"south":{"uv":[12,12.5,12.5,12.75],"texture":"#2"},"west":{"uv":[12.5,12,13,12.25],"texture":"#2"},"up":{"uv":[7,12.5,6.5,12],"texture":"#2"},"down":{"uv":[12.5,6.5,12,7],"texture":"#2"}}},{"from":[7.4,5,7.4],"to":[8.6,5.5,8.6],"rotation":{"angle":0,"axis":"y","origin":[7,-0.5,7]},"faces":{"north":{"uv":[12.5,12.5,13,12.75],"texture":"#2"},"east":{"uv":[13,0,13.5,0.25],"texture":"#2"},"south":{"uv":[13,0.5,13.5,0.75],"texture":"#2"},"west":{"uv":[13,1,13.5,1.25],"texture":"#2"},"up":{"uv":[7.5,12.5,7,12],"texture":"#2"},"down":{"uv":[12.5,7,12,7.5],"texture":"#2"}}},{"from":[7.5,12,7.5],"to":[8.5,13,8.5],"rotation":{"angle":0,"axis":"y","origin":[6.5,5.5,6.5]},"faces":{"north":{"uv":[12,7.5,12.5,8],"texture":"#2"},"east":{"uv":[12,8,12.5,8.5],"texture":"#2"},"south":{"uv":[12,8.5,12.5,9],"texture":"#2"},"west":{"uv":[12,9,12.5,9.5],"texture":"#2"},"up":{"uv":[12.5,10,12,9.5],"texture":"#2"}}},{"from":[7.4,11.5,7.4],"to":[8.6,12,8.6],"rotation":{"angle":0,"axis":"y","origin":[7,-0.5,7]},"faces":{"north":{"uv":[1.5,13,2,13.25],"texture":"#2"},"east":{"uv":[13,1.5,13.5,1.75],"texture":"#2"},"south":{"uv":[2,13,2.5,13.25],"texture":"#2"},"west":{"uv":[13,2,13.5,2.25],"texture":"#2"},"up":{"uv":[12.5,10.5,12,10],"texture":"#2"},"down":{"uv":[12.5,10.5,12,11],"texture":"#2"}}},{"from":[7.6,9.5,7.6],"to":[8.4,11.5,8.4],"rotation":{"angle":0,"axis":"y","origin":[6.5,3,6.5]},"faces":{"north":{"uv":[8.5,11.5,9,12.5],"texture":"#2"},"east":{"uv":[9,11.5,9.5,12.5],"texture":"#2"},"south":{"uv":[11.5,9,12,10],"texture":"#2"},"west":{"uv":[9.5,11.5,10,12.5],"texture":"#2"},"up":{"uv":[12.5,11.5,12,11],"texture":"#2"}}},{"from":[7.4,9,7.4],"to":[8.6,9.5,8.6],"rotation":{"angle":0,"axis":"y","origin":[7,-3,7]},"faces":{"north":{"uv":[2.5,13,3,13.25],"texture":"#2"},"east":{"uv":[13,2.5,13.5,2.75],"texture":"#2"},"south":{"uv":[3,13,3.5,13.25],"texture":"#2"},"west":{"uv":[13,3,13.5,3.25],"texture":"#2"},"up":{"uv":[12.5,12,12,11.5],"texture":"#2"},"down":{"uv":[12.5,12,12,12.5],"texture":"#2"}}},{"from":[7.5,8,7.5],"to":[8.5,9,8.5],"rotation":{"angle":0,"axis":"y","origin":[6.5,1.5,6.5]},"faces":{"north":{"uv":[12.5,2,13,2.5],"texture":"#2"},"east":{"uv":[12.5,2.5,13,3],"texture":"#2"},"south":{"uv":[12.5,3,13,3.5],"texture":"#2"},"west":{"uv":[12.5,3.5,13,4],"texture":"#2"},"up":{"uv":[13,4.5,12.5,4],"texture":"#2"}}},{"from":[7.5,21,7.5],"to":[8.5,22,8.5],"rotation":{"angle":0,"axis":"y","origin":[6.5,5.5,6.5]},"faces":{"north":{"uv":[9.5,12.5,10,13],"texture":"#2"},"east":{"uv":[12.5,9.5,13,10],"texture":"#2"},"south":{"uv":[10,12.5,10.5,13],"texture":"#2"},"west":{"uv":[12.5,10,13,10.5],"texture":"#2"},"up":{"uv":[11,13,10.5,12.5],"texture":"#2"}}},{"from":[7.4,20.5,7.4],"to":[8.6,21,8.6],"rotation":{"angle":0,"axis":"y","origin":[7,-0.5,7]},"faces":{"north":{"uv":[13,5,13.5,5.25],"texture":"#2"},"east":{"uv":[5.5,13,6,13.25],"texture":"#2"},"south":{"uv":[13,5.5,13.5,5.75],"texture":"#2"},"west":{"uv":[6,13,6.5,13.25],"texture":"#2"},"up":{"uv":[9.5,13,9,12.5],"texture":"#2"},"down":{"uv":[13,9,12.5,9.5],"texture":"#2"}}},{"from":[7.6,18.5,7.6],"to":[8.4,20.5,8.4],"rotation":{"angle":0,"axis":"y","origin":[6.5,3,6.5]},"faces":{"north":{"uv":[10,11.5,10.5,12.5],"texture":"#2"},"east":{"uv":[11.5,10,12,11],"texture":"#2"},"south":{"uv":[10.5,11.5,11,12.5],"texture":"#2"},"west":{"uv":[11,11.5,11.5,12.5],"texture":"#2"},"up":{"uv":[13,9,12.5,8.5],"texture":"#2"}}},{"from":[7.4,18,7.4],"to":[8.6,18.5,8.6],"rotation":{"angle":0,"axis":"y","origin":[7,-3,7]},"faces":{"north":{"uv":[13,3.5,13.5,3.75],"texture":"#2"},"east":{"uv":[13,4,13.5,4.25],"texture":"#2"},"south":{"uv":[13,4.5,13.5,4.75],"texture":"#2"},"west":{"uv":[5,13,5.5,13.25],"texture":"#2"},"up":{"uv":[13,8.5,12.5,8],"texture":"#2"},"down":{"uv":[9,12.5,8.5,13],"texture":"#2"}}},{"from":[7.5,17,7.5],"to":[8.5,18,8.5],"rotation":{"angle":0,"axis":"y","origin":[6.5,1.5,6.5]},"faces":{"north":{"uv":[7,12.5,7.5,13],"texture":"#2"},"east":{"uv":[12.5,7,13,7.5],"texture":"#2"},"south":{"uv":[7.5,12.5,8,13],"texture":"#2"},"west":{"uv":[12.5,7.5,13,8],"texture":"#2"},"up":{"uv":[8.5,13,8,12.5],"texture":"#2"}}},{"from":[7.25,6.25,7],"to":[8.75,8.25,9],"rotation":{"angle":-45,"axis":"x","origin":[8,7.25,8]},"faces":{"north":{"uv":[2.5,10,3.25,11],"texture":"#2"},"east":{"uv":[8.5,3.5,9.5,4.5],"texture":"#2"},"south":{"uv":[10,4.5,10.75,5.5],"texture":"#2"},"west":{"uv":[9.5,3.5,10.5,4.5],"texture":"#2"},"up":{"uv":[10.75,6.5,10,5.5],"texture":"#2"},"down":{"uv":[10.75,6.5,10,7.5],"texture":"#2"}}},{"from":[7,6.5,7.25],"to":[9,8,8.75],"rotation":{"angle":-45,"axis":"x","origin":[8,7.25,8]},"faces":{"north":{"uv":[10,7.5,11,8.25],"texture":"#2"},"east":{"uv":[11,5,11.75,5.75],"texture":"#2"},"south":{"uv":[10,8.5,11,9.25],"texture":"#2"},"west":{"uv":[11,6,11.75,6.75],"texture":"#2"},"up":{"uv":[11.5,3.75,10.5,3],"texture":"#2"},"down":{"uv":[11.5,9.5,10.5,10.25],"texture":"#2"}}},{"from":[6.13,26.97278,5.6506],"to":[9.87,30.03278,10.4106],"rotation":{"angle":0,"axis":"x","origin":[6.75793,29.50795,7.4782]},"faces":{"north":{"uv":[6,5,7.75,6.5],"texture":"#2"},"east":{"uv":[6,2,8.5,3.5],"texture":"#2"},"south":{"uv":[6,6.5,7.75,8],"texture":"#2"},"west":{"uv":[6,3.5,8.5,5],"texture":"#2"},"up":{"uv":[5.75,4.5,4,2],"texture":"#2"},"down":{"uv":[5.75,4.5,4,7],"texture":"#2"}}},{"from":[6.81,27.80486,9.92283],"to":[9.19,27.80486,11.28283],"rotation":{"angle":-45,"axis":"x","origin":[6.75793,29.50795,7.4782]},"faces":{"north":{"uv":[0,0,1.25,0],"texture":"#2"},"east":{"uv":[0,0,0.75,0],"texture":"#2"},"south":{"uv":[0,0,1.25,0],"texture":"#2"},"west":{"uv":[0,0,0.75,0],"texture":"#2"},"up":{"uv":[2.25,10.75,1,10],"texture":"#2"},"down":{"uv":[11.25,2,10,2.75],"texture":"#2"}}},{"from":[5.44384,27.31278,6.30287],"to":[5.81784,29.69278,9.70287],"rotation":{"angle":-22.5,"axis":"y","origin":[5.63084,28.50278,8.00287]},"faces":{"north":{"uv":[3.5,12,3.75,13.25],"texture":"#2"},"east":{"uv":[4,7,5.75,8.25],"texture":"#2"},"south":{"uv":[4,12,4.25,13.25],"texture":"#2"},"west":{"uv":[8,5,9.75,6.25],"texture":"#2"},"up":{"uv":[11.75,12.75,11.5,11],"texture":"#2"},"down":{"uv":[0.25,12,0,13.75],"texture":"#2"}}},{"from":[10.18216,27.31278,6.30287],"to":[10.55616,29.69278,9.70287],"rotation":{"angle":22.5,"axis":"y","origin":[10.36916,28.50278,8.00287]},"faces":{"north":{"uv":[12,4,12.25,5.25],"texture":"#2"},"east":{"uv":[6,8,7.75,9.25],"texture":"#2"},"south":{"uv":[4.5,12,4.75,13.25],"texture":"#2"},"west":{"uv":[8,6.5,9.75,7.75],"texture":"#2"},"up":{"uv":[0.75,13.75,0.5,12],"texture":"#2"},"down":{"uv":[1.25,12,1,13.75],"texture":"#2"}}},{"from":[6.3,28.54528,3.5681],"to":[9.7,31.26528,6.7981],"rotation":{"angle":0,"axis":"x","origin":[6.75793,29.50795,7.4782]},"faces":{"north":{"uv":[8,8,9.75,9.25],"texture":"#2"},"east":{"uv":[2,8.5,3.5,9.75],"texture":"#2"},"south":{"uv":[0,8.5,1.75,9.75],"texture":"#2"},"west":{"uv":[8.5,2,10,3.25],"texture":"#2"},"up":{"uv":[1.75,8.5,0,7],"texture":"#2"},"down":{"uv":[3.75,7,2,8.5],"texture":"#2"}}},{"from":[7.388,28.90228,2.5481],"to":[8.612,29.79828,3.5681],"rotation":{"angle":0,"axis":"x","origin":[6.75793,29.50795,7.4782]},"faces":{"north":{"uv":[12.5,4.5,13,5],"texture":"#2"},"east":{"uv":[5,12.5,5.5,13],"texture":"#2"},"west":{"uv":[12.5,5,13,5.5],"texture":"#2"},"up":{"uv":[6,13,5.5,12.5],"texture":"#2"},"down":{"uv":[13,5.5,12.5,6],"texture":"#2"}}},{"from":[6.64,27.62991,9.85413],"to":[7.41,27.62991,10.96413],"rotation":{"angle":-22.5,"axis":"x","origin":[6.75793,29.50795,7.4782]},"faces":{"north":{"uv":[0,0,0.5,0],"texture":"#2"},"east":{"uv":[0,0,0.5,0],"texture":"#2"},"south":{"uv":[0,0,0.5,0],"texture":"#2"},"west":{"uv":[0,0,0.5,0],"texture":"#2"},"up":{"uv":[6.5,13,6,12.5],"texture":"#2"},"down":{"uv":[13,6,12.5,6.5],"texture":"#2"}}},{"from":[6.64,26.43887,9.98007],"to":[7.41,26.43887,11.34007],"rotation":{"angle":-45,"axis":"x","origin":[6.75793,29.50795,7.4782]},"faces":{"north":{"uv":[0,0,0.5,0],"texture":"#2"},"east":{"uv":[0,0,0.75,0],"texture":"#2"},"south":{"uv":[0,0,0.5,0],"texture":"#2"},"west":{"uv":[0,0,0.75,0],"texture":"#2"},"up":{"uv":[2,12.75,1.5,12],"texture":"#2"},"down":{"uv":[2.5,12,2,12.75],"texture":"#2"}}},{"from":[8.59,26.43887,9.98007],"to":[9.36,26.43887,11.34007],"rotation":{"angle":-45,"axis":"x","origin":[9.24208,29.50795,7.4782]},"faces":{"north":{"uv":[0,0,0.5,0],"texture":"#2"},"east":{"uv":[0,0,0.75,0],"texture":"#2"},"south":{"uv":[0,0,0.5,0],"texture":"#2"},"west":{"uv":[0,0,0.75,0],"texture":"#2"},"up":{"uv":[3,12.75,2.5,12],"texture":"#2"},"down":{"uv":[3.5,12,3,12.75],"texture":"#2"}}},{"from":[8.59,27.62991,9.85413],"to":[9.36,27.62991,10.96413],"rotation":{"angle":-22.5,"axis":"x","origin":[9.24208,29.50795,7.4782]},"faces":{"north":{"uv":[0,0,0.5,0],"texture":"#2"},"east":{"uv":[0,0,0.5,0],"texture":"#2"},"south":{"uv":[0,0,0.5,0],"texture":"#2"},"west":{"uv":[0,0,0.5,0],"texture":"#2"},"up":{"uv":[7,13,6.5,12.5],"texture":"#2"},"down":{"uv":[13,6.5,12.5,7],"texture":"#2"}}},{"from":[7.25,13,7.25],"to":[8.75,17,8.75],"rotation":{"angle":0,"axis":"y","origin":[7,0,7]},"faces":{"north":{"uv":[7.5,9.5,8.25,11.5],"texture":"#2"},"east":{"uv":[7.5,9.5,8.25,11.5],"texture":"#2"},"south":{"uv":[7.5,9.5,8.25,11.5],"texture":"#2"},"west":{"uv":[7.5,9.5,8.25,11.5],"texture":"#2"},"up":{"uv":[11.75,7.75,11,7],"texture":"#2"},"down":{"uv":[11.75,8,11,8.75],"texture":"#2"}}},{"from":[7.25,22,7.25],"to":[8.75,27,8.75],"rotation":{"angle":0,"axis":"y","origin":[7,0,7]},"faces":{"north":{"uv":[3.5,8.5,4.25,11],"texture":"#2"},"east":{"uv":[3.5,8.5,4.25,11],"texture":"#2"},"south":{"uv":[3.5,8.5,4.25,11],"texture":"#2"},"west":{"uv":[3.5,8.5,4.25,11],"texture":"#2"},"up":{"uv":[12.25,2.75,11.5,2],"texture":"#2"},"down":{"uv":[12.25,3,11.5,3.75],"texture":"#2"}}},{"from":[-1,25.75,7.5],"to":[17,26.75,8.5],"rotation":{"angle":0,"axis":"y","origin":[-9,0,7]},"faces":{"north":{"uv":[4,0,13,0.5],"texture":"#2"},"east":{"uv":[12.5,10.5,13,11],"texture":"#2"},"south":{"uv":[4,0.5,13,0],"texture":"#2"},"west":{"uv":[11,12.5,11.5,13],"texture":"#2"},"up":{"uv":[4,0,13,0.5],"texture":"#2"},"down":{"uv":[4,0,13,0.5],"texture":"#2"}}},{"from":[9,11.75,8],"to":[17,25.75,8],"rotation":{"angle":0,"axis":"y","origin":[10,-0.25,8]},"faces":{"north":{"uv":[0,0,4,7],"texture":"#2"},"east":{"uv":[0,0,0,7],"texture":"#2"},"south":{"uv":[4,0,0,7],"texture":"#2"},"west":{"uv":[0,0,0,7],"texture":"#2"},"up":{"uv":[4,0,0,0],"texture":"#2"},"down":{"uv":[4,0,0,0],"texture":"#2"}}},{"from":[-1,11.75,8],"to":[7,25.75,8],"rotation":{"angle":0,"axis":"y","origin":[6,-0.25,8]},"faces":{"north":{"uv":[4,0,0,7],"texture":"#2"},"east":{"uv":[0,0,0,7],"texture":"#2"},"south":{"uv":[0,0,4,7],"texture":"#2"},"west":{"uv":[0,0,0,7],"texture":"#2"},"up":{"uv":[0,0,4,0],"texture":"#2"},"down":{"uv":[0,0,4,0],"texture":"#2"}}}],"gui_light":"front","display":{"thirdperson_righthand":{"rotation":[80,90,0],"translation":[0.25,1,6.5],"scale":[0.86719,0.86719,0.86719]},"thirdperson_lefthand":{"rotation":[80,90,0],"translation":[0.25,1,6.5],"scale":[0.86719,0.86719,0.86719]},"firstperson_righthand":{"rotation":[-5,0,0],"translation":[0.5,1.5,1]},"firstperson_lefthand":{"rotation":[-5,0,0],"translation":[0.5,1.5,1]},"ground":{"rotation":[40,0,0],"translation":[0,6.25,-5.25]},"gui":{"rotation":[0,180,0],"translation":[0,-4,0],"scale":[0.55273,0.55273,0.55273]},"head":{"rotation":[0,180,0],"translation":[0,-24.5,0],"scale":[2.34375,2.34375,2.34375]},"fixed":{"rotation":[-90,0,0],"translation":[0,0,-29.5],"scale":[4,4,4]}},"groups":[0,1,2,3,4,5,6,7,8,9,10,11,12,13,14,15,16,17,18,19,{"name":"group","origin":[10.48415,10.20454,11.47302],"color":0,"children":[20,21,22,23,24,25,26,27,28,29]},30,31,32,33,34]}