{"credit":"MadebyPolygonMC","texture_size":[24,24],"textures":{"1":"littlepenguinset:shovel"},"elements":[{"from":[7.25,0.25,7.25],"to":[8.75,1.75,8.75],"rotation":{"angle":-45,"axis":"x","origin":[8,1,8]},"faces":{"north":{"uv":[10.66667,2.66667,11.66667,3.66667],"texture":"#1"},"east":{"uv":[4.66667,10.66667,5.66667,11.66667],"texture":"#1"},"south":{"uv":[10.66667,10,11.66667,11],"texture":"#1"},"west":{"uv":[3.33333,11.33333,4.33333,12.33333],"texture":"#1"},"up":{"uv":[7,12.33333,6,11.33333],"texture":"#1"},"down":{"uv":[12.33333,6,11.33333,7],"texture":"#1"}}},{"from":[7.5,1.5,7.5],"to":[8.5,2.5,8.5],"rotation":{"angle":0,"axis":"y","origin":[6.5,1.5,6.5]},"faces":{"north":{"uv":[4.66667,8,5.33333,8.66667],"texture":"#1"},"east":{"uv":[10,1.33333,10.66667,2],"texture":"#1"},"south":{"uv":[10.66667,4,11.33333,4.66667],"texture":"#1"},"west":{"uv":[6,10.66667,6.66667,11.33333],"texture":"#1"},"up":{"uv":[12,4.66667,11.33333,4],"texture":"#1"}}},{"from":[7.5,5.5,7.5],"to":[8.5,6.5,8.5],"rotation":{"angle":0,"axis":"y","origin":[6.5,5.5,6.5]},"faces":{"north":{"uv":[12,5.33333,12.66667,6],"texture":"#1"},"east":{"uv":[12.66667,2,13.33333,2.66667],"texture":"#1"},"south":{"uv":[2.66667,12.66667,3.33333,13.33333],"texture":"#1"},"west":{"uv":[12.66667,2.66667,13.33333,3.33333],"texture":"#1"},"up":{"uv":[4,13.33333,3.33333,12.66667],"texture":"#1"}}},{"from":[7.6,3,7.6],"to":[8.4,5,8.4],"rotation":{"angle":0,"axis":"y","origin":[6.5,3,6.5]},"faces":{"north":{"uv":[1.33333,10.66667,2,12],"texture":"#1"},"east":{"uv":[8.66667,11.33333,9.33333,12.66667],"texture":"#1"},"south":{"uv":[9.33333,11.33333,10,12.66667],"texture":"#1"},"west":{"uv":[10,11.33333,10.66667,12.66667],"texture":"#1"},"up":{"uv":[13.33333,4,12.66667,3.33333],"texture":"#1"}}},{"from":[7.4,2.5,7.4],"to":[8.6,3,8.6],"rotation":{"angle":0,"axis":"y","origin":[7,-3,7]},"faces":{"north":{"uv":[13.33333,1.33333,14,1.66667],"texture":"#1"},"east":{"uv":[13.33333,2,14,2.33333],"texture":"#1"},"south":{"uv":[2.66667,13.33333,3.33333,13.66667],"texture":"#1"},"west":{"uv":[13.33333,2.66667,14,3],"texture":"#1"},"up":{"uv":[4.66667,13.33333,4,12.66667],"texture":"#1"},"down":{"uv":[13.33333,4,12.66667,4.66667],"texture":"#1"}}},{"from":[7.4,5,7.4],"to":[8.6,5.5,8.6],"rotation":{"angle":0,"axis":"y","origin":[7,-0.5,7]},"faces":{"north":{"uv":[3.33333,13.33333,4,13.66667],"texture":"#1"},"east":{"uv":[13.33333,3.33333,14,3.66667],"texture":"#1"},"south":{"uv":[4,13.33333,4.66667,13.66667],"texture":"#1"},"west":{"uv":[13.33333,4,14,4.33333],"texture":"#1"},"up":{"uv":[13.33333,5.33333,12.66667,4.66667],"texture":"#1"},"down":{"uv":[13.33333,5.33333,12.66667,6],"texture":"#1"}}},{"from":[7.5,12,7.5],"to":[8.5,13,8.5],"rotation":{"angle":0,"axis":"y","origin":[6.5,5.5,6.5]},"faces":{"north":{"uv":[6,12.66667,6.66667,13.33333],"texture":"#1"},"east":{"uv":[12.66667,6,13.33333,6.66667],"texture":"#1"},"south":{"uv":[6.66667,12.66667,7.33333,13.33333],"texture":"#1"},"west":{"uv":[12.66667,6.66667,13.33333,7.33333],"texture":"#1"},"up":{"uv":[8,13.33333,7.33333,12.66667],"texture":"#1"}}},{"from":[7.4,11.5,7.4],"to":[8.6,12,8.6],"rotation":{"angle":0,"axis":"y","origin":[7,-0.5,7]},"faces":{"north":{"uv":[13.33333,4.66667,14,5],"texture":"#1"},"east":{"uv":[13.33333,5.33333,14,5.66667],"texture":"#1"},"south":{"uv":[6,13.33333,6.66667,13.66667],"texture":"#1"},"west":{"uv":[13.33333,6,14,6.33333],"texture":"#1"},"up":{"uv":[13.33333,8,12.66667,7.33333],"texture":"#1"},"down":{"uv":[8.66667,12.66667,8,13.33333],"texture":"#1"}}},{"from":[7.6,9.5,7.6],"to":[8.4,11.5,8.4],"rotation":{"angle":0,"axis":"y","origin":[6.5,3,6.5]},"faces":{"north":{"uv":[10.66667,11.33333,11.33333,12.66667],"texture":"#1"},"east":{"uv":[11.33333,11.33333,12,12.66667],"texture":"#1"},"south":{"uv":[0,12,0.66667,13.33333],"texture":"#1"},"west":{"uv":[12,0,12.66667,1.33333],"texture":"#1"},"up":{"uv":[13.33333,8.66667,12.66667,8],"texture":"#1"}}},{"from":[7.4,9,7.4],"to":[8.6,9.5,8.6],"rotation":{"angle":0,"axis":"y","origin":[7,-3,7]},"faces":{"north":{"uv":[6.66667,13.33333,7.33333,13.66667],"texture":"#1"},"east":{"uv":[13.33333,6.66667,14,7],"texture":"#1"},"south":{"uv":[7.33333,13.33333,8,13.66667],"texture":"#1"},"west":{"uv":[13.33333,7.33333,14,7.66667],"texture":"#1"},"up":{"uv":[9.33333,13.33333,8.66667,12.66667],"texture":"#1"},"down":{"uv":[13.33333,8.66667,12.66667,9.33333],"texture":"#1"}}},{"from":[7.5,8,7.5],"to":[8.5,9,8.5],"rotation":{"angle":0,"axis":"y","origin":[6.5,1.5,6.5]},"faces":{"north":{"uv":[9.33333,12.66667,10,13.33333],"texture":"#1"},"east":{"uv":[12.66667,9.33333,13.33333,10],"texture":"#1"},"south":{"uv":[10,12.66667,10.66667,13.33333],"texture":"#1"},"west":{"uv":[12.66667,10,13.33333,10.66667],"texture":"#1"},"up":{"uv":[11.33333,13.33333,10.66667,12.66667],"texture":"#1"}}},{"from":[7.25,6.25,7],"to":[8.75,8.25,9],"rotation":{"angle":-45,"axis":"x","origin":[8,7.25,8]},"faces":{"north":{"uv":[3.33333,10,4.33333,11.33333],"texture":"#1"},"east":{"uv":[9.33333,2,10.66667,3.33333],"texture":"#1"},"south":{"uv":[10,6,11,7.33333],"texture":"#1"},"west":{"uv":[9.33333,3.33333,10.66667,4.66667],"texture":"#1"},"up":{"uv":[7.66667,11.33333,6.66667,10],"texture":"#1"},"down":{"uv":[11,7.33333,10,8.66667],"texture":"#1"}}},{"from":[7,6.5,7.25],"to":[9,8,8.75],"rotation":{"angle":-45,"axis":"x","origin":[8,7.25,8]},"faces":{"north":{"uv":[8,10,9.33333,11],"texture":"#1"},"east":{"uv":[7.33333,11.33333,8.33333,12.33333],"texture":"#1"},"south":{"uv":[9.33333,10,10.66667,11],"texture":"#1"},"west":{"uv":[11.33333,7.33333,12.33333,8.33333],"texture":"#1"},"up":{"uv":[1.33333,11.66667,0,10.66667],"texture":"#1"},"down":{"uv":[12,1.33333,10.66667,2.33333],"texture":"#1"}}},{"from":[7.75,14,6],"to":[8.25,18,10],"rotation":{"angle":0,"axis":"y","origin":[16.73415,29.20454,17.97302]},"faces":{"north":{"uv":[0.66667,12,1,14.66667],"texture":"#1"},"east":{"uv":[0,3.33333,2.66667,6],"texture":"#1"},"south":{"uv":[1.33333,12,1.66667,14.66667],"texture":"#1"},"west":{"uv":[2.66667,3.33333,5.33333,6],"texture":"#1"},"up":{"uv":[12.33333,4,12,1.33333],"texture":"#1"},"down":{"uv":[5,12,4.66667,14.66667],"texture":"#1"}}},{"from":[8,18,6],"to":[8,19.5,10],"rotation":{"angle":0,"axis":"y","origin":[16.48415,33.20454,17.97302]},"faces":{"north":{"uv":[0,0,0,1],"texture":"#1"},"east":{"uv":[9.33333,8.66667,6.66667,9.66667],"texture":"#1"},"south":{"uv":[0,0,0,1],"texture":"#1"},"west":{"uv":[6.66667,8.66667,9.33333,9.66667],"texture":"#1"},"up":{"uv":[0,2.66667,0,0],"texture":"#1"},"down":{"uv":[0,0,0,2.66667],"texture":"#1"}}},{"from":[7.5,13,6],"to":[8.5,14,10],"rotation":{"angle":0,"axis":"y","origin":[16.98415,28.20454,17.97302]},"faces":{"north":{"uv":[13.33333,0,14,0.66667],"texture":"#1"},"east":{"uv":[9.33333,8.66667,12,9.33333],"texture":"#1"},"south":{"uv":[13.33333,0.66667,14,1.33333],"texture":"#1"},"west":{"uv":[9.33333,9.33333,12,10],"texture":"#1"},"up":{"uv":[2.66667,12.66667,2,10],"texture":"#1"},"down":{"uv":[3.33333,10,2.66667,12.66667],"texture":"#1"}}},{"from":[6.13,8.32555,8.44302],"to":[9.87,13.08555,11.50302],"rotation":{"angle":0,"axis":"x","origin":[8,11.25796,10.97819]},"faces":{"north":{"uv":[0,0,2.33333,3.33333],"texture":"#1"},"east":{"uv":[5.33333,0,7.33333,3.33333],"texture":"#1"},"south":{"uv":[2.66667,0,5,3.33333],"texture":"#1"},"west":{"uv":[5.33333,3.33333,7.33333,6.66667],"texture":"#1"},"up":{"uv":[2.33333,8,0,6],"texture":"#1"},"down":{"uv":[5,6,2.66667,8],"texture":"#1"}}},{"from":[6.81,9.55486,13.42282],"to":[9.19,9.55486,14.78282],"rotation":{"angle":45,"axis":"x","origin":[8,11.25796,10.97819]},"faces":{"north":{"uv":[0,0,1.66667,0],"texture":"#1"},"east":{"uv":[0,0,1,0],"texture":"#1"},"south":{"uv":[0,0,1.66667,0],"texture":"#1"},"west":{"uv":[0,0,1,0],"texture":"#1"},"up":{"uv":[11.66667,1,10,0],"texture":"#1"},"down":{"uv":[11.66667,4.66667,10,5.66667],"texture":"#1"}}},{"from":[5.32497,9.41658,8.78302],"to":[5.69897,12.81658,11.16302],"rotation":{"angle":-22.5,"axis":"z","origin":[5.51197,11.11658,9.97302]},"faces":{"north":{"uv":[5.33333,12,5.66667,14.33333],"texture":"#1"},"east":{"uv":[7.33333,2,9,4.33333],"texture":"#1"},"south":{"uv":[12,8.66667,12.33333,11],"texture":"#1"},"west":{"uv":[0,8,1.66667,10.33333],"texture":"#1"},"up":{"uv":[13,1.66667,12.66667,0],"texture":"#1"},"down":{"uv":[2.33333,12.66667,2,14.33333],"texture":"#1"}}},{"from":[10.30103,9.41658,8.78302],"to":[10.67503,12.81658,11.16302],"rotation":{"angle":22.5,"axis":"z","origin":[10.48803,11.11658,9.97302]},"faces":{"north":{"uv":[5.66667,12,5.33333,14.33333],"texture":"#1"},"east":{"uv":[1.66667,8,0,10.33333],"texture":"#1"},"south":{"uv":[12.33333,8.66667,12,11],"texture":"#1"},"west":{"uv":[9,2,7.33333,4.33333],"texture":"#1"},"up":{"uv":[12.66667,1.66667,13,0],"texture":"#1"},"down":{"uv":[2,12.66667,2.33333,14.33333],"texture":"#1"}}},{"from":[6.3,11.93805,10.01552],"to":[9.7,15.16805,12.73552],"rotation":{"angle":0,"axis":"x","origin":[8,11.25796,10.97819]},"faces":{"north":{"uv":[5.33333,6.66667,7.66667,8.66667],"texture":"#1"},"east":{"uv":[8,6.66667,9.66667,8.66667],"texture":"#1"},"south":{"uv":[7.33333,0,9.66667,2],"texture":"#1"},"west":{"uv":[4.66667,8.66667,6.33333,10.66667],"texture":"#1"},"up":{"uv":[9.66667,6.33333,7.33333,4.66667],"texture":"#1"},"down":{"uv":[4.33333,8,2,9.66667],"texture":"#1"}}},{"from":[7.388,15.16805,10.37252],"to":[8.612,16.18805,11.26852],"rotation":{"angle":0,"axis":"x","origin":[8,11.25796,10.97819]},"faces":{"north":{"uv":[12.66667,10.66667,13.33333,11.33333],"texture":"#1"},"east":{"uv":[11.33333,12.66667,12,13.33333],"texture":"#1"},"south":{"uv":[12.66667,11.33333,13.33333,12],"texture":"#1"},"west":{"uv":[12,12.66667,12.66667,13.33333],"texture":"#1"},"up":{"uv":[13.33333,12.66667,12.66667,12],"texture":"#1"}}},{"from":[6.64,7.77202,9.10015],"to":[7.41,8.88202,9.10015],"rotation":{"angle":-22.5,"axis":"x","origin":[8,11.25796,10.97819]},"faces":{"north":{"uv":[12.66667,12.66667,13.33333,13.33333],"texture":"#1"},"east":{"uv":[0,0,0,0.66667],"texture":"#1"},"south":{"uv":[0,13.33333,0.66667,14],"texture":"#1"},"west":{"uv":[0,0,0,0.66667],"texture":"#1"},"up":{"uv":[0.66667,0,0,0],"texture":"#1"},"down":{"uv":[0.66667,0,0,0],"texture":"#1"}}},{"from":[6.64,8.18887,13.48006],"to":[7.41,8.18887,14.84006],"rotation":{"angle":45,"axis":"x","origin":[8,11.25796,10.97819]},"faces":{"north":{"uv":[0,0,0.66667,0],"texture":"#1"},"east":{"uv":[0,0,1,0],"texture":"#1"},"south":{"uv":[0,0,0.66667,0],"texture":"#1"},"west":{"uv":[0,0,1,0],"texture":"#1"},"up":{"uv":[12.66667,5,12,4],"texture":"#1"},"down":{"uv":[12.66667,11.33333,12,12.33333],"texture":"#1"}}},{"from":[8.59,7.77202,9.10015],"to":[9.36,8.88202,9.10015],"rotation":{"angle":-22.5,"axis":"x","origin":[8,11.25796,10.97819]},"faces":{"north":{"uv":[13.33333,12.66667,12.66667,13.33333],"texture":"#1"},"east":{"uv":[0,0,0,0.66667],"texture":"#1"},"south":{"uv":[0.66667,13.33333,0,14],"texture":"#1"},"west":{"uv":[0,0,0,0.66667],"texture":"#1"},"up":{"uv":[0,0,0.66667,0],"texture":"#1"},"down":{"uv":[0,0,0.66667,0],"texture":"#1"}}},{"from":[8.59,8.18887,13.48006],"to":[9.36,8.18887,14.84006],"rotation":{"angle":45,"axis":"x","origin":[8,11.25796,10.97819]},"faces":{"north":{"uv":[0.66667,0,0,0],"texture":"#1"},"east":{"uv":[1,0,0,0],"texture":"#1"},"south":{"uv":[0.66667,0,0,0],"texture":"#1"},"west":{"uv":[1,0,0,0],"texture":"#1"},"up":{"uv":[12,5,12.66667,4],"texture":"#1"},"down":{"uv":[12,11.33333,12.66667,12.33333],"texture":"#1"}}}],"gui_light":"front","display":{"thirdperson_righthand":{"translation":[0,1.75,0.75],"scale":[0.86719,0.86719,0.86719]},"thirdperson_lefthand":{"translation":[0,1.75,0.75],"scale":[0.86719,0.86719,0.86719]},"firstperson_righthand":{"rotation":[-5,21,0],"translation":[-0.75,4,1]},"firstperson_lefthand":{"rotation":[-5,21,0],"translation":[-0.75,4,1]},"ground":{"rotation":[-40,0,0],"translation":[0,6.25,1.25]},"gui":{"rotation":[-90,45,90],"translation":[1.25,-1.25,0]},"head":{"scale":[0,0,0]},"fixed":{"rotation":[90,-135,90],"translation":[-1.5,-1.5,-1.25]}},"groups":[0,1,2,3,4,5,6,7,8,9,10,11,12,13,14,15,{"name":"group","origin":[10.48415,10.20454,11.47302],"color":0,"children":[16,17,18,19,20,21,22,23,24,25]}]}