{
	"credit": "Made by Nog's Menagerie",
	"texture_size": [64, 64],
	"textures": {
		"0": "nogs_menagerie:plushies/nm_plushie_shulker_texture",
		"particle": "nogs_menagerie:plushies/nm_plushie_shulker_texture"
	},
	"elements": [
		{
			"name": "head",
			"from": [5.5, 1.88582, 6.27403],
			"to": [10.5, 6.88582, 11.27403],
			"rotation": {"angle": 22.5, "axis": "x", "origin": [8, 4.88582, 8.57403]},
			"faces": {
				"north": {"uv": [0, 4, 1.25, 5.25], "texture": "#0"},
				"east": {"uv": [4, 0, 5.25, 1.25], "texture": "#0"},
				"south": {"uv": [1.25, 4, 2.5, 5.25], "texture": "#0"},
				"west": {"uv": [4, 1.25, 5.25, 2.5], "texture": "#0"},
				"up": {"uv": [3.75, 5.25, 2.5, 4], "texture": "#0"},
				"down": {"uv": [5.25, 2.5, 4, 3.75], "texture": "#0"}
			}
		},
		{
			"name": "torso",
			"from": [4, 0, 4],
			"to": [12, 1, 12],
			"rotation": {"angle": 0, "axis": "y", "origin": [8, 3.5, 8]},
			"faces": {
				"north": {"uv": [1.5, 6, 3.5, 6.25], "texture": "#0"},
				"east": {"uv": [3.5, 6, 5.5, 6.25], "texture": "#0"},
				"south": {"uv": [5.5, 6, 7.5, 6.25], "texture": "#0"},
				"west": {"uv": [1.5, 6.25, 3.5, 6.5], "texture": "#0"},
				"up": {"uv": [2, 2, 0, 0], "texture": "#0"},
				"down": {"uv": [2, 2, 0, 4], "texture": "#0"}
			}
		},
		{
			"name": "torso",
			"from": [4, 1, 4],
			"to": [5, 3, 12],
			"rotation": {"angle": 0, "axis": "y", "origin": [8, 3.5, 8]},
			"faces": {
				"north": {"uv": [0, 7.5, 0.25, 8], "texture": "#0"},
				"east": {"uv": [5.25, 3, 7.25, 3.5], "texture": "#0"},
				"south": {"uv": [7.5, 0, 7.75, 0.5], "texture": "#0"},
				"west": {"uv": [5.25, 3.5, 7.25, 4], "texture": "#0"},
				"up": {"uv": [3.75, 8.25, 3.5, 6.25], "texture": "#0"},
				"down": {"uv": [4, 6.25, 3.75, 8.25], "texture": "#0"}
			}
		},
		{
			"name": "torso",
			"from": [4, 3, 6],
			"to": [5, 5, 10],
			"rotation": {"angle": 0, "axis": "y", "origin": [8, 3.5, 8]},
			"faces": {
				"north": {"uv": [0.25, 7.5, 0.5, 8], "texture": "#0"},
				"east": {"uv": [4, 6.25, 5, 6.75], "texture": "#0"},
				"south": {"uv": [0.5, 7.5, 0.75, 8], "texture": "#0"},
				"west": {"uv": [5, 6.25, 6, 6.75], "texture": "#0"},
				"up": {"uv": [2.75, 7.75, 2.5, 6.75], "texture": "#0"},
				"down": {"uv": [3, 6.75, 2.75, 7.75], "texture": "#0"}
			}
		},
		{
			"name": "torso",
			"from": [11, 3, 6],
			"to": [12, 5, 10],
			"rotation": {"angle": 0, "axis": "y", "origin": [8, 3.5, 8]},
			"faces": {
				"north": {"uv": [0.75, 7.5, 1, 8], "texture": "#0"},
				"east": {"uv": [6, 6.25, 7, 6.75], "texture": "#0"},
				"south": {"uv": [7.5, 3, 7.75, 3.5], "texture": "#0"},
				"west": {"uv": [0, 6.5, 1, 7], "texture": "#0"},
				"up": {"uv": [3.25, 7.75, 3, 6.75], "texture": "#0"},
				"down": {"uv": [3.5, 6.75, 3.25, 7.75], "texture": "#0"}
			}
		},
		{
			"name": "torso",
			"from": [11, 1, 4],
			"to": [12, 3, 12],
			"rotation": {"angle": 0, "axis": "y", "origin": [8, 3.5, 8]},
			"faces": {
				"north": {"uv": [7.5, 3.5, 7.75, 4], "texture": "#0"},
				"east": {"uv": [3.5, 5.5, 5.5, 6], "texture": "#0"},
				"south": {"uv": [4, 7.5, 4.25, 8], "texture": "#0"},
				"west": {"uv": [5.5, 5.5, 7.5, 6], "texture": "#0"},
				"up": {"uv": [1.25, 8.5, 1, 6.5], "texture": "#0"},
				"down": {"uv": [1.5, 6.5, 1.25, 8.5], "texture": "#0"}
			}
		},
		{
			"name": "torso",
			"from": [5, 1, 11],
			"to": [11, 3, 12],
			"rotation": {"angle": 0, "axis": "y", "origin": [8, 3.5, 8]},
			"faces": {
				"north": {"uv": [5.75, 4, 7.25, 4.5], "texture": "#0"},
				"east": {"uv": [7.5, 4, 7.75, 4.5], "texture": "#0"},
				"south": {"uv": [5.75, 4.5, 7.25, 5], "texture": "#0"},
				"west": {"uv": [4.25, 7.5, 4.5, 8], "texture": "#0"},
				"up": {"uv": [8.25, 1.75, 6.75, 1.5], "texture": "#0"},
				"down": {"uv": [8.25, 1.75, 6.75, 2], "texture": "#0"}
			}
		},
		{
			"name": "torso",
			"from": [5, 1, 4],
			"to": [11, 3, 5],
			"rotation": {"angle": 0, "axis": "y", "origin": [8, 3.5, 8]},
			"faces": {
				"north": {"uv": [5.75, 5, 7.25, 5.5], "texture": "#0"},
				"east": {"uv": [4.5, 7.5, 4.75, 8], "texture": "#0"},
				"south": {"uv": [0, 6, 1.5, 6.5], "texture": "#0"},
				"west": {"uv": [7.5, 4.5, 7.75, 5], "texture": "#0"},
				"up": {"uv": [8.25, 2.25, 6.75, 2], "texture": "#0"},
				"down": {"uv": [8.25, 2.25, 6.75, 2.5], "texture": "#0"}
			}
		},
		{
			"name": "torso",
			"from": [4, 9.13376, 5.98934],
			"to": [12, 10.13376, 13.98934],
			"rotation": {"angle": 45, "axis": "x", "origin": [8, 6.59359, 9.09207]},
			"faces": {
				"north": {"uv": [1.5, 6.5, 3.5, 6.75], "texture": "#0"},
				"east": {"uv": [6.75, 0.75, 8.75, 1], "texture": "#0"},
				"south": {"uv": [6.75, 1, 8.75, 1.25], "texture": "#0"},
				"west": {"uv": [6.75, 1.25, 8.75, 1.5], "texture": "#0"},
				"up": {"uv": [4, 2, 2, 0], "texture": "#0"},
				"down": {"uv": [4, 2, 2, 4], "texture": "#0"}
			}
		},
		{
			"name": "torso",
			"from": [4, 6.13376, 5.98934],
			"to": [5, 9.13376, 13.98934],
			"rotation": {"angle": 45, "axis": "x", "origin": [8, 6.59359, 9.09207]},
			"faces": {
				"north": {"uv": [6.5, 7, 6.75, 7.75], "texture": "#0"},
				"east": {"uv": [3.75, 4, 5.75, 4.75], "texture": "#0"},
				"south": {"uv": [6.75, 7, 7, 7.75], "texture": "#0"},
				"west": {"uv": [3.75, 4.75, 5.75, 5.5], "texture": "#0"},
				"up": {"uv": [1.75, 8.75, 1.5, 6.75], "texture": "#0"},
				"down": {"uv": [2, 6.75, 1.75, 8.75], "texture": "#0"}
			}
		},
		{
			"name": "torso",
			"from": [4.025, 4.13376, 12.98934],
			"to": [6.025, 6.13376, 13.98934],
			"rotation": {"angle": 45, "axis": "x", "origin": [8, 6.59359, 9.09207]},
			"faces": {
				"north": {"uv": [0, 7, 0.5, 7.5], "texture": "#0"},
				"east": {"uv": [4.75, 7.5, 5, 8], "texture": "#0"},
				"south": {"uv": [0.5, 7, 1, 7.5], "texture": "#0"},
				"west": {"uv": [5, 7.5, 5.25, 8], "texture": "#0"},
				"up": {"uv": [4.5, 4, 4, 3.75], "texture": "#0"},
				"down": {"uv": [5, 3.75, 4.5, 4], "texture": "#0"}
			}
		},
		{
			"name": "torso",
			"from": [4, 4.13376, 5.98934],
			"to": [6, 6.13376, 6.98934],
			"rotation": {"angle": 45, "axis": "x", "origin": [8, 6.59359, 9.09207]},
			"faces": {
				"north": {"uv": [4, 7, 4.5, 7.5], "texture": "#0"},
				"east": {"uv": [7.5, 5, 7.75, 5.5], "texture": "#0"},
				"south": {"uv": [4.5, 7, 5, 7.5], "texture": "#0"},
				"west": {"uv": [5.25, 7.5, 5.5, 8], "texture": "#0"},
				"up": {"uv": [8, 0.75, 7.5, 0.5], "texture": "#0"},
				"down": {"uv": [6, 7.5, 5.5, 7.75], "texture": "#0"}
			}
		},
		{
			"name": "torso",
			"from": [4, 4.13376, 6.98934],
			"to": [5, 6.13376, 7.98934],
			"rotation": {"angle": 45, "axis": "x", "origin": [8, 6.59359, 9.09207]},
			"faces": {
				"north": {"uv": [7.5, 5.5, 7.75, 6], "texture": "#0"},
				"east": {"uv": [6, 7.5, 6.25, 8], "texture": "#0"},
				"south": {"uv": [7.5, 6, 7.75, 6.5], "texture": "#0"},
				"west": {"uv": [6.25, 7.5, 6.5, 8], "texture": "#0"},
				"up": {"uv": [5.25, 4, 5, 3.75], "texture": "#0"},
				"down": {"uv": [3.75, 5.25, 3.5, 5.5], "texture": "#0"}
			}
		},
		{
			"name": "torso",
			"from": [4.025, 4.13376, 11.98934],
			"to": [5.025, 6.13376, 12.98934],
			"rotation": {"angle": 45, "axis": "x", "origin": [8, 6.59359, 9.09207]},
			"faces": {
				"north": {"uv": [7.5, 6.5, 7.75, 7], "texture": "#0"},
				"east": {"uv": [7, 7.5, 7.25, 8], "texture": "#0"},
				"south": {"uv": [7.5, 7, 7.75, 7.5], "texture": "#0"},
				"west": {"uv": [7.25, 7.5, 7.5, 8], "texture": "#0"},
				"up": {"uv": [7.5, 5.5, 7.25, 5.25], "texture": "#0"},
				"down": {"uv": [6, 7.75, 5.75, 8], "texture": "#0"}
			}
		},
		{
			"name": "torso",
			"from": [10.975, 4.13376, 11.98934],
			"to": [11.975, 6.13376, 12.98934],
			"rotation": {"angle": 45, "axis": "x", "origin": [8, 6.59359, 9.09207]},
			"faces": {
				"north": {"uv": [7.5, 7.5, 7.75, 8], "texture": "#0"},
				"east": {"uv": [7.75, 0, 8, 0.5], "texture": "#0"},
				"south": {"uv": [2.5, 7.75, 2.75, 8.25], "texture": "#0"},
				"west": {"uv": [2.75, 7.75, 3, 8.25], "texture": "#0"},
				"up": {"uv": [6.75, 8, 6.5, 7.75], "texture": "#0"},
				"down": {"uv": [8, 6.5, 7.75, 6.75], "texture": "#0"}
			}
		},
		{
			"name": "torso",
			"from": [9.975, 4.13376, 12.98934],
			"to": [11.975, 6.13376, 13.98934],
			"rotation": {"angle": 45, "axis": "x", "origin": [8, 6.59359, 9.09207]},
			"faces": {
				"north": {"uv": [5, 7, 5.5, 7.5], "texture": "#0"},
				"east": {"uv": [3, 7.75, 3.25, 8.25], "texture": "#0"},
				"south": {"uv": [5.5, 7, 6, 7.5], "texture": "#0"},
				"west": {"uv": [7.75, 3, 8, 3.5], "texture": "#0"},
				"up": {"uv": [8.25, 3.75, 7.75, 3.5], "texture": "#0"},
				"down": {"uv": [8.25, 3.75, 7.75, 4], "texture": "#0"}
			}
		},
		{
			"name": "torso",
			"from": [11, 4.13376, 6.98934],
			"to": [12, 6.13376, 7.98934],
			"rotation": {"angle": 45, "axis": "x", "origin": [8, 6.59359, 9.09207]},
			"faces": {
				"north": {"uv": [3.25, 7.75, 3.5, 8.25], "texture": "#0"},
				"east": {"uv": [7.75, 4, 8, 4.5], "texture": "#0"},
				"south": {"uv": [7.75, 4.5, 8, 5], "texture": "#0"},
				"west": {"uv": [7.75, 5, 8, 5.5], "texture": "#0"},
				"up": {"uv": [7, 8, 6.75, 7.75], "texture": "#0"},
				"down": {"uv": [8, 6.75, 7.75, 7], "texture": "#0"}
			}
		},
		{
			"name": "torso",
			"from": [10, 4.13376, 5.98934],
			"to": [12, 6.13376, 6.98934],
			"rotation": {"angle": 45, "axis": "x", "origin": [8, 6.59359, 9.09207]},
			"faces": {
				"north": {"uv": [6, 7, 6.5, 7.5], "texture": "#0"},
				"east": {"uv": [5.5, 7.75, 5.75, 8.25], "texture": "#0"},
				"south": {"uv": [7, 6.25, 7.5, 6.75], "texture": "#0"},
				"west": {"uv": [7.75, 5.5, 8, 6], "texture": "#0"},
				"up": {"uv": [8.25, 6.25, 7.75, 6], "texture": "#0"},
				"down": {"uv": [8.25, 6.25, 7.75, 6.5], "texture": "#0"}
			}
		},
		{
			"name": "torso",
			"from": [11, 6.13376, 5.98934],
			"to": [12, 9.13376, 13.98934],
			"rotation": {"angle": 45, "axis": "x", "origin": [8, 6.59359, 9.09207]},
			"faces": {
				"north": {"uv": [7, 6.75, 7.25, 7.5], "texture": "#0"},
				"east": {"uv": [0, 5.25, 2, 6], "texture": "#0"},
				"south": {"uv": [7.25, 0, 7.5, 0.75], "texture": "#0"},
				"west": {"uv": [5.25, 0, 7.25, 0.75], "texture": "#0"},
				"up": {"uv": [2.25, 8.75, 2, 6.75], "texture": "#0"},
				"down": {"uv": [2.5, 6.75, 2.25, 8.75], "texture": "#0"}
			}
		},
		{
			"name": "torso",
			"from": [5, 6.13376, 12.98934],
			"to": [11, 9.13376, 13.98934],
			"rotation": {"angle": 45, "axis": "x", "origin": [8, 6.59359, 9.09207]},
			"faces": {
				"north": {"uv": [5.25, 0.75, 6.75, 1.5], "texture": "#0"},
				"east": {"uv": [7.25, 3, 7.5, 3.75], "texture": "#0"},
				"south": {"uv": [5.25, 1.5, 6.75, 2.25], "texture": "#0"},
				"west": {"uv": [7.25, 3.75, 7.5, 4.5], "texture": "#0"},
				"up": {"uv": [8.25, 2.75, 6.75, 2.5], "texture": "#0"},
				"down": {"uv": [8.25, 2.75, 6.75, 3], "texture": "#0"}
			}
		},
		{
			"name": "torso",
			"from": [5, 6.13376, 5.98934],
			"to": [11, 9.13376, 6.98934],
			"rotation": {"angle": 45, "axis": "x", "origin": [8, 6.59359, 9.09207]},
			"faces": {
				"north": {"uv": [2, 5.25, 3.5, 6], "texture": "#0"},
				"east": {"uv": [7.25, 4.5, 7.5, 5.25], "texture": "#0"},
				"south": {"uv": [5.25, 2.25, 6.75, 3], "texture": "#0"},
				"west": {"uv": [7.25, 6.75, 7.5, 7.5], "texture": "#0"},
				"up": {"uv": [5.5, 7, 4, 6.75], "texture": "#0"},
				"down": {"uv": [7, 6.75, 5.5, 7], "texture": "#0"}
			}
		}
	],
	"display": {
		"thirdperson_righthand": {
			"rotation": [71, 43, 0],
			"translation": [-1.25, 1.25, 1],
			"scale": [0.71, 0.71, 0.71]
		},
		"thirdperson_lefthand": {
			"rotation": [71, 43, 0],
			"translation": [-1.25, 1.25, 1],
			"scale": [0.71, 0.71, 0.71]
		},
		"firstperson_righthand": {
			"rotation": [0, 109, 5],
			"translation": [3.25, 6.5, 0],
			"scale": [0.72, 0.72, 0.72]
		},
		"firstperson_lefthand": {
			"rotation": [0, 109, 5],
			"translation": [3.25, 6.5, 0],
			"scale": [0.72, 0.72, 0.72]
		},
		"ground": {
			"translation": [0, 3.5, 0],
			"scale": [0.65, 0.65, 0.65]
		},
		"gui": {
			"rotation": [25, 151, 0],
			"translation": [-0.25, 2.25, 0],
			"scale": [0.74, 0.74, 0.74]
		},
		"head": {
			"translation": [0, 14.4, 0]
		},
		"fixed": {
			"rotation": [-90, 0, 0],
			"translation": [0, 0.5, -13.5],
			"scale": [1.7, 1.7, 1.7]
		}
	},
	"groups": [
		{
			"name": "nm_plushie_shulker",
			"origin": [8, 8, 8],
			"color": 0,
			"children": [
				0,
				{
					"name": "base",
					"origin": [8, 3.5, 8.5],
					"color": 0,
					"children": [1, 2, 3, 4, 5, 6, 7]
				},
				{
					"name": "top",
					"origin": [8, 3.5, 8.5],
					"color": 0,
					"children": [8, 9, 10, 11, 12, 13, 14, 15, 16, 17, 18, 19, 20]
				}
			]
		}
	]
}