{"credit":"Made by Nog's Menagerie","texture_size":[32,32],"textures":{"0":"nogs_menagerie:plushies/nm_plushie_tropical_fish_texture","particle":"nogs_menagerie:plushies/nm_plushie_tropical_fish_texture"},"elements":[{"name":"torso","from":[7,0,5],"to":[9,5,11],"rotation":{"angle":0,"axis":"y","origin":[8,2.0045,7.60355]},"faces":{"north":{"uv":[3,5,4,7.5],"texture":"#0"},"east":{"uv":[0,0,3,2.5],"texture":"#0"},"south":{"uv":[5.5,1,6.5,3.5],"texture":"#0"},"west":{"uv":[0,2.5,3,5],"texture":"#0"},"up":{"uv":[5.5,3,4.5,0],"texture":"#0"},"down":{"uv":[5.5,3,4.5,6],"texture":"#0"}}},{"name":"torso","from":[8,0,11],"to":[8,5,14],"rotation":{"angle":0,"axis":"y","origin":[8,2.0045,13.60355]},"faces":{"north":{"uv":[0,0,0,2.5],"texture":"#0"},"east":{"uv":[3,0,4.5,2.5],"texture":"#0"},"south":{"uv":[0,0,0,2.5],"texture":"#0"},"west":{"uv":[3,2.5,4.5,5],"texture":"#0"},"up":{"uv":[0,1.5,0,0],"texture":"#0"},"down":{"uv":[0,0,0,1.5],"texture":"#0"}}},{"name":"torso","from":[8,5,5],"to":[8,7,11],"rotation":{"angle":0,"axis":"y","origin":[8,4.0045,7.60355]},"faces":{"north":{"uv":[0,0,0,1],"texture":"#0"},"east":{"uv":[0,5,3,6],"texture":"#0"},"south":{"uv":[0,0,0,1],"texture":"#0"},"west":{"uv":[5.5,0,8.5,1],"texture":"#0"},"up":{"uv":[0,3,0,0],"texture":"#0"},"down":{"uv":[0,0,0,3],"texture":"#0"}}},{"name":"torso","from":[9.38176,0.07574,8],"to":[9.38176,2.07574,10],"rotation":{"angle":22.5,"axis":"z","origin":[9.38176,1.07574,9]},"faces":{"north":{"uv":[0,0,0,1],"texture":"#0"},"east":{"uv":[5.5,3.5,6.5,4.5],"texture":"#0"},"south":{"uv":[0,0,0,1],"texture":"#0"},"west":{"uv":[5.5,4.5,6.5,5.5],"texture":"#0"},"up":{"uv":[0,1,0,0],"texture":"#0"},"down":{"uv":[0,0,0,1],"texture":"#0"}}},{"name":"torso","from":[6.61824,0.07574,8],"to":[6.61824,2.07574,10],"rotation":{"angle":-22.5,"axis":"z","origin":[6.61824,1.07574,9]},"faces":{"north":{"uv":[0,0,0,1],"texture":"#0"},"east":{"uv":[5.5,5.5,6.5,6.5],"texture":"#0"},"south":{"uv":[0,0,0,1],"texture":"#0"},"west":{"uv":[0,6,1,7],"texture":"#0"},"up":{"uv":[0,1,0,0],"texture":"#0"},"down":{"uv":[0,0,0,1],"texture":"#0"}}}],"gui_light":"front","display":{"thirdperson_righthand":{"rotation":[24,13,0],"translation":[0,2.5,-0.5],"scale":[0.6,0.6,0.6]},"thirdperson_lefthand":{"rotation":[24,13,0],"translation":[0,2.5,-0.5],"scale":[0.6,0.6,0.6]},"firstperson_righthand":{"rotation":[0,109,5],"translation":[3.5,8.75,0],"scale":[0.99,0.99,0.99]},"firstperson_lefthand":{"rotation":[0,109,5],"translation":[3.5,8.75,0],"scale":[0.99,0.99,0.99]},"ground":{"translation":[0,3.5,0],"scale":[0.65,0.65,0.65]},"gui":{"rotation":[25,151,0],"translation":[0,5,0],"scale":[1.2,1.2,1.2]},"head":{"translation":[0,14.4,0]},"fixed":{"rotation":[-90,0,0],"translation":[1,-1.5,-13.5],"scale":[1.7,1.7,1.7]}},"groups":[{"name":"base","origin":[8,8,8],"color":0,"nbt":"{}","children":[0,{"name":"group","origin":[8.29289,4.5,8.70711],"color":0,"nbt":"{}","children":[1,2,3,4]}]}],"mcmodels":"941f15a6e864b3b0388af6691c7604cb"}