{
	"credit": "Made by Nog's Menagerie",
	"texture_size": [32, 32],
	"textures": {
		"0": "nogs_menagerie:plushies/nm_plushie_cat_jellie_texture",
		"particle": "nogs_menagerie:plushies/nm_plushie_cat_jellie_texture"
	},
	"elements": [
		{
			"name": "torso",
			"from": [6, 0.5, 5.25],
			"to": [10, 6.5, 9.25],
			"rotation": {"angle": -22.5, "axis": "x", "origin": [8, 4, 7.25]},
			"faces": {
				"north": {"uv": [0, 3, 2, 6], "texture": "#0"},
				"east": {"uv": [2, 3, 4, 6], "texture": "#0"},
				"south": {"uv": [4, 3, 6, 6], "texture": "#0"},
				"west": {"uv": [5, 0, 7, 3], "texture": "#0"},
				"up": {"uv": [9, 2, 7, 0], "texture": "#0"},
				"down": {"uv": [8, 7, 6, 9], "texture": "#0"}
			}
		},
		{
			"name": "tail",
			"from": [7, 0.00105, 6.74163],
			"to": [9, 2.00105, 12.74163],
			"rotation": {"angle": 0, "axis": "y", "origin": [8, 2.00105, 10.24163]},
			"faces": {
				"north": {"uv": [11, 5.5, 12, 6.5], "texture": "#0"},
				"east": {"uv": [7, 2, 10, 3], "texture": "#0"},
				"south": {"uv": [11, 8.5, 12, 9.5], "texture": "#0"},
				"west": {"uv": [0, 8, 3, 9], "texture": "#0"},
				"up": {"uv": [4, 11, 3, 8], "texture": "#0"},
				"down": {"uv": [5, 8, 4, 11], "texture": "#0"}
			}
		},
		{
			"name": "tail",
			"from": [7.025, 1.26433, 12.09253],
			"to": [8.975, 3.26433, 16.09253],
			"rotation": {"angle": -22.5, "axis": "x", "origin": [8, 2.26433, 15.59253]},
			"faces": {
				"north": {"uv": [11, 9.5, 12, 10.5], "texture": "#0"},
				"east": {"uv": [10.5, 3.5, 12.5, 4.5], "texture": "#0"},
				"south": {"uv": [11, 10.5, 12, 11.5], "texture": "#0"},
				"west": {"uv": [10.5, 4.5, 12.5, 5.5], "texture": "#0"},
				"up": {"uv": [6, 12.5, 5, 10.5], "texture": "#0"},
				"down": {"uv": [11.5, 6.5, 10.5, 8.5], "texture": "#0"}
			}
		},
		{
			"name": "head",
			"from": [5.5, 5.85, 2.35],
			"to": [10.5, 9.85, 8.35],
			"rotation": {"angle": -22.5, "axis": "x", "origin": [8, 7.5, 6.25]},
			"faces": {
				"north": {"uv": [6, 3, 8.5, 5], "texture": "#0"},
				"east": {"uv": [0, 6, 3, 8], "texture": "#0"},
				"south": {"uv": [6, 5, 8.5, 7], "texture": "#0"},
				"west": {"uv": [3, 6, 6, 8], "texture": "#0"},
				"up": {"uv": [2.5, 3, 0, 0], "texture": "#0"},
				"down": {"uv": [5, 0, 2.5, 3], "texture": "#0"}
			}
		},
		{
			"name": "head",
			"from": [9.25, 9.85, 5.35],
			"to": [10.25, 10.85, 7.35],
			"rotation": {"angle": -22.5, "axis": "x", "origin": [8, 7.5, 6.25]},
			"faces": {
				"north": {"uv": [10, 6.5, 10.5, 7], "texture": "#0"},
				"east": {"uv": [7, 11.5, 8, 12], "texture": "#0"},
				"south": {"uv": [10.5, 8.5, 11, 9], "texture": "#0"},
				"west": {"uv": [11.5, 7.5, 12.5, 8], "texture": "#0"},
				"up": {"uv": [10.5, 3, 10, 2], "texture": "#0"},
				"down": {"uv": [5, 11, 4.5, 12], "texture": "#0"}
			}
		},
		{
			"name": "head",
			"from": [5.75, 9.85, 5.35],
			"to": [6.75, 10.85, 7.35],
			"rotation": {"angle": -22.5, "axis": "x", "origin": [8, 7.5, 6.25]},
			"faces": {
				"north": {"uv": [11, 11.5, 11.5, 12], "texture": "#0"},
				"east": {"uv": [8, 11.5, 9, 12], "texture": "#0"},
				"south": {"uv": [11.5, 11.5, 12, 12], "texture": "#0"},
				"west": {"uv": [11.5, 8, 12.5, 8.5], "texture": "#0"},
				"up": {"uv": [9.5, 12.5, 9, 11.5], "texture": "#0"},
				"down": {"uv": [10, 11.5, 9.5, 12.5], "texture": "#0"}
			}
		},
		{
			"name": "head",
			"from": [6.5, 5.85, 1.35],
			"to": [9.5, 7.85, 2.35],
			"rotation": {"angle": -22.5, "axis": "x", "origin": [8, 7.5, 6.25]},
			"faces": {
				"north": {"uv": [9, 1, 10.5, 2], "texture": "#0"},
				"east": {"uv": [10, 11.5, 10.5, 12.5], "texture": "#0"},
				"south": {"uv": [3, 11, 4.5, 12], "texture": "#0"},
				"west": {"uv": [10.5, 11.5, 11, 12.5], "texture": "#0"},
				"up": {"uv": [10, 7, 8.5, 6.5], "texture": "#0"},
				"down": {"uv": [13, 3, 11.5, 3.5], "texture": "#0"}
			}
		},
		{
			"name": "leg_leg",
			"from": [4.055, 0.01, 4.73335],
			"to": [6.055, 2.01, 9.73335],
			"rotation": {"angle": 45, "axis": "y", "origin": [5.555, 1.01, 5.53335]},
			"faces": {
				"north": {"uv": [0, 11.5, 1, 12.5], "texture": "#0"},
				"east": {"uv": [8, 7, 10.5, 8], "texture": "#0"},
				"south": {"uv": [11.5, 0, 12.5, 1], "texture": "#0"},
				"west": {"uv": [8, 8, 10.5, 9], "texture": "#0"},
				"up": {"uv": [6, 10.5, 5, 8], "texture": "#0"},
				"down": {"uv": [9.5, 3, 8.5, 5.5], "texture": "#0"}
			}
		},
		{
			"name": "left_arm",
			"from": [8.96456, 0.2795, 3.98701],
			"to": [10.71456, 5.2795, 5.73701],
			"rotation": {"angle": 22.5, "axis": "x", "origin": [8, 3.0295, 4.48701]},
			"faces": {
				"north": {"uv": [0, 9, 1, 11.5], "texture": "#0"},
				"east": {"uv": [1, 9, 2, 11.5], "texture": "#0"},
				"south": {"uv": [2, 9, 3, 11.5], "texture": "#0"},
				"west": {"uv": [6, 9, 7, 11.5], "texture": "#0"},
				"up": {"uv": [2, 12.5, 1, 11.5], "texture": "#0"},
				"down": {"uv": [12.5, 1, 11.5, 2], "texture": "#0"}
			}
		},
		{
			"name": "left_arm",
			"from": [5.28544, 0.2795, 3.98701],
			"to": [7.03544, 5.2795, 5.73701],
			"rotation": {"angle": 22.5, "axis": "x", "origin": [8, 3.0295, 4.48701]},
			"faces": {
				"north": {"uv": [7, 9, 8, 11.5], "texture": "#0"},
				"east": {"uv": [8, 9, 9, 11.5], "texture": "#0"},
				"south": {"uv": [9, 9, 10, 11.5], "texture": "#0"},
				"west": {"uv": [9.5, 3, 10.5, 5.5], "texture": "#0"},
				"up": {"uv": [3, 12.5, 2, 11.5], "texture": "#0"},
				"down": {"uv": [12.5, 2, 11.5, 3], "texture": "#0"}
			}
		},
		{
			"name": "leg_leg",
			"from": [9.945, 0.01, 4.73335],
			"to": [11.945, 2.01, 9.73335],
			"rotation": {"angle": -45, "axis": "y", "origin": [10.445, 1.01, 5.53335]},
			"faces": {
				"north": {"uv": [6, 11.5, 7, 12.5], "texture": "#0"},
				"east": {"uv": [8.5, 5.5, 11, 6.5], "texture": "#0"},
				"south": {"uv": [11.5, 6.5, 12.5, 7.5], "texture": "#0"},
				"west": {"uv": [9, 0, 11.5, 1], "texture": "#0"},
				"up": {"uv": [11, 11.5, 10, 9], "texture": "#0"},
				"down": {"uv": [11.5, 1, 10.5, 3.5], "texture": "#0"}
			}
		}
	],
	"display": {
		"thirdperson_righthand": {
			"rotation": [71, 43, 0],
			"translation": [0, 0.75, 3.25],
			"scale": [0.86, 0.86, 0.86]
		},
		"thirdperson_lefthand": {
			"rotation": [71, 43, 0],
			"translation": [0, 0.75, 3.25],
			"scale": [0.86, 0.86, 0.86]
		},
		"firstperson_righthand": {
			"rotation": [0, 109, 5],
			"translation": [2.75, 8, 0],
			"scale": [0.92, 0.92, 0.92]
		},
		"firstperson_lefthand": {
			"rotation": [0, 109, 5],
			"translation": [2.75, 8, 0],
			"scale": [0.92, 0.92, 0.92]
		},
		"ground": {
			"translation": [0, 3.5, 0],
			"scale": [0.65, 0.65, 0.65]
		},
		"gui": {
			"rotation": [25, 151, 0],
			"translation": [0.75, 3, 0],
			"scale": [0.93, 0.93, 0.93]
		},
		"head": {
			"translation": [0, 14.4, 0]
		},
		"fixed": {
			"rotation": [-90, 0, 0],
			"translation": [0, 0, -13.5],
			"scale": [1.7, 1.7, 1.7]
		}
	},
	"groups": [
		{
			"name": "nm_plushie_cat_jellie",
			"origin": [8, 8, 8],
			"color": 0,
			"children": [0, 1, 2, 3, 4, 5, 6, 7, 8, 9, 10]
		}
	]
}