{
	"credit": "Made by Nog's Menagerie",
	"texture_size": [64, 64],
	"textures": {
		"0": "nogs_menagerie:plushies/nm_plushie_horse_texture",
		"particle": "nogs_menagerie:plushies/nm_plushie_horse_texture"
	},
	"elements": [
		{
			"name": "head",
			"from": [6.5, 2.31453, 2.41582],
			"to": [9.5, 6.31453, 6.41582],
			"rotation": {"angle": -22.5, "axis": "x", "origin": [8, 6.06453, 4.41582]},
			"faces": {
				"north": {"uv": [2, 4.75, 2.75, 5.75], "texture": "#0"},
				"east": {"uv": [4.5, 0, 5.5, 1], "texture": "#0"},
				"south": {"uv": [2.75, 4.75, 3.5, 5.75], "texture": "#0"},
				"west": {"uv": [4.5, 1, 5.5, 2], "texture": "#0"},
				"up": {"uv": [4.25, 5.75, 3.5, 4.75], "texture": "#0"},
				"down": {"uv": [5, 4.75, 4.25, 5.75], "texture": "#0"}
			}
		},
		{
			"name": "head",
			"from": [7.5, 2.31453, 6.41582],
			"to": [8.5, 10.31453, 7.41582],
			"rotation": {"angle": -22.5, "axis": "x", "origin": [8, 6.06453, 4.41582]},
			"faces": {
				"north": {"uv": [0, 6.25, 0.25, 8.25], "texture": "#0"},
				"east": {"uv": [0.25, 6.25, 0.5, 8.25], "texture": "#0"},
				"south": {"uv": [0.5, 6.25, 0.75, 8.25], "texture": "#0"},
				"west": {"uv": [0.75, 6.25, 1, 8.25], "texture": "#0"},
				"up": {"uv": [5, 7, 4.75, 6.75], "texture": "#0"},
				"down": {"uv": [5.25, 6.75, 5, 7], "texture": "#0"}
			}
		},
		{
			"name": "head",
			"from": [5.5, 6.31453, 2.41582],
			"to": [10.5, 10.31453, 6.41582],
			"rotation": {"angle": -22.5, "axis": "x", "origin": [8, 6.06453, 4.41582]},
			"faces": {
				"north": {"uv": [0, 3.75, 1.25, 4.75], "texture": "#0"},
				"east": {"uv": [0, 4.75, 1, 5.75], "texture": "#0"},
				"south": {"uv": [1.25, 3.75, 2.5, 4.75], "texture": "#0"},
				"west": {"uv": [1, 4.75, 2, 5.75], "texture": "#0"},
				"up": {"uv": [3.75, 4.75, 2.5, 3.75], "texture": "#0"},
				"down": {"uv": [5, 3.75, 3.75, 4.75], "texture": "#0"}
			}
		},
		{
			"name": "head",
			"from": [8.5, 10.31453, 5.41582],
			"to": [10.5, 12.31453, 6.41582],
			"rotation": {"angle": -22.5, "axis": "x", "origin": [8, 6.06453, 4.41582]},
			"faces": {
				"north": {"uv": [4.5, 2, 5, 2.5], "texture": "#0"},
				"east": {"uv": [6.75, 1.5, 7, 2], "texture": "#0"},
				"south": {"uv": [2, 6.25, 2.5, 6.75], "texture": "#0"},
				"west": {"uv": [2, 6.75, 2.25, 7.25], "texture": "#0"},
				"up": {"uv": [2.75, 7, 2.25, 6.75], "texture": "#0"},
				"down": {"uv": [3.25, 6.75, 2.75, 7], "texture": "#0"}
			}
		},
		{
			"name": "head",
			"from": [5.5, 10.31453, 5.41582],
			"to": [7.5, 12.31453, 6.41582],
			"rotation": {"angle": -22.5, "axis": "x", "origin": [8, 6.06453, 4.41582]},
			"faces": {
				"north": {"uv": [2.5, 6.25, 3, 6.75], "texture": "#0"},
				"east": {"uv": [3.25, 6.75, 3.5, 7.25], "texture": "#0"},
				"south": {"uv": [3, 6.25, 3.5, 6.75], "texture": "#0"},
				"west": {"uv": [3.5, 6.75, 3.75, 7.25], "texture": "#0"},
				"up": {"uv": [4.25, 7, 3.75, 6.75], "texture": "#0"},
				"down": {"uv": [4.75, 6.75, 4.25, 7], "texture": "#0"}
			}
		},
		{
			"name": "head",
			"from": [6.5, 6.31453, -0.58418],
			"to": [9.5, 10.31453, 2.41582],
			"rotation": {"angle": -22.5, "axis": "x", "origin": [8, 6.06453, 4.41582]},
			"faces": {
				"north": {"uv": [5, 2, 5.75, 3], "texture": "#0"},
				"east": {"uv": [5, 3, 5.75, 4], "texture": "#0"},
				"south": {"uv": [5, 4, 5.75, 5], "texture": "#0"},
				"west": {"uv": [5, 5, 5.75, 6], "texture": "#0"},
				"up": {"uv": [5.75, 6.75, 5, 6], "texture": "#0"},
				"down": {"uv": [6.5, 6, 5.75, 6.75], "texture": "#0"}
			}
		},
		{
			"name": "torso",
			"from": [5, 0, 4],
			"to": [11, 5, 14],
			"rotation": {"angle": 0, "axis": "y", "origin": [8, 2.0045, 5.60355]},
			"faces": {
				"north": {"uv": [3, 0, 4.5, 1.25], "texture": "#0"},
				"east": {"uv": [0, 2.5, 2.5, 3.75], "texture": "#0"},
				"south": {"uv": [3, 1.25, 4.5, 2.5], "texture": "#0"},
				"west": {"uv": [2.5, 2.5, 5, 3.75], "texture": "#0"},
				"up": {"uv": [1.5, 2.5, 0, 0], "texture": "#0"},
				"down": {"uv": [3, 0, 1.5, 2.5], "texture": "#0"}
			}
		},
		{
			"name": "torso",
			"from": [7, 0.08726, 14.75503],
			"to": [9, 4.08726, 14.75503],
			"rotation": {"angle": -22.5, "axis": "x", "origin": [8, 2.23726, 14.50503]},
			"faces": {
				"north": {"uv": [1, 6.25, 1.5, 7.25], "texture": "#0"},
				"east": {"uv": [0, 0, 0, 1], "texture": "#0"},
				"south": {"uv": [1.5, 6.25, 2, 7.25], "texture": "#0"},
				"west": {"uv": [0, 0, 0, 1], "texture": "#0"},
				"up": {"uv": [0.5, 0, 0, 0], "texture": "#0"},
				"down": {"uv": [0.5, 0, 0, 0], "texture": "#0"}
			}
		},
		{
			"name": "left_leg",
			"from": [10.16282, 0.009, 11.99603],
			"to": [15.16282, 2.009, 13.99603],
			"rotation": {"angle": -22.5, "axis": "y", "origin": [10.66282, 1.009, 12.99603]},
			"faces": {
				"north": {"uv": [5.5, 0, 6.75, 0.5], "texture": "#0"},
				"east": {"uv": [3.5, 6.25, 4, 6.75], "texture": "#0"},
				"south": {"uv": [5.5, 0.5, 6.75, 1], "texture": "#0"},
				"west": {"uv": [4, 6.25, 4.5, 6.75], "texture": "#0"},
				"up": {"uv": [6.75, 1.5, 5.5, 1], "texture": "#0"},
				"down": {"uv": [6.75, 1.5, 5.5, 2], "texture": "#0"}
			}
		},
		{
			"name": "left_arm",
			"from": [10.54645, 0.009, 5.43436],
			"to": [15.54645, 2.009, 7.43436],
			"rotation": {"angle": 22.5, "axis": "y", "origin": [7, 2.0045, 5.85355]},
			"faces": {
				"north": {"uv": [0, 5.75, 1.25, 6.25], "texture": "#0"},
				"east": {"uv": [4.5, 6.25, 5, 6.75], "texture": "#0"},
				"south": {"uv": [1.25, 5.75, 2.5, 6.25], "texture": "#0"},
				"west": {"uv": [6.5, 6, 7, 6.5], "texture": "#0"},
				"up": {"uv": [7, 2.5, 5.75, 2], "texture": "#0"},
				"down": {"uv": [3.75, 5.75, 2.5, 6.25], "texture": "#0"}
			}
		},
		{
			"name": "left_arm",
			"from": [0.45355, 0.009, 5.43436],
			"to": [5.45355, 2.009, 7.43436],
			"rotation": {"angle": -22.5, "axis": "y", "origin": [9, 2.0045, 5.85355]},
			"faces": {
				"north": {"uv": [5.75, 2.5, 7, 3], "texture": "#0"},
				"east": {"uv": [6.5, 6.5, 7, 7], "texture": "#0"},
				"south": {"uv": [5.75, 3, 7, 3.5], "texture": "#0"},
				"west": {"uv": [6.75, 0, 7.25, 0.5], "texture": "#0"},
				"up": {"uv": [7, 4, 5.75, 3.5], "texture": "#0"},
				"down": {"uv": [5, 5.75, 3.75, 6.25], "texture": "#0"}
			}
		},
		{
			"name": "left_leg",
			"from": [0.83718, 0.009, 11.99603],
			"to": [5.83718, 2.009, 13.99603],
			"rotation": {"angle": 22.5, "axis": "y", "origin": [5.33718, 1.009, 12.99603]},
			"faces": {
				"north": {"uv": [5.75, 4, 7, 4.5], "texture": "#0"},
				"east": {"uv": [6.75, 0.5, 7.25, 1], "texture": "#0"},
				"south": {"uv": [5.75, 4.5, 7, 5], "texture": "#0"},
				"west": {"uv": [6.75, 1, 7.25, 1.5], "texture": "#0"},
				"up": {"uv": [7, 5.5, 5.75, 5], "texture": "#0"},
				"down": {"uv": [7, 5.5, 5.75, 6], "texture": "#0"}
			}
		}
	],
	"display": {
		"thirdperson_righthand": {
			"rotation": [71, 43, 0],
			"translation": [0, 0.75, 2.25],
			"scale": [0.71, 0.71, 0.71]
		},
		"thirdperson_lefthand": {
			"rotation": [71, 43, 0],
			"translation": [0, 0.75, 2.25],
			"scale": [0.71, 0.71, 0.71]
		},
		"firstperson_righthand": {
			"rotation": [0, 109, 5],
			"translation": [3.25, 6.25, 0],
			"scale": [0.8, 0.8, 0.8]
		},
		"firstperson_lefthand": {
			"rotation": [0, 109, 5],
			"translation": [3.25, 6.25, 0],
			"scale": [0.8, 0.8, 0.8]
		},
		"ground": {
			"translation": [0, 3.5, 0],
			"scale": [0.65, 0.65, 0.65]
		},
		"gui": {
			"rotation": [25, 151, 0],
			"translation": [0, 3.5, 0],
			"scale": [0.8, 0.8, 0.8]
		},
		"head": {
			"translation": [0, 14.4, 0]
		},
		"fixed": {
			"rotation": [-90, 0, 0],
			"translation": [0, 0, -13.5],
			"scale": [1.7, 1.7, 1.7]
		}
	},
	"groups": [
		{
			"name": "nm_plushie_horse",
			"origin": [8, 8, 8],
			"color": 0,
			"children": [0, 1, 2, 3, 4, 5, 6, 7, 8, 9, 10, 11]
		}
	]
}