{"credit":"Made by Nog's Menagerie","texture_size":[32,32],"textures":{"2":"nogs_menagerie:plushies/nm_plushie_alex_texture","particle":"nogs_menagerie:plushies/nm_plushie_alex_texture"},"elements":[{"name":"torso","from":[5.5,0,7.25],"to":[10.5,8,11.25],"rotation":{"angle":0,"axis":"y","origin":[8,2.0045,8.85355]},"faces":{"north":{"uv":[3.5,7,6,11],"texture":"#2"},"east":{"uv":[6,7.5,8,11.5],"texture":"#2"},"south":{"uv":[7,3.5,9.5,7.5],"texture":"#2"},"west":{"uv":[8,7.5,10,11.5],"texture":"#2"},"up":{"uv":[12,5.5,9.5,3.5],"texture":"#2"},"down":{"uv":[12,5.5,9.5,7.5],"texture":"#2"}}},{"name":"head","from":[4.5,5.6,4.85],"to":[11.5,12.6,11.85],"rotation":{"angle":-22.5,"axis":"x","origin":[8,7.75,8.25]},"faces":{"north":{"uv":[0,0,3.5,3.5],"texture":"#2"},"east":{"uv":[0,3.5,3.5,7],"texture":"#2"},"south":{"uv":[3.5,0,7,3.5],"texture":"#2"},"west":{"uv":[3.5,3.5,7,7],"texture":"#2"},"up":{"uv":[3.5,10.5,0,7],"texture":"#2"},"down":{"uv":[10.5,0,7,3.5],"texture":"#2"}}},{"name":"right_leg","from":[9,0.01,4.25],"to":[11,2.01,8.25],"rotation":{"angle":-22.5,"axis":"y","origin":[8,0.01,6.25]},"faces":{"north":{"uv":[8,11.5,9,12.5],"texture":"#2"},"east":{"uv":[10,7.5,12,8.5],"texture":"#2"},"south":{"uv":[9,11.5,10,12.5],"texture":"#2"},"west":{"uv":[10,8.5,12,9.5],"texture":"#2"},"up":{"uv":[11,11.5,10,9.5],"texture":"#2"},"down":{"uv":[1,10.5,0,12.5],"texture":"#2"}}},{"name":"left_leg","from":[5,0.01,4.25],"to":[7,2.01,8.25],"rotation":{"angle":22.5,"axis":"y","origin":[8,0.01,6.25]},"faces":{"north":{"uv":[10,11.5,11,12.5],"texture":"#2"},"east":{"uv":[10.5,0,12.5,1],"texture":"#2"},"south":{"uv":[11,11.5,12,12.5],"texture":"#2"},"west":{"uv":[1,10.5,3,11.5],"texture":"#2"},"up":{"uv":[11.5,3,10.5,1],"texture":"#2"},"down":{"uv":[4,11,3,13],"texture":"#2"}}},{"name":"right_arm","from":[9.83187,1.74074,8.25],"to":[11.83187,5.74074,10.25],"rotation":{"angle":45,"axis":"z","origin":[10.83187,3.74074,9.25]},"faces":{"north":{"uv":[4,11,5,13],"texture":"#2"},"east":{"uv":[5,11,6,13],"texture":"#2"},"south":{"uv":[11,9.5,12,11.5],"texture":"#2"},"west":{"uv":[1,11.5,2,13.5],"texture":"#2"},"up":{"uv":[13,4,12,3],"texture":"#2"},"down":{"uv":[13,4,12,5],"texture":"#2"}}},{"name":"left_arm","from":[4.16813,1.74074,8.25],"to":[6.16813,5.74074,10.25],"rotation":{"angle":-45,"axis":"z","origin":[5.16813,3.74074,9.25]},"faces":{"north":{"uv":[11.5,1,12.5,3],"texture":"#2"},"east":{"uv":[2,11.5,3,13.5],"texture":"#2"},"south":{"uv":[6,11.5,7,13.5],"texture":"#2"},"west":{"uv":[7,11.5,8,13.5],"texture":"#2"},"up":{"uv":[13,6,12,5],"texture":"#2"},"down":{"uv":[13,6,12,7],"texture":"#2"}}}],"gui_light":"front","display":{"thirdperson_righthand":{"rotation":[24,13,0],"translation":[0,1.25,-0.5],"scale":[0.6,0.6,0.6]},"thirdperson_lefthand":{"rotation":[24,13,0],"translation":[0,0.75,-0.5],"scale":[0.6,0.6,0.6]},"firstperson_righthand":{"rotation":[0,109,5],"translation":[2,5.25,0],"scale":[0.71,0.71,0.71]},"firstperson_lefthand":{"rotation":[0,109,5],"translation":[2,5.25,0],"scale":[0.71,0.71,0.71]},"ground":{"translation":[0,3.5,0],"scale":[0.65,0.65,0.65]},"gui":{"rotation":[25,151,0],"translation":[-0.25,0.5,0],"scale":[0.73,0.73,0.73]},"head":{"translation":[0,14.4,0]},"fixed":{"rotation":[-90,0,0],"translation":[1,0,-13.5],"scale":[1.7,1.7,1.7]}},"groups":[{"name":"base","origin":[8,8,8],"color":0,"nbt":"{}","children":[0,1,{"name":"group","origin":[8,0.01,6.25],"color":0,"nbt":"{}","children":[2,3]},{"name":"group","origin":[5.16813,3.74074,9.25],"color":0,"nbt":"{}","children":[4,5]}]}],"mcmodels":"941f15a6e864b3b0388af6691c7604cb"}