{
	"credit": "Made by Nog's Menagerie",
	"texture_size": [64, 64],
	"textures": {
		"0": "nogs_menagerie:plushies/nm_plushie_ghast_texture",
		"particle": "nogs_menagerie:plushies/nm_plushie_ghast_texture"
	},
	"elements": [
		{
			"name": "torso",
			"from": [2, 0, 2],
			"to": [14, 12, 14],
			"rotation": {"angle": 0, "axis": "y", "origin": [8, 2.0045, 8.85355]},
			"faces": {
				"north": {"uv": [0, 0, 3, 3], "texture": "#0"},
				"east": {"uv": [0, 3, 3, 6], "texture": "#0"},
				"south": {"uv": [3, 0, 6, 3], "texture": "#0"},
				"west": {"uv": [3, 3, 6, 6], "texture": "#0"},
				"up": {"uv": [3, 9, 0, 6], "texture": "#0"},
				"down": {"uv": [9, 0, 6, 3], "texture": "#0"}
			}
		},
		{
			"name": "right_leg",
			"from": [7.88739, 0.01, -5.32702],
			"to": [9.88739, 2.01, 2.67298],
			"rotation": {"angle": -45, "axis": "y", "origin": [9.88739, 1.01, 7.57298]},
			"faces": {
				"north": {"uv": [4.5, 8.5, 5, 9], "texture": "#0"},
				"east": {"uv": [3, 6, 5, 6.5], "texture": "#0"},
				"south": {"uv": [8.5, 4.5, 9, 5], "texture": "#0"},
				"west": {"uv": [6, 3, 8, 3.5], "texture": "#0"},
				"up": {"uv": [6.5, 5.5, 6, 3.5], "texture": "#0"},
				"down": {"uv": [5.5, 6, 5, 8], "texture": "#0"}
			}
		},
		{
			"name": "right_leg",
			"from": [7.88739, 0.01, 13.32702],
			"to": [9.88739, 2.01, 21.32702],
			"rotation": {"angle": 45, "axis": "y", "origin": [9.88739, 1.01, 8.42702]},
			"faces": {
				"north": {"uv": [8.5, 5, 9, 5.5], "texture": "#0"},
				"east": {"uv": [5.5, 6, 7.5, 6.5], "texture": "#0"},
				"south": {"uv": [6, 8.5, 6.5, 9], "texture": "#0"},
				"west": {"uv": [6, 5.5, 8, 6], "texture": "#0"},
				"up": {"uv": [3.5, 8.5, 3, 6.5], "texture": "#0"},
				"down": {"uv": [4, 6.5, 3.5, 8.5], "texture": "#0"}
			}
		},
		{
			"name": "right_leg",
			"from": [13.81972, 0.01, 7.01171],
			"to": [21.81972, 2.01, 9.01171],
			"rotation": {"angle": 0, "axis": "y", "origin": [20.06972, 1.01, 4.46171]},
			"faces": {
				"north": {"uv": [6.5, 3.5, 8.5, 4], "texture": "#0"},
				"east": {"uv": [6.5, 8.5, 7, 9], "texture": "#0"},
				"south": {"uv": [6.5, 4, 8.5, 4.5], "texture": "#0"},
				"west": {"uv": [7, 8.5, 7.5, 9], "texture": "#0"},
				"up": {"uv": [8.5, 5, 6.5, 4.5], "texture": "#0"},
				"down": {"uv": [8.5, 5, 6.5, 5.5], "texture": "#0"}
			}
		},
		{
			"name": "right_leg",
			"from": [6.11261, 0.01, -5.32702],
			"to": [8.11261, 2.01, 2.67298],
			"rotation": {"angle": 45, "axis": "y", "origin": [6.11261, 1.01, 7.57298]},
			"faces": {
				"north": {"uv": [7.5, 8.5, 8, 9], "texture": "#0"},
				"east": {"uv": [5.5, 6.5, 7.5, 7], "texture": "#0"},
				"south": {"uv": [8.5, 8, 9, 8.5], "texture": "#0"},
				"west": {"uv": [5.5, 7, 7.5, 7.5], "texture": "#0"},
				"up": {"uv": [4.5, 8.5, 4, 6.5], "texture": "#0"},
				"down": {"uv": [5, 6.5, 4.5, 8.5], "texture": "#0"}
			}
		},
		{
			"name": "right_leg",
			"from": [-5.81972, 0.01, 7.01171],
			"to": [2.18028, 2.01, 9.01171],
			"rotation": {"angle": 0, "axis": "y", "origin": [-4.06972, 1.01, 4.46171]},
			"faces": {
				"north": {"uv": [5.5, 7.5, 7.5, 8], "texture": "#0"},
				"east": {"uv": [8.5, 8.5, 9, 9], "texture": "#0"},
				"south": {"uv": [7.5, 6, 9.5, 6.5], "texture": "#0"},
				"west": {"uv": [0, 9, 0.5, 9.5], "texture": "#0"},
				"up": {"uv": [9.5, 7, 7.5, 6.5], "texture": "#0"},
				"down": {"uv": [9.5, 7, 7.5, 7.5], "texture": "#0"}
			}
		},
		{
			"name": "right_leg",
			"from": [6.11261, 0.01, 13.32702],
			"to": [8.11261, 2.01, 21.32702],
			"rotation": {"angle": -45, "axis": "y", "origin": [6.11261, 1.01, 8.42702]},
			"faces": {
				"north": {"uv": [9, 0, 9.5, 0.5], "texture": "#0"},
				"east": {"uv": [7.5, 7.5, 9.5, 8], "texture": "#0"},
				"south": {"uv": [0.5, 9, 1, 9.5], "texture": "#0"},
				"west": {"uv": [8, 3, 10, 3.5], "texture": "#0"},
				"up": {"uv": [5.5, 10, 5, 8], "texture": "#0"},
				"down": {"uv": [6, 8, 5.5, 10], "texture": "#0"}
			}
		},
		{
			"name": "right_leg",
			"from": [7, 0, -6],
			"to": [9, 2, 2],
			"rotation": {"angle": 0, "axis": "y", "origin": [15.75, 1, 4]},
			"faces": {
				"north": {"uv": [9, 0.5, 9.5, 1], "texture": "#0"},
				"east": {"uv": [8, 5.5, 10, 6], "texture": "#0"},
				"south": {"uv": [1, 9, 1.5, 9.5], "texture": "#0"},
				"west": {"uv": [6, 8, 8, 8.5], "texture": "#0"},
				"up": {"uv": [8.5, 10, 8, 8], "texture": "#0"},
				"down": {"uv": [3.5, 8.5, 3, 10.5], "texture": "#0"}
			}
		},
		{
			"name": "right_leg",
			"from": [7, 0, 14],
			"to": [9, 2, 22],
			"rotation": {"angle": 0, "axis": "y", "origin": [15.75, 1, 12]},
			"faces": {
				"north": {"uv": [9, 1, 9.5, 1.5], "texture": "#0"},
				"east": {"uv": [8.5, 3.5, 10.5, 4], "texture": "#0"},
				"south": {"uv": [1.5, 9, 2, 9.5], "texture": "#0"},
				"west": {"uv": [8.5, 4, 10.5, 4.5], "texture": "#0"},
				"up": {"uv": [4, 10.5, 3.5, 8.5], "texture": "#0"},
				"down": {"uv": [4.5, 8.5, 4, 10.5], "texture": "#0"}
			}
		}
	],
	"display": {
		"thirdperson_righthand": {
			"rotation": [71, 24, 0],
			"translation": [0, -0.75, -1.25],
			"scale": [0.56, 0.56, 0.56]
		},
		"thirdperson_lefthand": {
			"rotation": [71, 43, 0],
			"translation": [0, 0.75, 2.25],
			"scale": [0.71, 0.71, 0.71]
		},
		"firstperson_righthand": {
			"rotation": [0, 109, 5],
			"translation": [3.25, 7.5, 0],
			"scale": [0.66, 0.66, 0.66]
		},
		"firstperson_lefthand": {
			"rotation": [0, 109, 5],
			"translation": [3.25, 7.5, 0],
			"scale": [0.66, 0.66, 0.66]
		},
		"ground": {
			"translation": [0, 1.25, 0],
			"scale": [0.49, 0.49, 0.49]
		},
		"gui": {
			"rotation": [25, 151, 0],
			"translation": [0, 2, 0],
			"scale": [0.52, 0.52, 0.52]
		},
		"head": {
			"translation": [0, 14.4, 0]
		},
		"fixed": {
			"rotation": [-90, 0, 0],
			"translation": [0, 0, -16],
			"scale": [2, 2, 2]
		}
	},
	"groups": [
		{
			"name": "nm_plushie_ghast",
			"origin": [8, 8, 8],
			"color": 0,
			"children": [0, 1, 2, 3, 4, 5, 6, 7, 8]
		}
	]
}