{
	"credit": "Made by Nog's Menagerie",
	"texture_size": [64, 64],
	"textures": {
		"0": "nogs_menagerie:plushies/nm_plushie_warden_texture",
		"particle": "nogs_menagerie:plushies/nm_plushie_warden_texture"
	},
	"elements": [
		{
			"name": "torso",
			"from": [2, 0, 8],
			"to": [14, 14, 14],
			"rotation": {"angle": 0, "axis": "y", "origin": [8, 2.0045, 11.85355]},
			"faces": {
				"north": {"uv": [0, 0, 3, 3.5], "texture": "#0"},
				"east": {"uv": [5, 3.5, 6.5, 7], "texture": "#0"},
				"south": {"uv": [3, 0, 6, 3.5], "texture": "#0"},
				"west": {"uv": [0, 5.75, 1.5, 9.25], "texture": "#0"},
				"up": {"uv": [4.5, 7.25, 1.5, 5.75], "texture": "#0"},
				"down": {"uv": [9, 0, 6, 1.5], "texture": "#0"}
			}
		},
		{
			"name": "head",
			"from": [3, 12.85, 8.85],
			"to": [13, 21.85, 15.85],
			"rotation": {"angle": -22.5, "axis": "x", "origin": [8, 7.5, 11.25]},
			"faces": {
				"north": {"uv": [0, 3.5, 2.5, 5.75], "texture": "#0"},
				"east": {"uv": [6.5, 5, 8.25, 7.25], "texture": "#0"},
				"south": {"uv": [2.5, 3.5, 5, 5.75], "texture": "#0"},
				"west": {"uv": [4.5, 7, 6.25, 9.25], "texture": "#0"},
				"up": {"uv": [8.5, 3.25, 6, 1.5], "texture": "#0"},
				"down": {"uv": [9, 3.25, 6.5, 5], "texture": "#0"}
			}
		},
		{
			"name": "antennae",
			"from": [-4, 14.85, 12.35],
			"to": [3, 20.85, 12.35],
			"rotation": {"angle": -22.5, "axis": "x", "origin": [8, 7.5, 11.25]},
			"faces": {
				"north": {"uv": [9, 2.75, 10.75, 4.25], "texture": "#0"},
				"east": {"uv": [0, 0, 0, 1.5], "texture": "#0"},
				"south": {"uv": [4, 9.25, 5.75, 10.75], "texture": "#0"},
				"west": {"uv": [0, 0, 0, 1.5], "texture": "#0"},
				"up": {"uv": [1.75, 0, 0, 0], "texture": "#0"},
				"down": {"uv": [1.75, 0, 0, 0], "texture": "#0"}
			}
		},
		{
			"name": "antennae",
			"from": [13, 14.85, 12.35],
			"to": [20, 20.85, 12.35],
			"rotation": {"angle": -22.5, "axis": "x", "origin": [8, 7.5, 11.25]},
			"faces": {
				"north": {"uv": [9.75, 4.25, 11.5, 5.75], "texture": "#0"},
				"east": {"uv": [0, 0, 0, 1.5], "texture": "#0"},
				"south": {"uv": [9.75, 5.75, 11.5, 7.25], "texture": "#0"},
				"west": {"uv": [0, 0, 0, 1.5], "texture": "#0"},
				"up": {"uv": [1.75, 0, 0, 0], "texture": "#0"},
				"down": {"uv": [1.75, 0, 0, 0], "texture": "#0"}
			}
		},
		{
			"name": "right_arm",
			"from": [12.94583, 3.2547, 8.25],
			"to": [16.94583, 14.2547, 13.25],
			"rotation": {"angle": 22.5, "axis": "z", "origin": [17.19583, 10.1047, 12.25]},
			"faces": {
				"north": {"uv": [8.75, 5, 9.75, 7.75], "texture": "#0"},
				"east": {"uv": [1.5, 7.25, 2.75, 10], "texture": "#0"},
				"south": {"uv": [8.75, 7.75, 9.75, 10.5], "texture": "#0"},
				"west": {"uv": [2.75, 7.25, 4, 10], "texture": "#0"},
				"up": {"uv": [7.75, 11.25, 6.75, 10], "texture": "#0"},
				"down": {"uv": [8.75, 10, 7.75, 11.25], "texture": "#0"}
			}
		},
		{
			"name": "left_arm",
			"from": [-0.94583, 3.2547, 8.25],
			"to": [3.05417, 14.2547, 13.25],
			"rotation": {"angle": -22.5, "axis": "z", "origin": [-1.19583, 10.1047, 12.25]},
			"faces": {
				"north": {"uv": [9, 0, 10, 2.75], "texture": "#0"},
				"east": {"uv": [6.25, 7.25, 7.5, 10], "texture": "#0"},
				"south": {"uv": [0, 9.25, 1, 12], "texture": "#0"},
				"west": {"uv": [7.5, 7.25, 8.75, 10], "texture": "#0"},
				"up": {"uv": [9.75, 11.75, 8.75, 10.5], "texture": "#0"},
				"down": {"uv": [11.75, 2.5, 10.75, 3.75], "texture": "#0"}
			}
		},
		{
			"name": "right_leg",
			"from": [9.075, 0.01, 1.25],
			"to": [13.075, 4.01, 7.25],
			"rotation": {"angle": -22.5, "axis": "y", "origin": [8, 0.01, 9.25]},
			"faces": {
				"north": {"uv": [3.5, 10.75, 4.5, 11.75], "texture": "#0"},
				"east": {"uv": [9.75, 7.25, 11.25, 8.25], "texture": "#0"},
				"south": {"uv": [4.5, 10.75, 5.5, 11.75], "texture": "#0"},
				"west": {"uv": [9.75, 8.25, 11.25, 9.25], "texture": "#0"},
				"up": {"uv": [10.75, 10.75, 9.75, 9.25], "texture": "#0"},
				"down": {"uv": [11, 0, 10, 1.5], "texture": "#0"}
			}
		},
		{
			"name": "left_leg",
			"from": [2.925, 0.01, 1.25],
			"to": [6.925, 4.01, 7.25],
			"rotation": {"angle": 22.5, "axis": "y", "origin": [8, 0.01, 9.25]},
			"faces": {
				"north": {"uv": [10.75, 9.25, 11.75, 10.25], "texture": "#0"},
				"east": {"uv": [1, 10, 2.5, 11], "texture": "#0"},
				"south": {"uv": [9.75, 10.75, 10.75, 11.75], "texture": "#0"},
				"west": {"uv": [10, 1.5, 11.5, 2.5], "texture": "#0"},
				"up": {"uv": [3.5, 11.5, 2.5, 10], "texture": "#0"},
				"down": {"uv": [6.75, 10, 5.75, 11.5], "texture": "#0"}
			}
		}
	],
	"display": {
		"thirdperson_righthand": {
			"rotation": [34, 11, 0],
			"translation": [-0.5, -0.25, -1],
			"scale": [0.45, 0.45, 0.45]
		},
		"thirdperson_lefthand": {
			"rotation": [34, 11, 0],
			"translation": [-0.5, -0.25, -1],
			"scale": [0.45, 0.45, 0.45]
		},
		"firstperson_righthand": {
			"rotation": [0, 109, 5],
			"translation": [2.75, 2.75, 0],
			"scale": [0.52, 0.52, 0.52]
		},
		"firstperson_lefthand": {
			"rotation": [0, 109, 5],
			"translation": [2.75, 2.75, 0],
			"scale": [0.52, 0.52, 0.52]
		},
		"ground": {
			"translation": [0, 0.75, -1],
			"scale": [0.28, 0.28, 0.28]
		},
		"gui": {
			"rotation": [25, 151, 0],
			"translation": [0, -1.25, 0],
			"scale": [0.53, 0.53, 0.53]
		},
		"head": {
			"translation": [0, 14.4, 0]
		},
		"fixed": {
			"rotation": [-90, 0, 0],
			"translation": [0, -1, -16],
			"scale": [2, 2, 2]
		}
	},
	"groups": [
		{
			"name": "nm_plushie_warden",
			"origin": [8, 8, 8],
			"color": 0,
			"children": [
				0,
				{
					"name": "group",
					"origin": [8, 7.5, 11.25],
					"color": 0,
					"children": [1, 2, 3]
				},
				4,
				5,
				6,
				7
			]
		}
	]
}