{
  "credit": "MadebyPolygonMC",
  "texture_size": [
    28,
    28
  ],
  "textures": {
    "1": "malikaset:animations_1",
    "2": "malikaset:greatsword"
  },
  "elements": [
    {
      "from": [
        7.5,
        0,
        7.5
      ],
      "to": [
        8.5,
        1,
        8.5
      ],
      "rotation": {
        "angle": 0,
        "axis": "y",
        "origin": [
          7.5,
          0,
          7.5
        ]
      },
      "faces": {
        "north": {
          "uv": [
            5.71429,
            3.42857,
            6.28571,
            4
          ],
          "texture": "#2"
        },
        "east": {
          "uv": [
            6.85714,
            10.28571,
            7.42857,
            10.85714
          ],
          "texture": "#2"
        },
        "south": {
          "uv": [
            7.42857,
            10.28571,
            8,
            10.85714
          ],
          "texture": "#2"
        },
        "west": {
          "uv": [
            8,
            10.28571,
            8.57143,
            10.85714
          ],
          "texture": "#2"
        },
        "up": {
          "uv": [
            9.14286,
            10.85714,
            8.57143,
            10.28571
          ],
          "texture": "#2"
        },
        "down": {
          "uv": [
            10.28571,
            10.28571,
            9.71429,
            10.85714
          ],
          "texture": "#2"
        }
      }
    },
    {
      "from": [
        7.5,
        4.5,
        7.5
      ],
      "to": [
        8.5,
        5.5,
        8.5
      ],
      "rotation": {
        "angle": 0,
        "axis": "y",
        "origin": [
          7.5,
          4.5,
          7.5
        ]
      },
      "faces": {
        "north": {
          "uv": [
            10.28571,
            10.28571,
            10.85714,
            10.85714
          ],
          "texture": "#2"
        },
        "east": {
          "uv": [
            10.85714,
            0,
            11.42857,
            0.57143
          ],
          "texture": "#2"
        },
        "south": {
          "uv": [
            10.85714,
            0.57143,
            11.42857,
            1.14286
          ],
          "texture": "#2"
        },
        "west": {
          "uv": [
            10.85714,
            1.14286,
            11.42857,
            1.71429
          ],
          "texture": "#2"
        },
        "up": {
          "uv": [
            11.42857,
            2.28571,
            10.85714,
            1.71429
          ],
          "texture": "#2"
        },
        "down": {
          "uv": [
            11.42857,
            2.28571,
            10.85714,
            2.85714
          ],
          "texture": "#2"
        }
      }
    },
    {
      "from": [
        7.5,
        2.225,
        7.5
      ],
      "to": [
        8.5,
        3.225,
        8.5
      ],
      "rotation": {
        "angle": -45,
        "axis": "x",
        "origin": [
          8,
          2.725,
          8
        ]
      },
      "faces": {
        "north": {
          "uv": [
            10.85714,
            2.85714,
            11.42857,
            3.42857
          ],
          "texture": "#2"
        },
        "east": {
          "uv": [
            10.85714,
            3.42857,
            11.42857,
            4
          ],
          "texture": "#2"
        },
        "south": {
          "uv": [
            10.85714,
            4,
            11.42857,
            4.57143
          ],
          "texture": "#2"
        },
        "west": {
          "uv": [
            10.85714,
            4.57143,
            11.42857,
            5.14286
          ],
          "texture": "#2"
        },
        "up": {
          "uv": [
            11.42857,
            5.71429,
            10.85714,
            5.14286
          ],
          "texture": "#2"
        },
        "down": {
          "uv": [
            6.28571,
            10.85714,
            5.71429,
            11.42857
          ],
          "texture": "#2"
        }
      }
    },
    {
      "from": [
        7.4,
        5.225,
        7
      ],
      "to": [
        8.6,
        7.225,
        9
      ],
      "rotation": {
        "angle": -45,
        "axis": "x",
        "origin": [
          8,
          6.225,
          8
        ]
      },
      "faces": {
        "north": {
          "uv": [
            8.57143,
            6.85714,
            9.28571,
            8
          ],
          "texture": "#2"
        },
        "east": {
          "uv": [
            6.85714,
            0,
            8,
            1.14286
          ],
          "texture": "#2"
        },
        "south": {
          "uv": [
            8.57143,
            8,
            9.28571,
            9.14286
          ],
          "texture": "#2"
        },
        "west": {
          "uv": [
            6.85714,
            1.14286,
            8,
            2.28571
          ],
          "texture": "#2"
        },
        "up": {
          "uv": [
            9.85714,
            1.14286,
            9.14286,
            0
          ],
          "texture": "#2"
        },
        "down": {
          "uv": [
            9.85714,
            1.14286,
            9.14286,
            2.28571
          ],
          "texture": "#2"
        }
      }
    },
    {
      "from": [
        7.15,
        5.475,
        7.25
      ],
      "to": [
        8.85,
        6.975,
        8.75
      ],
      "rotation": {
        "angle": -45,
        "axis": "x",
        "origin": [
          8,
          6.225,
          8
        ]
      },
      "faces": {
        "north": {
          "uv": [
            8,
            0,
            9,
            0.85714
          ],
          "texture": "#2"
        },
        "east": {
          "uv": [
            9.14286,
            2.28571,
            10,
            3.14286
          ],
          "texture": "#2"
        },
        "south": {
          "uv": [
            8,
            1.14286,
            9,
            2
          ],
          "texture": "#2"
        },
        "west": {
          "uv": [
            9.14286,
            3.42857,
            10,
            4.28571
          ],
          "texture": "#2"
        },
        "up": {
          "uv": [
            9,
            3.14286,
            8,
            2.28571
          ],
          "texture": "#2"
        },
        "down": {
          "uv": [
            9,
            3.42857,
            8,
            4.28571
          ],
          "texture": "#2"
        }
      }
    },
    {
      "from": [
        7.5,
        -1.275,
        7.5
      ],
      "to": [
        8.5,
        -0.275,
        8.5
      ],
      "rotation": {
        "angle": -45,
        "axis": "x",
        "origin": [
          8,
          -0.775,
          8
        ]
      },
      "faces": {
        "north": {
          "uv": [
            10.85714,
            5.71429,
            11.42857,
            6.28571
          ],
          "texture": "#2"
        },
        "east": {
          "uv": [
            10.85714,
            6.28571,
            11.42857,
            6.85714
          ],
          "texture": "#2"
        },
        "south": {
          "uv": [
            6.85714,
            10.85714,
            7.42857,
            11.42857
          ],
          "texture": "#2"
        },
        "west": {
          "uv": [
            10.85714,
            6.85714,
            11.42857,
            7.42857
          ],
          "texture": "#2"
        },
        "up": {
          "uv": [
            8,
            11.42857,
            7.42857,
            10.85714
          ],
          "texture": "#2"
        },
        "down": {
          "uv": [
            11.42857,
            7.42857,
            10.85714,
            8
          ],
          "texture": "#2"
        }
      }
    },
    {
      "from": [
        7.6,
        1,
        7.6
      ],
      "to": [
        8.4,
        4.5,
        8.4
      ],
      "rotation": {
        "angle": 0,
        "axis": "y",
        "origin": [
          7.5,
          1,
          7.5
        ]
      },
      "faces": {
        "north": {
          "uv": [
            5.71429,
            6.28571,
            6.14286,
            8.28571
          ],
          "texture": "#2"
        },
        "east": {
          "uv": [
            8,
            4.57143,
            8.42857,
            6.57143
          ],
          "texture": "#2"
        },
        "south": {
          "uv": [
            8,
            6.85714,
            8.42857,
            8.85714
          ],
          "texture": "#2"
        },
        "west": {
          "uv": [
            8.57143,
            4.57143,
            9,
            6.57143
          ],
          "texture": "#2"
        }
      }
    },
    {
      "from": [
        7.25,
        -0.5,
        7.25
      ],
      "to": [
        8.75,
        0,
        8.75
      ],
      "rotation": {
        "angle": 0,
        "axis": "y",
        "origin": [
          7.5,
          -1,
          7.5
        ]
      },
      "faces": {
        "north": {
          "uv": [
            9.71429,
            10.85714,
            10.57143,
            11.14286
          ],
          "texture": "#2"
        },
        "east": {
          "uv": [
            10.85714,
            9.71429,
            11.71429,
            10
          ],
          "texture": "#2"
        },
        "south": {
          "uv": [
            10.85714,
            10.28571,
            11.71429,
            10.57143
          ],
          "texture": "#2"
        },
        "west": {
          "uv": [
            10.85714,
            10.85714,
            11.71429,
            11.14286
          ],
          "texture": "#2"
        },
        "up": {
          "uv": [
            10,
            5.42857,
            9.14286,
            4.57143
          ],
          "texture": "#2"
        },
        "down": {
          "uv": [
            10,
            5.71429,
            9.14286,
            6.57143
          ],
          "texture": "#2"
        }
      }
    },
    {
      "from": [
        7.43,
        6.08939,
        8.82309
      ],
      "to": [
        8.57,
        8.36939,
        9.96309
      ],
      "rotation": {
        "angle": 22.5,
        "axis": "x",
        "origin": [
          8,
          7.21248,
          9.39504
        ]
      },
      "faces": {
        "north": {
          "uv": [
            6.85714,
            2.28571,
            7.57143,
            3.57143
          ],
          "texture": "#2"
        },
        "east": {
          "uv": [
            6.85714,
            4,
            7.57143,
            5.28571
          ],
          "texture": "#2"
        },
        "south": {
          "uv": [
            6.85714,
            5.71429,
            7.57143,
            7
          ],
          "texture": "#2"
        },
        "west": {
          "uv": [
            6.85714,
            7.42857,
            7.57143,
            8.71429
          ],
          "texture": "#2"
        },
        "up": {
          "uv": [
            10.42857,
            8.71429,
            9.71429,
            8
          ],
          "texture": "#2"
        },
        "down": {
          "uv": [
            10.42857,
            9.14286,
            9.71429,
            9.85714
          ],
          "texture": "#2"
        }
      }
    },
    {
      "from": [
        7.5554,
        5.17369,
        8.5101
      ],
      "to": [
        8.4446,
        6.38209,
        9.3993
      ],
      "rotation": {
        "angle": 0,
        "axis": "x",
        "origin": [
          8,
          7.21248,
          9.39504
        ]
      },
      "faces": {
        "north": {
          "uv": [
            5.71429,
            2.28571,
            6.28571,
            3
          ],
          "texture": "#2"
        },
        "east": {
          "uv": [
            10.28571,
            0,
            10.85714,
            0.71429
          ],
          "texture": "#2"
        },
        "south": {
          "uv": [
            10.28571,
            1.14286,
            10.85714,
            1.85714
          ],
          "texture": "#2"
        },
        "west": {
          "uv": [
            10.28571,
            2.28571,
            10.85714,
            3
          ],
          "texture": "#2"
        },
        "down": {
          "uv": [
            8.57143,
            10.85714,
            8,
            11.42857
          ],
          "texture": "#2"
        }
      }
    },
    {
      "from": [
        7.671,
        4.78724,
        7.88435
      ],
      "to": [
        8.329,
        5.68145,
        8.54236
      ],
      "rotation": {
        "angle": -22.5,
        "axis": "x",
        "origin": [
          8,
          7.21248,
          9.39504
        ]
      },
      "faces": {
        "north": {
          "uv": [
            11.42857,
            0,
            11.85714,
            0.57143
          ],
          "texture": "#2"
        },
        "east": {
          "uv": [
            11.42857,
            0.57143,
            11.85714,
            1.14286
          ],
          "texture": "#2"
        },
        "south": {
          "uv": [
            11.42857,
            1.14286,
            11.85714,
            1.71429
          ],
          "texture": "#2"
        },
        "west": {
          "uv": [
            11.42857,
            1.71429,
            11.85714,
            2.28571
          ],
          "texture": "#2"
        },
        "down": {
          "uv": [
            7.28571,
            11.42857,
            6.85714,
            11.85714
          ],
          "texture": "#2"
        }
      }
    },
    {
      "from": [
        7.5554,
        8.04286,
        9.39078
      ],
      "to": [
        8.4446,
        9.25126,
        10.27998
      ],
      "rotation": {
        "angle": 0,
        "axis": "x",
        "origin": [
          8,
          7.21248,
          9.39504
        ]
      },
      "faces": {
        "north": {
          "uv": [
            10.28571,
            3.42857,
            10.85714,
            4.14286
          ],
          "texture": "#2"
        },
        "east": {
          "uv": [
            10.28571,
            4.57143,
            10.85714,
            5.28571
          ],
          "texture": "#2"
        },
        "south": {
          "uv": [
            10.28571,
            5.71429,
            10.85714,
            6.42857
          ],
          "texture": "#2"
        },
        "west": {
          "uv": [
            6.28571,
            10.28571,
            6.85714,
            11
          ],
          "texture": "#2"
        },
        "up": {
          "uv": [
            11.42857,
            8.57143,
            10.85714,
            8
          ],
          "texture": "#2"
        }
      }
    },
    {
      "from": [
        7.671,
        8.7435,
        10.24772
      ],
      "to": [
        8.329,
        9.63772,
        10.90573
      ],
      "rotation": {
        "angle": -22.5,
        "axis": "x",
        "origin": [
          8,
          7.21248,
          9.39504
        ]
      },
      "faces": {
        "north": {
          "uv": [
            11.42857,
            2.28571,
            11.85714,
            2.85714
          ],
          "texture": "#2"
        },
        "east": {
          "uv": [
            11.42857,
            2.85714,
            11.85714,
            3.42857
          ],
          "texture": "#2"
        },
        "south": {
          "uv": [
            11.42857,
            3.42857,
            11.85714,
            4
          ],
          "texture": "#2"
        },
        "west": {
          "uv": [
            11.42857,
            4,
            11.85714,
            4.57143
          ],
          "texture": "#2"
        },
        "up": {
          "uv": [
            11.85714,
            7.28571,
            11.42857,
            6.85714
          ],
          "texture": "#2"
        }
      }
    },
    {
      "from": [
        7.75,
        6.6,
        7
      ],
      "to": [
        8.25,
        10.6,
        9
      ],
      "rotation": {
        "angle": 0,
        "axis": "y",
        "origin": [
          8.25,
          7.5,
          8
        ]
      },
      "faces": {
        "north": {
          "uv": [
            5.71429,
            8.57143,
            6,
            10.85714
          ],
          "texture": "#2"
        },
        "east": {
          "uv": [
            5.14286,
            4,
            6.28571,
            6.28571
          ],
          "texture": "#2"
        },
        "south": {
          "uv": [
            9.14286,
            9.14286,
            9.42857,
            11.42857
          ],
          "texture": "#2"
        },
        "west": {
          "uv": [
            5.71429,
            0,
            6.85714,
            2.28571
          ],
          "texture": "#2"
        }
      }
    },
    {
      "from": [
        7.7375,
        10.00659,
        7
      ],
      "to": [
        8.2625,
        11.43159,
        8.425
      ],
      "rotation": {
        "angle": -45,
        "axis": "x",
        "origin": [
          7.9875,
          11.00659,
          8
        ]
      },
      "faces": {
        "north": {
          "uv": [
            11.42857,
            4.57143,
            11.71429,
            5.42857
          ],
          "texture": "#2"
        },
        "east": {
          "uv": [
            6.85714,
            9.14286,
            7.71429,
            10
          ],
          "texture": "#2"
        },
        "south": {
          "uv": [
            5.71429,
            11.42857,
            6,
            12.28571
          ],
          "texture": "#2"
        },
        "west": {
          "uv": [
            8,
            9.14286,
            8.85714,
            10
          ],
          "texture": "#2"
        },
        "up": {
          "uv": [
            11.71429,
            6.57143,
            11.42857,
            5.71429
          ],
          "texture": "#2"
        },
        "down": {
          "uv": [
            6.57143,
            11.42857,
            6.28571,
            12.28571
          ],
          "texture": "#2"
        }
      }
    },
    {
      "from": [
        7.7375,
        24.35659,
        7.51525
      ],
      "to": [
        8.2625,
        25.43159,
        9.69025
      ],
      "rotation": {
        "angle": -45,
        "axis": "x",
        "origin": [
          7.9875,
          25.00659,
          8.51525
        ]
      },
      "faces": {
        "north": {
          "uv": [
            7.42857,
            11.42857,
            7.71429,
            12
          ],
          "texture": "#2"
        },
        "east": {
          "uv": [
            9.71429,
            6.85714,
            10.85714,
            7.42857
          ],
          "texture": "#2"
        },
        "south": {
          "uv": [
            11.42857,
            7.42857,
            11.71429,
            8
          ],
          "texture": "#2"
        },
        "west": {
          "uv": [
            9.71429,
            7.42857,
            10.85714,
            8
          ],
          "texture": "#2"
        },
        "up": {
          "uv": [
            8.85714,
            12,
            8.57143,
            10.85714
          ],
          "texture": "#2"
        },
        "down": {
          "uv": [
            11.14286,
            8.57143,
            10.85714,
            9.71429
          ],
          "texture": "#2"
        }
      }
    },
    {
      "from": [
        7.75,
        10.6,
        7.50763
      ],
      "to": [
        8.25,
        24.6,
        9.00763
      ],
      "rotation": {
        "angle": 0,
        "axis": "x",
        "origin": [
          8,
          11.6,
          8.00763
        ]
      },
      "faces": {
        "north": {
          "uv": [
            6.28571,
            2.28571,
            6.57143,
            10.28571
          ],
          "texture": "#2"
        },
        "east": {
          "uv": [
            2.85714,
            4,
            3.71429,
            12
          ],
          "texture": "#2"
        },
        "south": {
          "uv": [
            5.14286,
            6.28571,
            5.42857,
            14.28571
          ],
          "texture": "#2"
        },
        "west": {
          "uv": [
            4,
            4,
            4.85714,
            12
          ],
          "texture": "#2"
        }
      }
    },
    {
      "from": [
        8,
        4,
        7.75
      ],
      "to": [
        8,
        11,
        12.75
      ],
      "rotation": {
        "angle": -22.5,
        "axis": "x",
        "origin": [
          8,
          7.21248,
          9.39504
        ]
      },
      "faces": {
        "north": {
          "uv": [
            0,
            0,
            0,
            4
          ],
          "texture": "#2"
        },
        "east": {
          "uv": [
            5.71429,
            0,
            2.85714,
            4
          ],
          "texture": "#2"
        },
        "south": {
          "uv": [
            0,
            0,
            0,
            4
          ],
          "texture": "#2"
        },
        "west": {
          "uv": [
            2.85714,
            0,
            5.71429,
            4
          ],
          "texture": "#2"
        },
        "up": {
          "uv": [
            0,
            2.85714,
            0,
            0
          ],
          "texture": "#2"
        },
        "down": {
          "uv": [
            0,
            0,
            0,
            2.85714
          ],
          "texture": "#2"
        }
      }
    },
    {
      "from": [
        8,
        6.25,
        5.5
      ],
      "to": [
        8,
        30.25,
        9.75
      ],
      "rotation": {
        "angle": 0,
        "axis": "y",
        "origin": [
          8,
          6.25,
          -5.5
        ]
      },
      "faces": {
        "north": {
          "uv": [
            0,
            0,
            0,
            13.71429
          ],
          "texture": "#2"
        },
        "east": {
          "uv": [
            2.42857,
            0,
            0,
            13.71429
          ],
          "texture": "#2"
        },
        "south": {
          "uv": [
            0,
            0,
            0,
            13.71429
          ],
          "texture": "#2"
        },
        "west": {
          "uv": [
            0,
            0,
            2.42857,
            13.71429
          ],
          "texture": "#2"
        },
        "up": {
          "uv": [
            0,
            2.42857,
            0,
            0
          ],
          "texture": "#2"
        },
        "down": {
          "uv": [
            0,
            0,
            0,
            2.42857
          ],
          "texture": "#2"
        }
      }
    },
    {
      "from": [
        5.5,
        3.8,
        8
      ],
      "to": [
        10.5,
        8.8,
        8
      ],
      "rotation": {
        "angle": -45,
        "axis": "y",
        "origin": [
          8,
          6.5,
          8
        ]
      },
      "faces": {
        "north": {
          "uv": [
            6.66667,
            0,
            0,
            6.66667
          ],
          "texture": "#1"
        },
        "east": {
          "uv": [
            0,
            0,
            0,
            6.66667
          ],
          "texture": "#1"
        },
        "south": {
          "uv": [
            0,
            0,
            6.66667,
            6.66667
          ],
          "texture": "#1"
        },
        "west": {
          "uv": [
            0,
            0,
            0,
            6.66667
          ],
          "texture": "#1"
        },
        "up": {
          "uv": [
            6.66667,
            0,
            0,
            0
          ],
          "texture": "#1"
        },
        "down": {
          "uv": [
            6.66667,
            0,
            0,
            0
          ],
          "texture": "#1"
        }
      }
    },
    {
      "from": [
        7.05,
        3.3,
        6.75
      ],
      "to": [
        7.05,
        9.3,
        9.25
      ],
      "rotation": {
        "angle": 0,
        "axis": "y",
        "origin": [
          7.25,
          -4,
          6
        ]
      },
      "faces": {
        "north": {
          "uv": [
            0,
            0,
            0,
            8
          ],
          "texture": "#1"
        },
        "south": {
          "uv": [
            0,
            0,
            0,
            8
          ],
          "texture": "#1"
        },
        "west": {
          "uv": [
            0,
            6.66667,
            3.33333,
            14.66667
          ],
          "texture": "#1"
        },
        "up": {
          "uv": [
            0,
            3.33333,
            0,
            0
          ],
          "texture": "#1"
        },
        "down": {
          "uv": [
            0,
            0,
            0,
            3.33333
          ],
          "texture": "#1"
        }
      }
    },
    {
      "from": [
        5.5,
        3.8,
        8
      ],
      "to": [
        10.5,
        8.8,
        8
      ],
      "rotation": {
        "angle": 45,
        "axis": "y",
        "origin": [
          8,
          6.5,
          8
        ]
      },
      "faces": {
        "north": {
          "uv": [
            0,
            0,
            6.66667,
            6.66667
          ],
          "texture": "#1"
        },
        "east": {
          "uv": [
            0,
            0,
            0,
            6.66667
          ],
          "texture": "#1"
        },
        "south": {
          "uv": [
            6.66667,
            0,
            0,
            6.66667
          ],
          "texture": "#1"
        },
        "west": {
          "uv": [
            0,
            0,
            0,
            6.66667
          ],
          "texture": "#1"
        },
        "up": {
          "uv": [
            6.66667,
            0,
            0,
            0
          ],
          "rotation": 180,
          "texture": "#1"
        },
        "down": {
          "uv": [
            6.66667,
            0,
            0,
            0
          ],
          "rotation": 180,
          "texture": "#1"
        }
      }
    },
    {
      "from": [
        8.95,
        3.3,
        6.75
      ],
      "to": [
        8.95,
        9.3,
        9.25
      ],
      "rotation": {
        "angle": 0,
        "axis": "y",
        "origin": [
          8.75,
          -4,
          6
        ]
      },
      "faces": {
        "north": {
          "uv": [
            0,
            0,
            0,
            8
          ],
          "texture": "#1"
        },
        "east": {
          "uv": [
            3.33333,
            6.66667,
            0,
            14.66667
          ],
          "texture": "#1"
        },
        "south": {
          "uv": [
            0,
            0,
            0,
            8
          ],
          "texture": "#1"
        },
        "up": {
          "uv": [
            0,
            3.33333,
            0,
            0
          ],
          "texture": "#1"
        },
        "down": {
          "uv": [
            0,
            0,
            0,
            3.33333
          ],
          "texture": "#1"
        }
      }
    }
  ],
  "gui_light": "front",
  "display": {
    "thirdperson_righthand": {
      "translation": [
        0,
        3,
        1
      ]
    },
    "thirdperson_lefthand": {
      "translation": [
        0,
        3,
        1
      ]
    },
    "firstperson_righthand": {
      "rotation": [
        -10,
        0,
        0
      ],
      "translation": [
        -1.75,
        4.25,
        0.75
      ]
    },
    "firstperson_lefthand": {
      "rotation": [
        -10,
        0,
        0
      ],
      "translation": [
        -1.75,
        4.25,
        0.75
      ]
    },
    "ground": {
      "translation": [
        0,
        9.25,
        0
      ]
    },
    "gui": {
      "rotation": [
        -90,
        45,
        90
      ],
      "translation": [
        3,
        -3.25,
        0
      ],
      "scale": [
        0.73633,
        0.73633,
        0.73633
      ]
    },
    "head": {
      "scale": [
        0,
        0,
        0
      ]
    },
    "fixed": {
      "rotation": [
        0,
        -90,
        0
      ],
      "translation": [
        0,
        -12.25,
        -1
      ],
      "scale": [
        2.50781,
        2.50781,
        2.50781
      ]
    }
  },
  "groups": [
    0,
    1,
    2,
    3,
    4,
    5,
    6,
    7,
    8,
    9,
    10,
    11,
    12,
    13,
    14,
    15,
    16,
    17,
    18,
    {
      "name": "group",
      "origin": [
        8.75,
        -4,
        6
      ],
      "color": 0,
      "children": [
        19,
        20,
        21,
        22
      ]
    }
  ]
}