{
  "credit": "MadebyPolygonMC",
  "texture_size": [
    20,
    20
  ],
  "textures": {
    "1": "malikaset:animations_1",
    "2": "malikaset:shovel",
    "particle": "malikaset:shovel"
  },
  "elements": [
    {
      "from": [
        7.5,
        0,
        7.5
      ],
      "to": [
        8.5,
        1,
        8.5
      ],
      "rotation": {
        "angle": 0,
        "axis": "y",
        "origin": [
          7.5,
          0,
          7.5
        ]
      },
      "faces": {
        "north": {
          "uv": [
            3.2,
            7.2,
            4,
            8
          ],
          "texture": "#2"
        },
        "east": {
          "uv": [
            11.2,
            0.8,
            12,
            1.6
          ],
          "texture": "#2"
        },
        "south": {
          "uv": [
            7.2,
            12,
            8,
            12.8
          ],
          "texture": "#2"
        },
        "west": {
          "uv": [
            12,
            7.2,
            12.8,
            8
          ],
          "texture": "#2"
        },
        "up": {
          "uv": [
            8.8,
            12.8,
            8,
            12
          ],
          "texture": "#2"
        },
        "down": {
          "uv": [
            12.8,
            8,
            12,
            8.8
          ],
          "texture": "#2"
        }
      }
    },
    {
      "from": [
        7.5,
        4.5,
        7.5
      ],
      "to": [
        8.5,
        5.5,
        8.5
      ],
      "rotation": {
        "angle": 0,
        "axis": "y",
        "origin": [
          7.5,
          4.5,
          7.5
        ]
      },
      "faces": {
        "north": {
          "uv": [
            8.8,
            12,
            9.6,
            12.8
          ],
          "texture": "#2"
        },
        "east": {
          "uv": [
            12,
            8.8,
            12.8,
            9.6
          ],
          "texture": "#2"
        },
        "south": {
          "uv": [
            12,
            9.6,
            12.8,
            10.4
          ],
          "texture": "#2"
        },
        "west": {
          "uv": [
            12,
            10.4,
            12.8,
            11.2
          ],
          "texture": "#2"
        },
        "up": {
          "uv": [
            12.8,
            12,
            12,
            11.2
          ],
          "texture": "#2"
        },
        "down": {
          "uv": [
            12.8,
            12,
            12,
            12.8
          ],
          "texture": "#2"
        }
      }
    },
    {
      "from": [
        7.5,
        2.225,
        7.5
      ],
      "to": [
        8.5,
        3.225,
        8.5
      ],
      "rotation": {
        "angle": -45,
        "axis": "x",
        "origin": [
          8,
          2.725,
          8
        ]
      },
      "faces": {
        "north": {
          "uv": [
            12.8,
            0,
            13.6,
            0.8
          ],
          "texture": "#2"
        },
        "east": {
          "uv": [
            12.8,
            2.4,
            13.6,
            3.2
          ],
          "texture": "#2"
        },
        "south": {
          "uv": [
            3.2,
            12.8,
            4,
            13.6
          ],
          "texture": "#2"
        },
        "west": {
          "uv": [
            12.8,
            3.2,
            13.6,
            4
          ],
          "texture": "#2"
        },
        "up": {
          "uv": [
            4.8,
            13.6,
            4,
            12.8
          ],
          "texture": "#2"
        },
        "down": {
          "uv": [
            13.6,
            4,
            12.8,
            4.8
          ],
          "texture": "#2"
        }
      }
    },
    {
      "from": [
        7.4,
        9.225,
        7
      ],
      "to": [
        8.6,
        11.225,
        9
      ],
      "rotation": {
        "angle": -45,
        "axis": "x",
        "origin": [
          8,
          10.225,
          8
        ]
      },
      "faces": {
        "north": {
          "uv": [
            9.6,
            8,
            10.6,
            9.6
          ],
          "texture": "#2"
        },
        "east": {
          "uv": [
            1.6,
            7.2,
            3.2,
            8.8
          ],
          "texture": "#2"
        },
        "south": {
          "uv": [
            9.6,
            9.6,
            10.6,
            11.2
          ],
          "texture": "#2"
        },
        "west": {
          "uv": [
            8,
            0,
            9.6,
            1.6
          ],
          "texture": "#2"
        },
        "up": {
          "uv": [
            2.6,
            12,
            1.6,
            10.4
          ],
          "texture": "#2"
        },
        "down": {
          "uv": [
            11.4,
            1.6,
            10.4,
            3.2
          ],
          "texture": "#2"
        }
      }
    },
    {
      "from": [
        7.15,
        9.475,
        7.25
      ],
      "to": [
        8.85,
        10.975,
        8.75
      ],
      "rotation": {
        "angle": -45,
        "axis": "x",
        "origin": [
          8,
          10.225,
          8
        ]
      },
      "faces": {
        "north": {
          "uv": [
            1.6,
            8.8,
            3,
            10
          ],
          "texture": "#2"
        },
        "east": {
          "uv": [
            10.4,
            3.2,
            11.6,
            4.4
          ],
          "texture": "#2"
        },
        "south": {
          "uv": [
            6.4,
            8.8,
            7.8,
            10
          ],
          "texture": "#2"
        },
        "west": {
          "uv": [
            4.8,
            10.4,
            6,
            11.6
          ],
          "texture": "#2"
        },
        "up": {
          "uv": [
            1.4,
            10.8,
            0,
            9.6
          ],
          "texture": "#2"
        },
        "down": {
          "uv": [
            11,
            0,
            9.6,
            1.2
          ],
          "texture": "#2"
        }
      }
    },
    {
      "from": [
        7.5,
        -1.275,
        7.5
      ],
      "to": [
        8.5,
        -0.275,
        8.5
      ],
      "rotation": {
        "angle": -45,
        "axis": "x",
        "origin": [
          8,
          -0.775,
          8
        ]
      },
      "faces": {
        "north": {
          "uv": [
            12.8,
            4.8,
            13.6,
            5.6
          ],
          "texture": "#2"
        },
        "east": {
          "uv": [
            12.8,
            5.6,
            13.6,
            6.4
          ],
          "texture": "#2"
        },
        "south": {
          "uv": [
            12.8,
            6.4,
            13.6,
            7.2
          ],
          "texture": "#2"
        },
        "west": {
          "uv": [
            7.2,
            12.8,
            8,
            13.6
          ],
          "texture": "#2"
        },
        "up": {
          "uv": [
            13.6,
            8,
            12.8,
            7.2
          ],
          "texture": "#2"
        },
        "down": {
          "uv": [
            8.8,
            12.8,
            8,
            13.6
          ],
          "texture": "#2"
        }
      }
    },
    {
      "from": [
        7.6,
        1,
        7.6
      ],
      "to": [
        8.4,
        4.5,
        8.4
      ],
      "rotation": {
        "angle": 0,
        "axis": "y",
        "origin": [
          7.5,
          1,
          7.5
        ]
      },
      "faces": {
        "north": {
          "uv": [
            9.6,
            1.6,
            10.2,
            4.4
          ],
          "texture": "#2"
        },
        "east": {
          "uv": [
            3.2,
            9.6,
            3.8,
            12.4
          ],
          "texture": "#2"
        },
        "south": {
          "uv": [
            4,
            9.6,
            4.6,
            12.4
          ],
          "texture": "#2"
        },
        "west": {
          "uv": [
            9.6,
            4.8,
            10.2,
            7.6
          ],
          "texture": "#2"
        }
      }
    },
    {
      "from": [
        7.25,
        -0.5,
        7.25
      ],
      "to": [
        8.75,
        0,
        8.75
      ],
      "rotation": {
        "angle": 0,
        "axis": "y",
        "origin": [
          7.5,
          -1,
          7.5
        ]
      },
      "faces": {
        "north": {
          "uv": [
            12,
            12.8,
            13.2,
            13.2
          ],
          "texture": "#2"
        },
        "east": {
          "uv": [
            0,
            13.6,
            1.2,
            14
          ],
          "texture": "#2"
        },
        "south": {
          "uv": [
            13.6,
            0,
            14.8,
            0.4
          ],
          "texture": "#2"
        },
        "west": {
          "uv": [
            13.6,
            0.8,
            14.8,
            1.2
          ],
          "texture": "#2"
        },
        "up": {
          "uv": [
            11.6,
            6,
            10.4,
            4.8
          ],
          "texture": "#2"
        },
        "down": {
          "uv": [
            7.6,
            10.4,
            6.4,
            11.6
          ],
          "texture": "#2"
        }
      }
    },
    {
      "from": [
        7.5,
        9.75,
        5.25
      ],
      "to": [
        8.5,
        10.75,
        7.25
      ],
      "rotation": {
        "angle": 22.5,
        "axis": "x",
        "origin": [
          8,
          10.25,
          6.25
        ]
      },
      "faces": {
        "east": {
          "uv": [
            0,
            11.2,
            1.6,
            12
          ],
          "texture": "#2"
        },
        "south": {
          "uv": [
            12.8,
            8,
            13.6,
            8.8
          ],
          "texture": "#2"
        },
        "west": {
          "uv": [
            11.2,
            0,
            12.8,
            0.8
          ],
          "texture": "#2"
        },
        "up": {
          "uv": [
            12,
            9.6,
            11.2,
            8
          ],
          "texture": "#2"
        },
        "down": {
          "uv": [
            10.4,
            11.2,
            9.6,
            12.8
          ],
          "texture": "#2"
        }
      }
    },
    {
      "from": [
        7.43,
        9.33581,
        4.77438
      ],
      "to": [
        8.57,
        11.61581,
        5.91438
      ],
      "rotation": {
        "angle": -45,
        "axis": "x",
        "origin": [
          8,
          10.47581,
          5.34438
        ]
      },
      "faces": {
        "north": {
          "uv": [
            8,
            3.2,
            9,
            5
          ],
          "texture": "#2"
        },
        "east": {
          "uv": [
            4.8,
            8,
            5.8,
            9.8
          ],
          "texture": "#2"
        },
        "south": {
          "uv": [
            8,
            5.6,
            9,
            7.4
          ],
          "texture": "#2"
        },
        "west": {
          "uv": [
            8,
            8,
            9,
            9.8
          ],
          "texture": "#2"
        },
        "up": {
          "uv": [
            1,
            13,
            0,
            12
          ],
          "texture": "#2"
        },
        "down": {
          "uv": [
            13,
            0.8,
            12,
            1.8
          ],
          "texture": "#2"
        }
      }
    },
    {
      "from": [
        7.5554,
        8.9149,
        6.08448
      ],
      "to": [
        8.4446,
        10.1233,
        6.97368
      ],
      "rotation": {
        "angle": -22.5,
        "axis": "x",
        "origin": [
          8,
          8.8636,
          6.95658
        ]
      },
      "faces": {
        "north": {
          "uv": [
            1.6,
            12,
            2.4,
            13
          ],
          "texture": "#2"
        },
        "east": {
          "uv": [
            2.4,
            12,
            3.2,
            13
          ],
          "texture": "#2"
        },
        "south": {
          "uv": [
            12,
            2.4,
            12.8,
            3.4
          ],
          "texture": "#2"
        },
        "west": {
          "uv": [
            12,
            4,
            12.8,
            5
          ],
          "texture": "#2"
        },
        "down": {
          "uv": [
            9.6,
            12.8,
            8.8,
            13.6
          ],
          "texture": "#2"
        }
      }
    },
    {
      "from": [
        7.671,
        8.03724,
        6.20764
      ],
      "to": [
        8.329,
        8.93145,
        6.86565
      ],
      "rotation": {
        "angle": 0,
        "axis": "x",
        "origin": [
          8,
          8.31334,
          6.50815
        ]
      },
      "faces": {
        "north": {
          "uv": [
            1.6,
            13.6,
            2.2,
            14.4
          ],
          "texture": "#2"
        },
        "east": {
          "uv": [
            13.6,
            1.6,
            14.2,
            2.4
          ],
          "texture": "#2"
        },
        "south": {
          "uv": [
            2.4,
            13.6,
            3,
            14.4
          ],
          "texture": "#2"
        },
        "west": {
          "uv": [
            13.6,
            2.4,
            14.2,
            3.2
          ],
          "texture": "#2"
        },
        "down": {
          "uv": [
            14.2,
            8.8,
            13.6,
            9.4
          ],
          "texture": "#2"
        }
      }
    },
    {
      "from": [
        7.5554,
        10.99773,
        3.78772
      ],
      "to": [
        8.4446,
        12.20613,
        4.67692
      ],
      "rotation": {
        "angle": -22.5,
        "axis": "x",
        "origin": [
          8,
          12.02998,
          4.27196
        ]
      },
      "faces": {
        "north": {
          "uv": [
            4.8,
            12,
            5.6,
            13
          ],
          "texture": "#2"
        },
        "east": {
          "uv": [
            5.6,
            12,
            6.4,
            13
          ],
          "texture": "#2"
        },
        "south": {
          "uv": [
            12,
            5.6,
            12.8,
            6.6
          ],
          "texture": "#2"
        },
        "west": {
          "uv": [
            6.4,
            12,
            7.2,
            13
          ],
          "texture": "#2"
        },
        "up": {
          "uv": [
            13.6,
            9.6,
            12.8,
            8.8
          ],
          "texture": "#2"
        }
      }
    },
    {
      "from": [
        7.671,
        11.9935,
        3.84427
      ],
      "to": [
        8.329,
        12.88772,
        4.50228
      ],
      "rotation": {
        "angle": 0,
        "axis": "x",
        "origin": [
          8,
          12.02998,
          4.27196
        ]
      },
      "faces": {
        "north": {
          "uv": [
            3.2,
            13.6,
            3.8,
            14.4
          ],
          "texture": "#2"
        },
        "east": {
          "uv": [
            13.6,
            3.2,
            14.2,
            4
          ],
          "texture": "#2"
        },
        "south": {
          "uv": [
            4,
            13.6,
            4.6,
            14.4
          ],
          "texture": "#2"
        },
        "west": {
          "uv": [
            13.6,
            4,
            14.2,
            4.8
          ],
          "texture": "#2"
        },
        "up": {
          "uv": [
            14.2,
            10.2,
            13.6,
            9.6
          ],
          "texture": "#2"
        }
      }
    },
    {
      "from": [
        7.5,
        9.75,
        8.75
      ],
      "to": [
        8.5,
        10.75,
        10.75
      ],
      "rotation": {
        "angle": -22.5,
        "axis": "x",
        "origin": [
          8,
          10.25,
          9.75
        ]
      },
      "faces": {
        "north": {
          "uv": [
            13.6,
            8,
            12.8,
            8.8
          ],
          "texture": "#2"
        },
        "east": {
          "uv": [
            1.6,
            11.2,
            0,
            12
          ],
          "texture": "#2"
        },
        "west": {
          "uv": [
            12.8,
            0,
            11.2,
            0.8
          ],
          "texture": "#2"
        },
        "up": {
          "uv": [
            12,
            8,
            11.2,
            9.6
          ],
          "texture": "#2"
        },
        "down": {
          "uv": [
            10.4,
            12.8,
            9.6,
            11.2
          ],
          "texture": "#2"
        }
      }
    },
    {
      "from": [
        7.43,
        9.33581,
        10.08562
      ],
      "to": [
        8.57,
        11.61581,
        11.22562
      ],
      "rotation": {
        "angle": 45,
        "axis": "x",
        "origin": [
          8,
          10.47581,
          10.65562
        ]
      },
      "faces": {
        "north": {
          "uv": [
            9,
            5.6,
            8,
            7.4
          ],
          "texture": "#2"
        },
        "east": {
          "uv": [
            5.8,
            8,
            4.8,
            9.8
          ],
          "texture": "#2"
        },
        "south": {
          "uv": [
            9,
            3.2,
            8,
            5
          ],
          "texture": "#2"
        },
        "west": {
          "uv": [
            9,
            8,
            8,
            9.8
          ],
          "texture": "#2"
        },
        "up": {
          "uv": [
            1,
            12,
            0,
            13
          ],
          "texture": "#2"
        },
        "down": {
          "uv": [
            13,
            1.8,
            12,
            0.8
          ],
          "texture": "#2"
        }
      }
    },
    {
      "from": [
        7.5554,
        10.99773,
        11.32308
      ],
      "to": [
        8.4446,
        12.20613,
        12.21228
      ],
      "rotation": {
        "angle": 22.5,
        "axis": "x",
        "origin": [
          8,
          12.02998,
          11.72804
        ]
      },
      "faces": {
        "north": {
          "uv": [
            12.8,
            5.6,
            12,
            6.6
          ],
          "texture": "#2"
        },
        "east": {
          "uv": [
            6.4,
            12,
            5.6,
            13
          ],
          "texture": "#2"
        },
        "south": {
          "uv": [
            5.6,
            12,
            4.8,
            13
          ],
          "texture": "#2"
        },
        "west": {
          "uv": [
            7.2,
            12,
            6.4,
            13
          ],
          "texture": "#2"
        },
        "up": {
          "uv": [
            13.6,
            8.8,
            12.8,
            9.6
          ],
          "texture": "#2"
        }
      }
    },
    {
      "from": [
        7.671,
        11.9935,
        11.49772
      ],
      "to": [
        8.329,
        12.88772,
        12.15573
      ],
      "rotation": {
        "angle": 0,
        "axis": "x",
        "origin": [
          8,
          12.02998,
          11.72804
        ]
      },
      "faces": {
        "north": {
          "uv": [
            4.6,
            13.6,
            4,
            14.4
          ],
          "texture": "#2"
        },
        "east": {
          "uv": [
            14.2,
            3.2,
            13.6,
            4
          ],
          "texture": "#2"
        },
        "south": {
          "uv": [
            3.8,
            13.6,
            3.2,
            14.4
          ],
          "texture": "#2"
        },
        "west": {
          "uv": [
            14.2,
            4,
            13.6,
            4.8
          ],
          "texture": "#2"
        },
        "up": {
          "uv": [
            14.2,
            9.6,
            13.6,
            10.2
          ],
          "texture": "#2"
        }
      }
    },
    {
      "from": [
        7.5554,
        8.9149,
        9.02632
      ],
      "to": [
        8.4446,
        10.1233,
        9.91552
      ],
      "rotation": {
        "angle": 22.5,
        "axis": "x",
        "origin": [
          8,
          8.8636,
          9.04342
        ]
      },
      "faces": {
        "north": {
          "uv": [
            12.8,
            2.4,
            12,
            3.4
          ],
          "texture": "#2"
        },
        "east": {
          "uv": [
            3.2,
            12,
            2.4,
            13
          ],
          "texture": "#2"
        },
        "south": {
          "uv": [
            2.4,
            12,
            1.6,
            13
          ],
          "texture": "#2"
        },
        "west": {
          "uv": [
            12.8,
            4,
            12,
            5
          ],
          "texture": "#2"
        },
        "down": {
          "uv": [
            9.6,
            13.6,
            8.8,
            12.8
          ],
          "texture": "#2"
        }
      }
    },
    {
      "from": [
        7.671,
        8.03724,
        9.13435
      ],
      "to": [
        8.329,
        8.93145,
        9.79236
      ],
      "rotation": {
        "angle": 0,
        "axis": "x",
        "origin": [
          8,
          8.31334,
          9.49185
        ]
      },
      "faces": {
        "north": {
          "uv": [
            3,
            13.6,
            2.4,
            14.4
          ],
          "texture": "#2"
        },
        "east": {
          "uv": [
            14.2,
            1.6,
            13.6,
            2.4
          ],
          "texture": "#2"
        },
        "south": {
          "uv": [
            2.2,
            13.6,
            1.6,
            14.4
          ],
          "texture": "#2"
        },
        "west": {
          "uv": [
            14.2,
            2.4,
            13.6,
            3.2
          ],
          "texture": "#2"
        },
        "down": {
          "uv": [
            14.2,
            9.4,
            13.6,
            8.8
          ],
          "texture": "#2"
        }
      }
    },
    {
      "from": [
        7.75,
        5.85,
        7
      ],
      "to": [
        8.25,
        9.85,
        9
      ],
      "rotation": {
        "angle": 0,
        "axis": "y",
        "origin": [
          8.25,
          8.95,
          8
        ]
      },
      "faces": {
        "north": {
          "uv": [
            11.2,
            9.6,
            11.6,
            12.8
          ],
          "texture": "#2"
        },
        "east": {
          "uv": [
            4,
            0,
            5.6,
            3.2
          ],
          "texture": "#2"
        },
        "south": {
          "uv": [
            10.4,
            11.2,
            10.8,
            14.4
          ],
          "texture": "#2"
        },
        "west": {
          "uv": [
            4,
            3.2,
            5.6,
            6.4
          ],
          "texture": "#2"
        }
      }
    },
    {
      "from": [
        7.7375,
        5.01841,
        7
      ],
      "to": [
        8.2625,
        6.44341,
        8.425
      ],
      "rotation": {
        "angle": 45,
        "axis": "x",
        "origin": [
          7.9875,
          5.44341,
          8
        ]
      },
      "faces": {
        "north": {
          "uv": [
            4.8,
            13.6,
            5.2,
            14.8
          ],
          "texture": "#2"
        },
        "east": {
          "uv": [
            10.4,
            6.4,
            11.6,
            7.6
          ],
          "texture": "#2"
        },
        "south": {
          "uv": [
            13.6,
            4.8,
            14,
            6
          ],
          "texture": "#2"
        },
        "west": {
          "uv": [
            8,
            10.4,
            9.2,
            11.6
          ],
          "texture": "#2"
        },
        "up": {
          "uv": [
            6,
            14.8,
            5.6,
            13.6
          ],
          "texture": "#2"
        },
        "down": {
          "uv": [
            6.8,
            13.6,
            6.4,
            14.8
          ],
          "texture": "#2"
        }
      }
    },
    {
      "from": [
        7.815,
        10.515,
        6.52
      ],
      "to": [
        8.185,
        11.995,
        9.48
      ],
      "rotation": {
        "angle": 0,
        "axis": "y",
        "origin": [
          8.185,
          8.665,
          8
        ]
      },
      "faces": {
        "north": {
          "uv": [
            14.4,
            2.4,
            14.6,
            3.6
          ],
          "texture": "#2"
        },
        "east": {
          "uv": [
            5.6,
            4.8,
            8,
            6
          ],
          "texture": "#2"
        },
        "south": {
          "uv": [
            3.2,
            14.4,
            3.4,
            15.6
          ],
          "texture": "#2"
        },
        "west": {
          "uv": [
            4,
            6.4,
            6.4,
            7.6
          ],
          "texture": "#2"
        },
        "up": {
          "uv": [
            13.8,
            8.8,
            13.6,
            6.4
          ],
          "texture": "#2"
        }
      }
    },
    {
      "from": [
        7.815,
        14.215,
        6.52
      ],
      "to": [
        8.185,
        16.695,
        9.48
      ],
      "rotation": {
        "angle": 0,
        "axis": "y",
        "origin": [
          8.185,
          11.625,
          8
        ]
      },
      "faces": {
        "north": {
          "uv": [
            8,
            13.6,
            8.2,
            15.6
          ],
          "texture": "#2"
        },
        "east": {
          "uv": [
            5.6,
            0,
            8,
            2
          ],
          "texture": "#2"
        },
        "south": {
          "uv": [
            8.8,
            13.6,
            9,
            15.6
          ],
          "texture": "#2"
        },
        "west": {
          "uv": [
            5.6,
            2.4,
            8,
            4.4
          ],
          "texture": "#2"
        },
        "up": {
          "uv": [
            7.4,
            16,
            7.2,
            13.6
          ],
          "texture": "#2"
        }
      }
    },
    {
      "from": [
        7.815,
        11.995,
        7.013
      ],
      "to": [
        8.185,
        14.215,
        8.987
      ],
      "rotation": {
        "angle": 0,
        "axis": "y",
        "origin": [
          8.185,
          10.145,
          8
        ]
      },
      "faces": {
        "north": {
          "uv": [
            12,
            13.6,
            12.2,
            15.4
          ],
          "texture": "#2"
        },
        "east": {
          "uv": [
            6.4,
            6.4,
            8,
            8.2
          ],
          "texture": "#2"
        },
        "south": {
          "uv": [
            13.6,
            12,
            13.8,
            13.8
          ],
          "texture": "#2"
        },
        "west": {
          "uv": [
            0,
            7.2,
            1.6,
            9
          ],
          "texture": "#2"
        }
      }
    },
    {
      "from": [
        7.82,
        11.51663,
        6.93489
      ],
      "to": [
        8.18,
        12.25663,
        7.67489
      ],
      "rotation": {
        "angle": 45,
        "axis": "x",
        "origin": [
          8.005,
          12.25663,
          7.30489
        ]
      },
      "faces": {
        "north": {
          "uv": [
            4,
            14.4,
            4.2,
            15
          ],
          "texture": "#2"
        },
        "east": {
          "uv": [
            13.6,
            10.4,
            14.2,
            11
          ],
          "texture": "#2"
        },
        "west": {
          "uv": [
            13.6,
            11.2,
            14.2,
            11.8
          ],
          "texture": "#2"
        }
      }
    },
    {
      "from": [
        7.82,
        11.51663,
        8.32511
      ],
      "to": [
        8.18,
        12.25663,
        9.06511
      ],
      "rotation": {
        "angle": -45,
        "axis": "x",
        "origin": [
          8.005,
          12.25663,
          8.69511
        ]
      },
      "faces": {
        "east": {
          "uv": [
            0.8,
            14.4,
            1.4,
            15
          ],
          "texture": "#2"
        },
        "south": {
          "uv": [
            14.4,
            4.8,
            14.6,
            5.4
          ],
          "texture": "#2"
        },
        "west": {
          "uv": [
            1.6,
            14.4,
            2.2,
            15
          ],
          "texture": "#2"
        }
      }
    },
    {
      "from": [
        7.82,
        13.845,
        8.58674
      ],
      "to": [
        8.18,
        14.585,
        9.32674
      ],
      "rotation": {
        "angle": 45,
        "axis": "x",
        "origin": [
          8.005,
          14.215,
          8.95674
        ]
      },
      "faces": {
        "east": {
          "uv": [
            12.8,
            13.6,
            13.4,
            14.2
          ],
          "texture": "#2"
        },
        "south": {
          "uv": [
            14.4,
            4,
            14.6,
            4.6
          ],
          "texture": "#2"
        },
        "west": {
          "uv": [
            0,
            14.4,
            0.6,
            15
          ],
          "texture": "#2"
        }
      }
    },
    {
      "from": [
        7.82,
        13.845,
        6.67326
      ],
      "to": [
        8.18,
        14.585,
        7.41326
      ],
      "rotation": {
        "angle": -45,
        "axis": "x",
        "origin": [
          8.005,
          14.215,
          7.04326
        ]
      },
      "faces": {
        "north": {
          "uv": [
            14.4,
            5.6,
            14.6,
            6.2
          ],
          "texture": "#2"
        },
        "east": {
          "uv": [
            14.4,
            1.6,
            15,
            2.2
          ],
          "texture": "#2"
        },
        "west": {
          "uv": [
            2.4,
            14.4,
            3,
            15
          ],
          "texture": "#2"
        }
      }
    },
    {
      "from": [
        7.7965,
        15.81675,
        6.52
      ],
      "to": [
        8.2035,
        17.92575,
        8.629
      ],
      "rotation": {
        "angle": -45,
        "axis": "x",
        "origin": [
          8,
          17.29675,
          8
        ]
      },
      "faces": {
        "north": {
          "uv": [
            9.6,
            12.8,
            10,
            14.4
          ],
          "texture": "#2"
        },
        "east": {
          "uv": [
            8,
            1.6,
            9.6,
            3.2
          ],
          "texture": "#2"
        },
        "south": {
          "uv": [
            12.8,
            9.6,
            13.2,
            11.2
          ],
          "texture": "#2"
        },
        "west": {
          "uv": [
            3.2,
            8,
            4.8,
            9.6
          ],
          "texture": "#2"
        },
        "up": {
          "uv": [
            11.6,
            14.4,
            11.2,
            12.8
          ],
          "texture": "#2"
        },
        "down": {
          "uv": [
            13.2,
            11.2,
            12.8,
            12.8
          ],
          "texture": "#2"
        }
      }
    },
    {
      "from": [
        8,
        10.5,
        5.75
      ],
      "to": [
        8,
        19.5,
        10.25
      ],
      "rotation": {
        "angle": 0,
        "axis": "y",
        "origin": [
          8,
          10.5,
          5.5
        ]
      },
      "faces": {
        "north": {
          "uv": [
            0,
            0,
            0,
            7.2
          ],
          "texture": "#2"
        },
        "east": {
          "uv": [
            3.6,
            0,
            0,
            7.2
          ],
          "texture": "#2"
        },
        "south": {
          "uv": [
            0,
            0,
            0,
            7.2
          ],
          "texture": "#2"
        },
        "west": {
          "uv": [
            0,
            0,
            3.6,
            7.2
          ],
          "texture": "#2"
        },
        "up": {
          "uv": [
            0,
            3.6,
            0,
            0
          ],
          "texture": "#2"
        },
        "down": {
          "uv": [
            0,
            0,
            0,
            3.6
          ],
          "texture": "#2"
        }
      }
    },
    {
      "from": [
        5.5,
        7.7,
        8.05
      ],
      "to": [
        10.5,
        12.7,
        8.05
      ],
      "rotation": {
        "angle": -45,
        "axis": "y",
        "origin": [
          8,
          10.4,
          8.05
        ]
      },
      "faces": {
        "north": {
          "uv": [
            6.66667,
            0,
            0,
            6.66667
          ],
          "texture": "#1"
        },
        "east": {
          "uv": [
            0,
            0,
            0,
            4
          ],
          "texture": "#1"
        },
        "south": {
          "uv": [
            0,
            0,
            6.66667,
            6.66667
          ],
          "texture": "#1"
        },
        "west": {
          "uv": [
            0,
            0,
            0,
            4
          ],
          "texture": "#1"
        },
        "up": {
          "uv": [
            4,
            0,
            0,
            0
          ],
          "texture": "#1"
        },
        "down": {
          "uv": [
            4,
            0,
            0,
            0
          ],
          "texture": "#1"
        }
      }
    },
    {
      "from": [
        5.5,
        7.7,
        8.05
      ],
      "to": [
        10.5,
        12.7,
        8.05
      ],
      "rotation": {
        "angle": 45,
        "axis": "y",
        "origin": [
          8,
          10.4,
          8.05
        ]
      },
      "faces": {
        "north": {
          "uv": [
            0,
            0,
            6.66667,
            6.66667
          ],
          "texture": "#1"
        },
        "east": {
          "uv": [
            0,
            0,
            0,
            4
          ],
          "texture": "#1"
        },
        "south": {
          "uv": [
            6.66667,
            0,
            0,
            6.66667
          ],
          "texture": "#1"
        },
        "west": {
          "uv": [
            0,
            0,
            0,
            4
          ],
          "texture": "#1"
        },
        "up": {
          "uv": [
            4,
            0,
            0,
            0
          ],
          "rotation": 180,
          "texture": "#1"
        },
        "down": {
          "uv": [
            4,
            0,
            0,
            0
          ],
          "rotation": 180,
          "texture": "#1"
        }
      }
    }
  ],
  "gui_light": "front",
  "display": {
    "thirdperson_righthand": {
      "translation": [
        0,
        2.75,
        1
      ]
    },
    "thirdperson_lefthand": {
      "translation": [
        0,
        2.75,
        1
      ]
    },
    "firstperson_righthand": {
      "rotation": [
        -10,
        0,
        0
      ],
      "translation": [
        -1.75,
        4.25,
        0.75
      ]
    },
    "firstperson_lefthand": {
      "rotation": [
        -10,
        0,
        0
      ],
      "translation": [
        -1.75,
        4.25,
        0.75
      ]
    },
    "ground": {
      "translation": [
        0,
        9.25,
        0
      ]
    },
    "gui": {
      "rotation": [
        -90,
        45,
        90
      ],
      "translation": [
        1,
        -1,
        0
      ],
      "scale": [
        0.9961,
        0.9961,
        0.9961
      ]
    },
    "head": {
      "scale": [
        0,
        0,
        0
      ]
    },
    "fixed": {
      "rotation": [
        0,
        -90,
        0
      ],
      "translation": [
        0,
        -0.5,
        -2
      ],
      "scale": [
        2.50781,
        2.50781,
        2.50781
      ]
    }
  }
}