{
  "credit": "157018 / 81306TWTNEOWDU5G89UL4VY8",
  "texture_size": [
    12,
    12
  ],
  "textures": {
    "0": "malikaset:sword",
    "1": "malikaset:animations_1",
    "particle": "malikaset:sword"
  },
  "elements": [
    {
      "from": [
        7.5,
        0,
        7.5
      ],
      "to": [
        8.5,
        1,
        8.5
      ],
      "rotation": {
        "angle": 0,
        "axis": "y",
        "origin": [
          7.5,
          0,
          7.5
        ]
      },
      "faces": {
        "north": {
          "uv": [
            6.66667,
            4,
            7.33333,
            4.66667
          ],
          "texture": "#0"
        },
        "east": {
          "uv": [
            11.33333,
            5.33333,
            12,
            6
          ],
          "texture": "#0"
        },
        "south": {
          "uv": [
            12,
            9.33333,
            12.66667,
            10
          ],
          "texture": "#0"
        },
        "west": {
          "uv": [
            10,
            12,
            10.66667,
            12.66667
          ],
          "texture": "#0"
        },
        "up": {
          "uv": [
            12.66667,
            10.66667,
            12,
            10
          ],
          "texture": "#0"
        },
        "down": {
          "uv": [
            12.66667,
            10.66667,
            12,
            11.33333
          ],
          "texture": "#0"
        }
      }
    },
    {
      "from": [
        7.5,
        4.5,
        7.5
      ],
      "to": [
        8.5,
        5.5,
        8.5
      ],
      "rotation": {
        "angle": 0,
        "axis": "y",
        "origin": [
          7.5,
          4.5,
          7.5
        ]
      },
      "faces": {
        "north": {
          "uv": [
            12.66667,
            7.33333,
            13.33333,
            8
          ],
          "texture": "#0"
        },
        "east": {
          "uv": [
            12.66667,
            8,
            13.33333,
            8.66667
          ],
          "texture": "#0"
        },
        "south": {
          "uv": [
            12.66667,
            8.66667,
            13.33333,
            9.33333
          ],
          "texture": "#0"
        },
        "west": {
          "uv": [
            12.66667,
            9.33333,
            13.33333,
            10
          ],
          "texture": "#0"
        },
        "up": {
          "uv": [
            10.66667,
            13.33333,
            10,
            12.66667
          ],
          "texture": "#0"
        },
        "down": {
          "uv": [
            13.33333,
            10,
            12.66667,
            10.66667
          ],
          "texture": "#0"
        }
      }
    },
    {
      "from": [
        7.5,
        2.225,
        7.5
      ],
      "to": [
        8.5,
        3.225,
        8.5
      ],
      "rotation": {
        "angle": -45,
        "axis": "x",
        "origin": [
          8,
          2.725,
          8
        ]
      },
      "faces": {
        "north": {
          "uv": [
            12,
            11.33333,
            12.66667,
            12
          ],
          "texture": "#0"
        },
        "east": {
          "uv": [
            12,
            12,
            12.66667,
            12.66667
          ],
          "texture": "#0"
        },
        "south": {
          "uv": [
            12.66667,
            0,
            13.33333,
            0.66667
          ],
          "texture": "#0"
        },
        "west": {
          "uv": [
            12.66667,
            0.66667,
            13.33333,
            1.33333
          ],
          "texture": "#0"
        },
        "up": {
          "uv": [
            13.33333,
            2,
            12.66667,
            1.33333
          ],
          "texture": "#0"
        },
        "down": {
          "uv": [
            13.33333,
            2,
            12.66667,
            2.66667
          ],
          "texture": "#0"
        }
      }
    },
    {
      "from": [
        7.4,
        5.225,
        7
      ],
      "to": [
        8.6,
        7.225,
        9
      ],
      "rotation": {
        "angle": -45,
        "axis": "x",
        "origin": [
          8,
          6.225,
          8
        ]
      },
      "faces": {
        "north": {
          "uv": [
            9.33333,
            8,
            10.16667,
            9.33333
          ],
          "texture": "#0"
        },
        "east": {
          "uv": [
            6.66667,
            2.66667,
            8,
            4
          ],
          "texture": "#0"
        },
        "south": {
          "uv": [
            9.33333,
            9.33333,
            10.16667,
            10.66667
          ],
          "texture": "#0"
        },
        "west": {
          "uv": [
            7.33333,
            4,
            8.66667,
            5.33333
          ],
          "texture": "#0"
        },
        "up": {
          "uv": [
            10.83333,
            1.33333,
            10,
            0
          ],
          "texture": "#0"
        },
        "down": {
          "uv": [
            10.83333,
            1.33333,
            10,
            2.66667
          ],
          "texture": "#0"
        }
      }
    },
    {
      "from": [
        7.15,
        5.475,
        7.25
      ],
      "to": [
        8.85,
        6.975,
        8.75
      ],
      "rotation": {
        "angle": -45,
        "axis": "x",
        "origin": [
          8,
          6.225,
          8
        ]
      },
      "faces": {
        "north": {
          "uv": [
            4,
            9.33333,
            5.16667,
            10.33333
          ],
          "texture": "#0"
        },
        "east": {
          "uv": [
            10.66667,
            7.33333,
            11.66667,
            8.33333
          ],
          "texture": "#0"
        },
        "south": {
          "uv": [
            9.33333,
            5.33333,
            10.5,
            6.33333
          ],
          "texture": "#0"
        },
        "west": {
          "uv": [
            8,
            10.66667,
            9,
            11.66667
          ],
          "texture": "#0"
        },
        "up": {
          "uv": [
            10.5,
            7.66667,
            9.33333,
            6.66667
          ],
          "texture": "#0"
        },
        "down": {
          "uv": [
            9.16667,
            9.33333,
            8,
            10.33333
          ],
          "texture": "#0"
        }
      }
    },
    {
      "from": [
        7.5,
        -1.275,
        7.5
      ],
      "to": [
        8.5,
        -0.275,
        8.5
      ],
      "rotation": {
        "angle": -45,
        "axis": "x",
        "origin": [
          8,
          -0.775,
          8
        ]
      },
      "faces": {
        "north": {
          "uv": [
            12.66667,
            2.66667,
            13.33333,
            3.33333
          ],
          "texture": "#0"
        },
        "east": {
          "uv": [
            12.66667,
            3.33333,
            13.33333,
            4
          ],
          "texture": "#0"
        },
        "south": {
          "uv": [
            12.66667,
            4,
            13.33333,
            4.66667
          ],
          "texture": "#0"
        },
        "west": {
          "uv": [
            12.66667,
            4.66667,
            13.33333,
            5.33333
          ],
          "texture": "#0"
        },
        "up": {
          "uv": [
            6,
            13.33333,
            5.33333,
            12.66667
          ],
          "texture": "#0"
        },
        "down": {
          "uv": [
            13.33333,
            6.66667,
            12.66667,
            7.33333
          ],
          "texture": "#0"
        }
      }
    },
    {
      "from": [
        7.6,
        1,
        7.6
      ],
      "to": [
        8.4,
        4.5,
        8.4
      ],
      "rotation": {
        "angle": 0,
        "axis": "y",
        "origin": [
          7.5,
          1,
          7.5
        ]
      },
      "faces": {
        "north": {
          "uv": [
            6.66667,
            7.33333,
            7.16667,
            9.66667
          ],
          "texture": "#0"
        },
        "east": {
          "uv": [
            9.33333,
            0,
            9.83333,
            2.33333
          ],
          "texture": "#0"
        },
        "south": {
          "uv": [
            9.33333,
            2.66667,
            9.83333,
            5
          ],
          "texture": "#0"
        },
        "west": {
          "uv": [
            3.5,
            9.33333,
            4,
            11.66667
          ],
          "texture": "#0"
        }
      }
    },
    {
      "from": [
        7.25,
        -0.5,
        7.25
      ],
      "to": [
        8.75,
        0,
        8.75
      ],
      "rotation": {
        "angle": 0,
        "axis": "y",
        "origin": [
          7.5,
          -1,
          7.5
        ]
      },
      "faces": {
        "north": {
          "uv": [
            12.66667,
            12,
            13.66667,
            12.33333
          ],
          "texture": "#0"
        },
        "east": {
          "uv": [
            12.66667,
            12.66667,
            13.66667,
            13
          ],
          "texture": "#0"
        },
        "south": {
          "uv": [
            13.33333,
            0,
            14.33333,
            0.33333
          ],
          "texture": "#0"
        },
        "west": {
          "uv": [
            13.33333,
            0.66667,
            14.33333,
            1
          ],
          "texture": "#0"
        },
        "up": {
          "uv": [
            5,
            11.66667,
            4,
            10.66667
          ],
          "texture": "#0"
        },
        "down": {
          "uv": [
            11.66667,
            6,
            10.66667,
            7
          ],
          "texture": "#0"
        }
      }
    },
    {
      "from": [
        7.5,
        5.75,
        5.25
      ],
      "to": [
        8.5,
        6.75,
        7.25
      ],
      "rotation": {
        "angle": 22.5,
        "axis": "x",
        "origin": [
          8,
          6.25,
          6.25
        ]
      },
      "faces": {
        "east": {
          "uv": [
            11.33333,
            4,
            12.66667,
            4.66667
          ],
          "texture": "#0"
        },
        "south": {
          "uv": [
            12.66667,
            10.66667,
            13.33333,
            11.33333
          ],
          "texture": "#0"
        },
        "west": {
          "uv": [
            11.33333,
            4.66667,
            12.66667,
            5.33333
          ],
          "texture": "#0"
        },
        "up": {
          "uv": [
            9.33333,
            5.33333,
            8.66667,
            4
          ],
          "texture": "#0"
        },
        "down": {
          "uv": [
            10.66667,
            2.66667,
            10,
            4
          ],
          "texture": "#0"
        }
      }
    },
    {
      "from": [
        7.43,
        5.33581,
        4.77438
      ],
      "to": [
        8.57,
        7.61581,
        5.91438
      ],
      "rotation": {
        "angle": -45,
        "axis": "x",
        "origin": [
          8,
          6.47581,
          5.34438
        ]
      },
      "faces": {
        "north": {
          "uv": [
            8,
            0,
            8.83333,
            1.5
          ],
          "texture": "#0"
        },
        "east": {
          "uv": [
            8,
            2,
            8.83333,
            3.5
          ],
          "texture": "#0"
        },
        "south": {
          "uv": [
            8,
            5.33333,
            8.83333,
            6.83333
          ],
          "texture": "#0"
        },
        "west": {
          "uv": [
            8,
            7.33333,
            8.83333,
            8.83333
          ],
          "texture": "#0"
        },
        "up": {
          "uv": [
            4.16667,
            12.83333,
            3.33333,
            12
          ],
          "texture": "#0"
        },
        "down": {
          "uv": [
            12.83333,
            5.33333,
            12,
            6.16667
          ],
          "texture": "#0"
        }
      }
    },
    {
      "from": [
        7.5554,
        4.9149,
        6.08448
      ],
      "to": [
        8.4446,
        6.1233,
        6.97368
      ],
      "rotation": {
        "angle": -22.5,
        "axis": "x",
        "origin": [
          8,
          4.8636,
          6.95658
        ]
      },
      "faces": {
        "north": {
          "uv": [
            10,
            4,
            10.66667,
            4.83333
          ],
          "texture": "#0"
        },
        "east": {
          "uv": [
            4.66667,
            12,
            5.33333,
            12.83333
          ],
          "texture": "#0"
        },
        "south": {
          "uv": [
            6,
            12,
            6.66667,
            12.83333
          ],
          "texture": "#0"
        },
        "west": {
          "uv": [
            12,
            6.66667,
            12.66667,
            7.5
          ],
          "texture": "#0"
        },
        "down": {
          "uv": [
            13.33333,
            11.33333,
            12.66667,
            12
          ],
          "texture": "#0"
        }
      }
    },
    {
      "from": [
        7.671,
        4.03724,
        6.20764
      ],
      "to": [
        8.329,
        4.93145,
        6.86565
      ],
      "rotation": {
        "angle": 0,
        "axis": "x",
        "origin": [
          8,
          4.31334,
          6.50815
        ]
      },
      "faces": {
        "north": {
          "uv": [
            13.33333,
            1.33333,
            13.83333,
            2
          ],
          "texture": "#0"
        },
        "east": {
          "uv": [
            13.33333,
            2,
            13.83333,
            2.66667
          ],
          "texture": "#0"
        },
        "south": {
          "uv": [
            13.33333,
            2.66667,
            13.83333,
            3.33333
          ],
          "texture": "#0"
        },
        "west": {
          "uv": [
            3.33333,
            13.33333,
            3.83333,
            14
          ],
          "texture": "#0"
        },
        "down": {
          "uv": [
            13.83333,
            10,
            13.33333,
            10.5
          ],
          "texture": "#0"
        }
      }
    },
    {
      "from": [
        7.5554,
        6.99773,
        3.78772
      ],
      "to": [
        8.4446,
        8.20613,
        4.67692
      ],
      "rotation": {
        "angle": -22.5,
        "axis": "x",
        "origin": [
          8,
          8.02998,
          4.27196
        ]
      },
      "faces": {
        "north": {
          "uv": [
            8,
            12,
            8.66667,
            12.83333
          ],
          "texture": "#0"
        },
        "east": {
          "uv": [
            12,
            8,
            12.66667,
            8.83333
          ],
          "texture": "#0"
        },
        "south": {
          "uv": [
            8.66667,
            12,
            9.33333,
            12.83333
          ],
          "texture": "#0"
        },
        "west": {
          "uv": [
            9.33333,
            12,
            10,
            12.83333
          ],
          "texture": "#0"
        },
        "up": {
          "uv": [
            12.66667,
            13.33333,
            12,
            12.66667
          ],
          "texture": "#0"
        }
      }
    },
    {
      "from": [
        7.671,
        7.9935,
        3.84427
      ],
      "to": [
        8.329,
        8.88772,
        4.50228
      ],
      "rotation": {
        "angle": 0,
        "axis": "x",
        "origin": [
          8,
          8.02998,
          4.27196
        ]
      },
      "faces": {
        "north": {
          "uv": [
            13.33333,
            3.33333,
            13.83333,
            4
          ],
          "texture": "#0"
        },
        "east": {
          "uv": [
            4,
            13.33333,
            4.5,
            14
          ],
          "texture": "#0"
        },
        "south": {
          "uv": [
            13.33333,
            4,
            13.83333,
            4.66667
          ],
          "texture": "#0"
        },
        "west": {
          "uv": [
            4.66667,
            13.33333,
            5.16667,
            14
          ],
          "texture": "#0"
        },
        "up": {
          "uv": [
            13.83333,
            11.16667,
            13.33333,
            10.66667
          ],
          "texture": "#0"
        }
      }
    },
    {
      "from": [
        7.5,
        5.75,
        8.75
      ],
      "to": [
        8.5,
        6.75,
        10.75
      ],
      "rotation": {
        "angle": -22.5,
        "axis": "x",
        "origin": [
          8,
          6.25,
          9.75
        ]
      },
      "faces": {
        "north": {
          "uv": [
            13.33333,
            10.66667,
            12.66667,
            11.33333
          ],
          "texture": "#0"
        },
        "east": {
          "uv": [
            12.66667,
            4,
            11.33333,
            4.66667
          ],
          "texture": "#0"
        },
        "west": {
          "uv": [
            12.66667,
            4.66667,
            11.33333,
            5.33333
          ],
          "texture": "#0"
        },
        "up": {
          "uv": [
            9.33333,
            4,
            8.66667,
            5.33333
          ],
          "texture": "#0"
        },
        "down": {
          "uv": [
            10.66667,
            4,
            10,
            2.66667
          ],
          "texture": "#0"
        }
      }
    },
    {
      "from": [
        7.43,
        5.33581,
        10.08562
      ],
      "to": [
        8.57,
        7.61581,
        11.22562
      ],
      "rotation": {
        "angle": 45,
        "axis": "x",
        "origin": [
          8,
          6.47581,
          10.65562
        ]
      },
      "faces": {
        "north": {
          "uv": [
            8.83333,
            5.33333,
            8,
            6.83333
          ],
          "texture": "#0"
        },
        "east": {
          "uv": [
            8.83333,
            2,
            8,
            3.5
          ],
          "texture": "#0"
        },
        "south": {
          "uv": [
            8.83333,
            0,
            8,
            1.5
          ],
          "texture": "#0"
        },
        "west": {
          "uv": [
            8.83333,
            7.33333,
            8,
            8.83333
          ],
          "texture": "#0"
        },
        "up": {
          "uv": [
            4.16667,
            12,
            3.33333,
            12.83333
          ],
          "texture": "#0"
        },
        "down": {
          "uv": [
            12.83333,
            6.16667,
            12,
            5.33333
          ],
          "texture": "#0"
        }
      }
    },
    {
      "from": [
        7.5554,
        6.99773,
        11.32308
      ],
      "to": [
        8.4446,
        8.20613,
        12.21228
      ],
      "rotation": {
        "angle": 22.5,
        "axis": "x",
        "origin": [
          8,
          8.02998,
          11.72804
        ]
      },
      "faces": {
        "north": {
          "uv": [
            9.33333,
            12,
            8.66667,
            12.83333
          ],
          "texture": "#0"
        },
        "east": {
          "uv": [
            12.66667,
            8,
            12,
            8.83333
          ],
          "texture": "#0"
        },
        "south": {
          "uv": [
            8.66667,
            12,
            8,
            12.83333
          ],
          "texture": "#0"
        },
        "west": {
          "uv": [
            10,
            12,
            9.33333,
            12.83333
          ],
          "texture": "#0"
        },
        "up": {
          "uv": [
            12.66667,
            12.66667,
            12,
            13.33333
          ],
          "texture": "#0"
        }
      }
    },
    {
      "from": [
        7.671,
        7.9935,
        11.49772
      ],
      "to": [
        8.329,
        8.88772,
        12.15573
      ],
      "rotation": {
        "angle": 0,
        "axis": "x",
        "origin": [
          8,
          8.02998,
          11.72804
        ]
      },
      "faces": {
        "north": {
          "uv": [
            13.83333,
            4,
            13.33333,
            4.66667
          ],
          "texture": "#0"
        },
        "east": {
          "uv": [
            4.5,
            13.33333,
            4,
            14
          ],
          "texture": "#0"
        },
        "south": {
          "uv": [
            13.83333,
            3.33333,
            13.33333,
            4
          ],
          "texture": "#0"
        },
        "west": {
          "uv": [
            5.16667,
            13.33333,
            4.66667,
            14
          ],
          "texture": "#0"
        },
        "up": {
          "uv": [
            13.83333,
            10.66667,
            13.33333,
            11.16667
          ],
          "texture": "#0"
        }
      }
    },
    {
      "from": [
        7.5554,
        4.9149,
        9.02632
      ],
      "to": [
        8.4446,
        6.1233,
        9.91552
      ],
      "rotation": {
        "angle": 22.5,
        "axis": "x",
        "origin": [
          8,
          4.8636,
          9.04342
        ]
      },
      "faces": {
        "north": {
          "uv": [
            6.66667,
            12,
            6,
            12.83333
          ],
          "texture": "#0"
        },
        "east": {
          "uv": [
            5.33333,
            12,
            4.66667,
            12.83333
          ],
          "texture": "#0"
        },
        "south": {
          "uv": [
            10.66667,
            4,
            10,
            4.83333
          ],
          "texture": "#0"
        },
        "west": {
          "uv": [
            12.66667,
            6.66667,
            12,
            7.5
          ],
          "texture": "#0"
        },
        "down": {
          "uv": [
            13.33333,
            12,
            12.66667,
            11.33333
          ],
          "texture": "#0"
        }
      }
    },
    {
      "from": [
        7.671,
        4.03724,
        9.13435
      ],
      "to": [
        8.329,
        4.93145,
        9.79236
      ],
      "rotation": {
        "angle": 0,
        "axis": "x",
        "origin": [
          8,
          4.31334,
          9.49185
        ]
      },
      "faces": {
        "north": {
          "uv": [
            13.83333,
            2.66667,
            13.33333,
            3.33333
          ],
          "texture": "#0"
        },
        "east": {
          "uv": [
            13.83333,
            2,
            13.33333,
            2.66667
          ],
          "texture": "#0"
        },
        "south": {
          "uv": [
            13.83333,
            1.33333,
            13.33333,
            2
          ],
          "texture": "#0"
        },
        "west": {
          "uv": [
            3.83333,
            13.33333,
            3.33333,
            14
          ],
          "texture": "#0"
        },
        "down": {
          "uv": [
            13.83333,
            10.5,
            13.33333,
            10
          ],
          "texture": "#0"
        }
      }
    },
    {
      "from": [
        7.75,
        6.6,
        7
      ],
      "to": [
        8.25,
        10.6,
        9
      ],
      "rotation": {
        "angle": 0,
        "axis": "y",
        "origin": [
          8.25,
          7.5,
          8
        ]
      },
      "faces": {
        "north": {
          "uv": [
            10.66667,
            11.33333,
            11,
            14
          ],
          "texture": "#0"
        },
        "east": {
          "uv": [
            6,
            4.66667,
            7.33333,
            7.33333
          ],
          "texture": "#0"
        },
        "south": {
          "uv": [
            11.33333,
            11.33333,
            11.66667,
            14
          ],
          "texture": "#0"
        },
        "west": {
          "uv": [
            6.66667,
            0,
            8,
            2.66667
          ],
          "texture": "#0"
        }
      }
    },
    {
      "from": [
        7.75,
        10.36777,
        5.43171
      ],
      "to": [
        8.25,
        11.36777,
        5.93171
      ],
      "rotation": {
        "angle": -45,
        "axis": "x",
        "origin": [
          8,
          12.36777,
          5.93171
        ]
      },
      "faces": {
        "north": {
          "uv": [
            13.33333,
            11.33333,
            13.66667,
            12
          ],
          "texture": "#0"
        },
        "east": {
          "uv": [
            12,
            13.33333,
            12.33333,
            14
          ],
          "texture": "#0"
        },
        "south": {
          "uv": [
            12.66667,
            13.33333,
            13,
            14
          ],
          "texture": "#0"
        },
        "west": {
          "uv": [
            13.33333,
            13.33333,
            13.66667,
            14
          ],
          "texture": "#0"
        },
        "up": {
          "uv": [
            14.33333,
            3.66667,
            14,
            3.33333
          ],
          "texture": "#0"
        }
      }
    },
    {
      "from": [
        7.75,
        16.23388,
        6.3156
      ],
      "to": [
        8.25,
        16.73388,
        7.3156
      ],
      "rotation": {
        "angle": -45,
        "axis": "x",
        "origin": [
          8,
          16.48388,
          6.8156
        ]
      },
      "faces": {
        "east": {
          "uv": [
            14,
            1.33333,
            14.66667,
            1.66667
          ],
          "texture": "#0"
        },
        "west": {
          "uv": [
            14,
            2,
            14.66667,
            2.33333
          ],
          "texture": "#0"
        },
        "up": {
          "uv": [
            14.33333,
            3.33333,
            14,
            2.66667
          ],
          "texture": "#0"
        },
        "down": {
          "uv": [
            3.66667,
            14,
            3.33333,
            14.66667
          ],
          "texture": "#0"
        }
      }
    },
    {
      "from": [
        7.75,
        11.30711,
        6.28527
      ],
      "to": [
        8.25,
        16.30711,
        6.78527
      ],
      "rotation": {
        "angle": 0,
        "axis": "x",
        "origin": [
          8,
          11.80711,
          6.53527
        ]
      },
      "faces": {
        "north": {
          "uv": [
            5.33333,
            9.33333,
            5.66667,
            12.66667
          ],
          "texture": "#0"
        },
        "east": {
          "uv": [
            6.66667,
            10,
            7,
            13.33333
          ],
          "texture": "#0"
        },
        "south": {
          "uv": [
            7.33333,
            10,
            7.66667,
            13.33333
          ],
          "texture": "#0"
        },
        "west": {
          "uv": [
            10.66667,
            2.66667,
            11,
            6
          ],
          "texture": "#0"
        }
      }
    },
    {
      "from": [
        7.75,
        16.23388,
        8.6844
      ],
      "to": [
        8.25,
        16.73388,
        9.6844
      ],
      "rotation": {
        "angle": 45,
        "axis": "x",
        "origin": [
          8,
          16.48388,
          9.1844
        ]
      },
      "faces": {
        "east": {
          "uv": [
            14.66667,
            1.33333,
            14,
            1.66667
          ],
          "texture": "#0"
        },
        "west": {
          "uv": [
            14.66667,
            2,
            14,
            2.33333
          ],
          "texture": "#0"
        },
        "up": {
          "uv": [
            14.33333,
            2.66667,
            14,
            3.33333
          ],
          "texture": "#0"
        },
        "down": {
          "uv": [
            3.66667,
            14.66667,
            3.33333,
            14
          ],
          "texture": "#0"
        }
      }
    },
    {
      "from": [
        7.75,
        11.30711,
        9.21473
      ],
      "to": [
        8.25,
        16.30711,
        9.71473
      ],
      "rotation": {
        "angle": 0,
        "axis": "x",
        "origin": [
          8,
          11.80711,
          9.46473
        ]
      },
      "faces": {
        "north": {
          "uv": [
            7.66667,
            10,
            7.33333,
            13.33333
          ],
          "texture": "#0"
        },
        "east": {
          "uv": [
            7,
            10,
            6.66667,
            13.33333
          ],
          "texture": "#0"
        },
        "south": {
          "uv": [
            5.66667,
            9.33333,
            5.33333,
            12.66667
          ],
          "texture": "#0"
        },
        "west": {
          "uv": [
            11,
            2.66667,
            10.66667,
            6
          ],
          "texture": "#0"
        }
      }
    },
    {
      "from": [
        7.75,
        10.36777,
        10.06829
      ],
      "to": [
        8.25,
        11.36777,
        10.56829
      ],
      "rotation": {
        "angle": 45,
        "axis": "x",
        "origin": [
          8,
          12.36777,
          10.06829
        ]
      },
      "faces": {
        "north": {
          "uv": [
            13,
            13.33333,
            12.66667,
            14
          ],
          "texture": "#0"
        },
        "east": {
          "uv": [
            12.33333,
            13.33333,
            12,
            14
          ],
          "texture": "#0"
        },
        "south": {
          "uv": [
            13.66667,
            11.33333,
            13.33333,
            12
          ],
          "texture": "#0"
        },
        "west": {
          "uv": [
            13.66667,
            13.33333,
            13.33333,
            14
          ],
          "texture": "#0"
        },
        "up": {
          "uv": [
            14.33333,
            3.33333,
            14,
            3.66667
          ],
          "texture": "#0"
        }
      }
    },
    {
      "from": [
        7.7375,
        10.00659,
        7
      ],
      "to": [
        8.2625,
        11.43159,
        8.425
      ],
      "rotation": {
        "angle": -45,
        "axis": "x",
        "origin": [
          7.9875,
          11.00659,
          8
        ]
      },
      "faces": {
        "north": {
          "uv": [
            13.33333,
            4.66667,
            13.66667,
            5.66667
          ],
          "texture": "#0"
        },
        "east": {
          "uv": [
            10.66667,
            8.66667,
            11.66667,
            9.66667
          ],
          "texture": "#0"
        },
        "south": {
          "uv": [
            5.33333,
            13.33333,
            5.66667,
            14.33333
          ],
          "texture": "#0"
        },
        "west": {
          "uv": [
            9.33333,
            10.66667,
            10.33333,
            11.66667
          ],
          "texture": "#0"
        },
        "up": {
          "uv": [
            6.33333,
            14.33333,
            6,
            13.33333
          ],
          "texture": "#0"
        },
        "down": {
          "uv": [
            13.66667,
            6,
            13.33333,
            7
          ],
          "texture": "#0"
        }
      }
    },
    {
      "from": [
        7.7375,
        16.59461,
        7.99461
      ],
      "to": [
        8.2625,
        18.01961,
        9.41961
      ],
      "rotation": {
        "angle": 45,
        "axis": "x",
        "origin": [
          8,
          18.01421,
          8
        ]
      },
      "faces": {
        "north": {
          "uv": [
            6.66667,
            13.33333,
            7,
            14.33333
          ],
          "texture": "#0"
        },
        "east": {
          "uv": [
            10.66667,
            10,
            11.66667,
            11
          ],
          "texture": "#0"
        },
        "south": {
          "uv": [
            7.33333,
            13.33333,
            7.66667,
            14.33333
          ],
          "texture": "#0"
        },
        "west": {
          "uv": [
            11.33333,
            0,
            12.33333,
            1
          ],
          "texture": "#0"
        },
        "up": {
          "uv": [
            13.66667,
            8.33333,
            13.33333,
            7.33333
          ],
          "texture": "#0"
        },
        "down": {
          "uv": [
            8.33333,
            13.33333,
            8,
            14.33333
          ],
          "texture": "#0"
        }
      }
    },
    {
      "from": [
        7.7375,
        23.59461,
        7.99461
      ],
      "to": [
        8.2625,
        25.01961,
        9.41961
      ],
      "rotation": {
        "angle": 45,
        "axis": "x",
        "origin": [
          8,
          25.01421,
          8
        ]
      },
      "faces": {
        "north": {
          "uv": [
            8.66667,
            13.33333,
            9,
            14.33333
          ],
          "texture": "#0"
        },
        "east": {
          "uv": [
            11.33333,
            1.33333,
            12.33333,
            2.33333
          ],
          "texture": "#0"
        },
        "south": {
          "uv": [
            13.33333,
            8.66667,
            13.66667,
            9.66667
          ],
          "texture": "#0"
        },
        "west": {
          "uv": [
            11.33333,
            2.66667,
            12.33333,
            3.66667
          ],
          "texture": "#0"
        },
        "up": {
          "uv": [
            9.66667,
            14.33333,
            9.33333,
            13.33333
          ],
          "texture": "#0"
        },
        "down": {
          "uv": [
            10.33333,
            13.33333,
            10,
            14.33333
          ],
          "texture": "#0"
        }
      }
    },
    {
      "from": [
        7.75,
        17.01421,
        7
      ],
      "to": [
        8.25,
        24.01421,
        9
      ],
      "rotation": {
        "angle": 0,
        "axis": "x",
        "origin": [
          8,
          18.01421,
          8
        ]
      },
      "faces": {
        "north": {
          "uv": [
            7.33333,
            5.33333,
            7.66667,
            10
          ],
          "texture": "#0"
        },
        "east": {
          "uv": [
            3.33333,
            4.66667,
            4.66667,
            9.33333
          ],
          "texture": "#0"
        },
        "south": {
          "uv": [
            6,
            7.33333,
            6.33333,
            12
          ],
          "texture": "#0"
        },
        "west": {
          "uv": [
            4.66667,
            4.66667,
            6,
            9.33333
          ],
          "texture": "#0"
        }
      }
    },
    {
      "from": [
        8,
        3.25,
        2
      ],
      "to": [
        8,
        10.25,
        7
      ],
      "rotation": {
        "angle": 0,
        "axis": "y",
        "origin": [
          8,
          3.25,
          2
        ]
      },
      "faces": {
        "north": {
          "uv": [
            0,
            0,
            0,
            4.66667
          ],
          "texture": "#0"
        },
        "east": {
          "uv": [
            6.66667,
            0,
            3.33333,
            4.66667
          ],
          "texture": "#0"
        },
        "south": {
          "uv": [
            0,
            0,
            0,
            4.66667
          ],
          "texture": "#0"
        },
        "west": {
          "uv": [
            3.33333,
            0,
            6.66667,
            4.66667
          ],
          "texture": "#0"
        },
        "up": {
          "uv": [
            0,
            3.33333,
            0,
            0
          ],
          "texture": "#0"
        },
        "down": {
          "uv": [
            0,
            0,
            0,
            3.33333
          ],
          "texture": "#0"
        }
      }
    },
    {
      "from": [
        8,
        3.25,
        9
      ],
      "to": [
        8,
        10.25,
        14
      ],
      "rotation": {
        "angle": 0,
        "axis": "y",
        "origin": [
          8,
          3.25,
          14
        ]
      },
      "faces": {
        "north": {
          "uv": [
            0,
            0,
            0,
            4.66667
          ],
          "texture": "#0"
        },
        "east": {
          "uv": [
            3.33333,
            0,
            6.66667,
            4.66667
          ],
          "texture": "#0"
        },
        "south": {
          "uv": [
            0,
            0,
            0,
            4.66667
          ],
          "texture": "#0"
        },
        "west": {
          "uv": [
            6.66667,
            0,
            3.33333,
            4.66667
          ],
          "texture": "#0"
        },
        "up": {
          "uv": [
            0,
            0,
            0,
            3.33333
          ],
          "texture": "#0"
        },
        "down": {
          "uv": [
            0,
            3.33333,
            0,
            0
          ],
          "texture": "#0"
        }
      }
    },
    {
      "from": [
        8,
        6.25,
        5.5
      ],
      "to": [
        8,
        28.25,
        10.5
      ],
      "rotation": {
        "angle": 0,
        "axis": "y",
        "origin": [
          8,
          6.25,
          5.5
        ]
      },
      "faces": {
        "north": {
          "uv": [
            0,
            0,
            0,
            14.66667
          ],
          "texture": "#0"
        },
        "east": {
          "uv": [
            0,
            0,
            3.33333,
            14.66667
          ],
          "texture": "#0"
        },
        "south": {
          "uv": [
            0,
            0,
            0,
            14.66667
          ],
          "texture": "#0"
        },
        "west": {
          "uv": [
            0,
            0,
            3.33333,
            14.66667
          ],
          "texture": "#0"
        },
        "up": {
          "uv": [
            0,
            3.33333,
            0,
            0
          ],
          "texture": "#0"
        },
        "down": {
          "uv": [
            0,
            0,
            0,
            3.33333
          ],
          "texture": "#0"
        }
      }
    },
    {
      "from": [
        7.8,
        10.8,
        6.75
      ],
      "to": [
        7.8,
        16.8,
        9.25
      ],
      "rotation": {
        "angle": 0,
        "axis": "y",
        "origin": [
          8,
          3.5,
          6
        ]
      },
      "faces": {
        "north": {
          "uv": [
            0,
            0,
            0,
            8
          ],
          "texture": "#1"
        },
        "south": {
          "uv": [
            0,
            0,
            0,
            8
          ],
          "texture": "#1"
        },
        "west": {
          "uv": [
            0,
            6.66667,
            3.33333,
            14.66667
          ],
          "texture": "#1"
        },
        "up": {
          "uv": [
            0,
            3.33333,
            0,
            0
          ],
          "texture": "#1"
        },
        "down": {
          "uv": [
            0,
            0,
            0,
            3.33333
          ],
          "texture": "#1"
        }
      }
    },
    {
      "from": [
        8.2,
        10.8,
        6.75
      ],
      "to": [
        8.2,
        16.8,
        9.25
      ],
      "rotation": {
        "angle": 0,
        "axis": "y",
        "origin": [
          8,
          3.5,
          6
        ]
      },
      "faces": {
        "north": {
          "uv": [
            0,
            0,
            0,
            8
          ],
          "texture": "#1"
        },
        "east": {
          "uv": [
            3.33333,
            6.66667,
            0,
            14.66667
          ],
          "texture": "#1"
        },
        "south": {
          "uv": [
            0,
            0,
            0,
            8
          ],
          "texture": "#1"
        },
        "up": {
          "uv": [
            0,
            3.33333,
            0,
            0
          ],
          "texture": "#1"
        },
        "down": {
          "uv": [
            0,
            0,
            0,
            3.33333
          ],
          "texture": "#1"
        }
      }
    },
    {
      "from": [
        5.5,
        11.3,
        8
      ],
      "to": [
        10.5,
        16.3,
        8
      ],
      "rotation": {
        "angle": -45,
        "axis": "y",
        "origin": [
          8,
          14,
          8
        ]
      },
      "faces": {
        "north": {
          "uv": [
            6.66667,
            0,
            0,
            6.66667
          ],
          "texture": "#1"
        },
        "east": {
          "uv": [
            0,
            0,
            0,
            6.66667
          ],
          "texture": "#1"
        },
        "south": {
          "uv": [
            0,
            0,
            6.66667,
            6.66667
          ],
          "texture": "#1"
        },
        "west": {
          "uv": [
            0,
            0,
            0,
            6.66667
          ],
          "texture": "#1"
        },
        "up": {
          "uv": [
            6.66667,
            0,
            0,
            0
          ],
          "texture": "#1"
        },
        "down": {
          "uv": [
            6.66667,
            0,
            0,
            0
          ],
          "texture": "#1"
        }
      }
    },
    {
      "from": [
        5.5,
        11.3,
        8
      ],
      "to": [
        10.5,
        16.3,
        8
      ],
      "rotation": {
        "angle": 45,
        "axis": "y",
        "origin": [
          8,
          14,
          8
        ]
      },
      "faces": {
        "north": {
          "uv": [
            0,
            0,
            6.66667,
            6.66667
          ],
          "texture": "#1"
        },
        "east": {
          "uv": [
            0,
            0,
            0,
            6.66667
          ],
          "texture": "#1"
        },
        "south": {
          "uv": [
            6.66667,
            0,
            0,
            6.66667
          ],
          "texture": "#1"
        },
        "west": {
          "uv": [
            0,
            0,
            0,
            6.66667
          ],
          "texture": "#1"
        },
        "up": {
          "uv": [
            6.66667,
            0,
            0,
            0
          ],
          "rotation": 180,
          "texture": "#1"
        },
        "down": {
          "uv": [
            6.66667,
            0,
            0,
            0
          ],
          "rotation": 180,
          "texture": "#1"
        }
      }
    }
  ],
  "gui_light": "front",
  "display": {
    "thirdperson_righthand": {
      "translation": [
        0,
        3,
        1
      ]
    },
    "thirdperson_lefthand": {
      "translation": [
        0,
        3,
        1
      ]
    },
    "firstperson_righthand": {
      "rotation": [
        -10,
        0,
        0
      ],
      "translation": [
        -1.75,
        4.25,
        0.75
      ]
    },
    "firstperson_lefthand": {
      "rotation": [
        -10,
        0,
        0
      ],
      "translation": [
        -1.75,
        4.25,
        0.75
      ]
    },
    "ground": {
      "translation": [
        0,
        9.25,
        0
      ]
    },
    "gui": {
      "rotation": [
        90,
        -45,
        90
      ],
      "translation": [
        3.25,
        -3.25,
        0
      ],
      "scale": [
        0.83008,
        0.83008,
        0.83008
      ]
    },
    "head": {
      "scale": [
        0,
        0,
        0
      ]
    },
    "fixed": {
      "rotation": [
        0,
        90,
        0
      ],
      "translation": [
        0,
        -12.25,
        -2
      ],
      "scale": [
        2.50781,
        2.50781,
        2.50781
      ]
    }
  }
}