{
    "credit": "Polygony Creation Co.,Ltd.",
    "texture_size": [
        32,
        32
    ],
    "textures": {
        "2": "lightning_powerset:bow",
        "3": "lightning_powerset:animations/animations_2"
    },
    "elements": [
        {
            "from": [
                7.25,
                11,
                8.25
            ],
            "to": [
                8.75,
                12.5,
                9.75
            ],
            "rotation": {
                "angle": 45,
                "axis": "x",
                "origin": [
                    7.25,
                    12.75,
                    8
                ]
            },
            "faces": {
                "north": {
                    "uv": [
                        9.75,
                        10.25,
                        10.5,
                        11
                    ],
                    "texture": "#2"
                },
                "east": {
                    "uv": [
                        10.75,
                        1.25,
                        11.5,
                        2
                    ],
                    "texture": "#2"
                },
                "south": {
                    "uv": [
                        1.75,
                        10.75,
                        2.5,
                        11.5
                    ],
                    "texture": "#2"
                },
                "west": {
                    "uv": [
                        4.25,
                        10.75,
                        5,
                        11.5
                    ],
                    "texture": "#2"
                },
                "up": {
                    "uv": [
                        6,
                        11.5,
                        5.25,
                        10.75
                    ],
                    "texture": "#2"
                },
                "down": {
                    "uv": [
                        7,
                        10.75,
                        6.25,
                        11.5
                    ],
                    "texture": "#2"
                }
            }
        },
        {
            "from": [
                7.25,
                3.5,
                8.25
            ],
            "to": [
                8.75,
                5,
                9.75
            ],
            "rotation": {
                "angle": -45,
                "axis": "x",
                "origin": [
                    7.25,
                    3.25,
                    8
                ]
            },
            "faces": {
                "north": {
                    "uv": [
                        9.75,
                        11,
                        10.5,
                        10.25
                    ],
                    "texture": "#2"
                },
                "east": {
                    "uv": [
                        10.75,
                        2,
                        11.5,
                        1.25
                    ],
                    "texture": "#2"
                },
                "south": {
                    "uv": [
                        1.75,
                        11.5,
                        2.5,
                        10.75
                    ],
                    "texture": "#2"
                },
                "west": {
                    "uv": [
                        4.25,
                        11.5,
                        5,
                        10.75
                    ],
                    "texture": "#2"
                },
                "up": {
                    "uv": [
                        7,
                        11.5,
                        6.25,
                        10.75
                    ],
                    "texture": "#2"
                },
                "down": {
                    "uv": [
                        6,
                        10.75,
                        5.25,
                        11.5
                    ],
                    "texture": "#2"
                }
            }
        },
        {
            "from": [
                7.25,
                15.65064,
                9.66136
            ],
            "to": [
                8.75,
                17.15064,
                11.16136
            ],
            "rotation": {
                "angle": 22.5,
                "axis": "x",
                "origin": [
                    8,
                    16.40064,
                    10.41136
                ]
            },
            "faces": {
                "north": {
                    "uv": [
                        7.25,
                        10.75,
                        8,
                        11.5
                    ],
                    "texture": "#2"
                },
                "east": {
                    "uv": [
                        10.75,
                        7.75,
                        11.5,
                        8.5
                    ],
                    "texture": "#2"
                },
                "south": {
                    "uv": [
                        8.25,
                        10.75,
                        9,
                        11.5
                    ],
                    "texture": "#2"
                },
                "west": {
                    "uv": [
                        10.75,
                        8.75,
                        11.5,
                        9.5
                    ],
                    "texture": "#2"
                },
                "up": {
                    "uv": [
                        11.5,
                        10.5,
                        10.75,
                        9.75
                    ],
                    "texture": "#2"
                },
                "down": {
                    "uv": [
                        11.5,
                        10.75,
                        10.75,
                        11.5
                    ],
                    "texture": "#2"
                }
            }
        },
        {
            "from": [
                7.5,
                5,
                7.5
            ],
            "to": [
                8.5,
                7,
                8.5
            ],
            "rotation": {
                "angle": 0,
                "axis": "y",
                "origin": [
                    7.5,
                    6,
                    7.5
                ]
            },
            "faces": {
                "north": {
                    "uv": [
                        9.25,
                        10.75,
                        9.75,
                        11.75
                    ],
                    "texture": "#2"
                },
                "east": {
                    "uv": [
                        11.25,
                        5.25,
                        11.75,
                        6.25
                    ],
                    "texture": "#2"
                },
                "south": {
                    "uv": [
                        11.25,
                        6.25,
                        11.75,
                        7.25
                    ],
                    "texture": "#2"
                },
                "west": {
                    "uv": [
                        9.75,
                        11.25,
                        10.25,
                        12.25
                    ],
                    "texture": "#2"
                },
                "up": {
                    "uv": [
                        4.75,
                        10.75,
                        4.25,
                        10.25
                    ],
                    "texture": "#2"
                }
            }
        },
        {
            "from": [
                7.6,
                7,
                7.6
            ],
            "to": [
                8.4,
                9,
                8.4
            ],
            "rotation": {
                "angle": 0,
                "axis": "y",
                "origin": [
                    7.5,
                    8,
                    7.5
                ]
            },
            "faces": {
                "north": {
                    "uv": [
                        10.25,
                        11.25,
                        10.75,
                        12.25
                    ],
                    "texture": "#2"
                },
                "east": {
                    "uv": [
                        11.75,
                        0.25,
                        12.25,
                        1.25
                    ],
                    "texture": "#2"
                },
                "south": {
                    "uv": [
                        11.75,
                        1.25,
                        12.25,
                        2.25
                    ],
                    "texture": "#2"
                },
                "west": {
                    "uv": [
                        1.75,
                        11.75,
                        2.25,
                        12.75
                    ],
                    "texture": "#2"
                }
            }
        },
        {
            "from": [
                7.5,
                9,
                7.5
            ],
            "to": [
                8.5,
                11,
                8.5
            ],
            "rotation": {
                "angle": 0,
                "axis": "y",
                "origin": [
                    7.5,
                    6,
                    7.5
                ]
            },
            "faces": {
                "north": {
                    "uv": [
                        2.25,
                        11.75,
                        2.75,
                        12.75
                    ],
                    "texture": "#2"
                },
                "east": {
                    "uv": [
                        2.75,
                        11.75,
                        3.25,
                        12.75
                    ],
                    "texture": "#2"
                },
                "south": {
                    "uv": [
                        4.25,
                        11.75,
                        4.75,
                        12.75
                    ],
                    "texture": "#2"
                },
                "west": {
                    "uv": [
                        4.75,
                        11.75,
                        5.25,
                        12.75
                    ],
                    "texture": "#2"
                },
                "down": {
                    "uv": [
                        10.75,
                        7.75,
                        10.25,
                        8.25
                    ],
                    "texture": "#2"
                }
            }
        },
        {
            "from": [
                7.35,
                5.5,
                7.35
            ],
            "to": [
                8.65,
                6,
                8.65
            ],
            "rotation": {
                "angle": 0,
                "axis": "y",
                "origin": [
                    7.5,
                    5.5,
                    7.5
                ]
            },
            "faces": {
                "north": {
                    "uv": [
                        9.25,
                        12.25,
                        10,
                        12.5
                    ],
                    "texture": "#2"
                },
                "east": {
                    "uv": [
                        12.25,
                        9.25,
                        13,
                        9.5
                    ],
                    "texture": "#2"
                },
                "south": {
                    "uv": [
                        12.25,
                        9.75,
                        13,
                        10
                    ],
                    "texture": "#2"
                },
                "west": {
                    "uv": [
                        10.25,
                        12.25,
                        11,
                        12.5
                    ],
                    "texture": "#2"
                },
                "up": {
                    "uv": [
                        11,
                        3.5,
                        10.25,
                        2.75
                    ],
                    "texture": "#2"
                },
                "down": {
                    "uv": [
                        4,
                        10.25,
                        3.25,
                        11
                    ],
                    "texture": "#2"
                }
            }
        },
        {
            "from": [
                7.35,
                10,
                7.35
            ],
            "to": [
                8.65,
                10.5,
                8.65
            ],
            "rotation": {
                "angle": 0,
                "axis": "y",
                "origin": [
                    7.5,
                    10,
                    7.5
                ]
            },
            "faces": {
                "north": {
                    "uv": [
                        12.25,
                        10.25,
                        13,
                        10.5
                    ],
                    "texture": "#2"
                },
                "east": {
                    "uv": [
                        12.25,
                        10.75,
                        13,
                        11
                    ],
                    "texture": "#2"
                },
                "south": {
                    "uv": [
                        11.25,
                        12.25,
                        12,
                        12.5
                    ],
                    "texture": "#2"
                },
                "west": {
                    "uv": [
                        12.25,
                        11.25,
                        13,
                        11.5
                    ],
                    "texture": "#2"
                },
                "up": {
                    "uv": [
                        11,
                        4.5,
                        10.25,
                        3.75
                    ],
                    "texture": "#2"
                },
                "down": {
                    "uv": [
                        11,
                        4.75,
                        10.25,
                        5.5
                    ],
                    "texture": "#2"
                }
            }
        },
        {
            "from": [
                7.2,
                6.20109,
                3.448
            ],
            "to": [
                8.8,
                8.40109,
                5.648
            ],
            "rotation": {
                "angle": -45,
                "axis": "x",
                "origin": [
                    8,
                    8.16463,
                    3.91728
                ]
            },
            "faces": {
                "north": {
                    "uv": [
                        9.25,
                        7.25,
                        10,
                        8.25
                    ],
                    "texture": "#2"
                },
                "east": {
                    "uv": [
                        2.75,
                        9.25,
                        3.75,
                        10.25
                    ],
                    "texture": "#2"
                },
                "south": {
                    "uv": [
                        9.75,
                        8.25,
                        10.5,
                        9.25
                    ],
                    "texture": "#2"
                },
                "west": {
                    "uv": [
                        9.25,
                        3.25,
                        10.25,
                        4.25
                    ],
                    "texture": "#2"
                },
                "up": {
                    "uv": [
                        9.5,
                        10.75,
                        8.75,
                        9.75
                    ],
                    "texture": "#2"
                },
                "down": {
                    "uv": [
                        10.5,
                        9.25,
                        9.75,
                        10.25
                    ],
                    "texture": "#2"
                }
            }
        },
        {
            "from": [
                7.25,
                8.62547,
                3.5125
            ],
            "to": [
                8.75,
                10.87547,
                5.0125
            ],
            "rotation": {
                "angle": 22.5,
                "axis": "x",
                "origin": [
                    8,
                    8.16463,
                    3.91728
                ]
            },
            "faces": {
                "north": {
                    "uv": [
                        9.25,
                        4.25,
                        10,
                        5.5
                    ],
                    "texture": "#2"
                },
                "east": {
                    "uv": [
                        4.75,
                        9.25,
                        5.5,
                        10.5
                    ],
                    "texture": "#2"
                },
                "south": {
                    "uv": [
                        5.75,
                        9.25,
                        6.5,
                        10.5
                    ],
                    "texture": "#2"
                },
                "west": {
                    "uv": [
                        9.25,
                        5.75,
                        10,
                        7
                    ],
                    "texture": "#2"
                },
                "up": {
                    "uv": [
                        11,
                        6.5,
                        10.25,
                        5.75
                    ],
                    "texture": "#2"
                },
                "down": {
                    "uv": [
                        11,
                        6.75,
                        10.25,
                        7.5
                    ],
                    "texture": "#2"
                }
            }
        },
        {
            "from": [
                7.5,
                8.89728,
                4.81576
            ],
            "to": [
                8.5,
                9.89728,
                5.81576
            ],
            "rotation": {
                "angle": -45,
                "axis": "x",
                "origin": [
                    8,
                    8.16463,
                    3.91728
                ]
            },
            "faces": {
                "north": {
                    "uv": [
                        10.75,
                        2.25,
                        11.25,
                        2.75
                    ],
                    "texture": "#2"
                },
                "east": {
                    "uv": [
                        11.75,
                        6.75,
                        12.25,
                        7.25
                    ],
                    "texture": "#2"
                },
                "south": {
                    "uv": [
                        8.25,
                        11.75,
                        8.75,
                        12.25
                    ],
                    "texture": "#2"
                },
                "west": {
                    "uv": [
                        8.75,
                        11.75,
                        9.25,
                        12.25
                    ],
                    "texture": "#2"
                },
                "up": {
                    "uv": [
                        12.25,
                        9.25,
                        11.75,
                        8.75
                    ],
                    "texture": "#2"
                }
            }
        },
        {
            "from": [
                7.6,
                9.71836,
                2.27781
            ],
            "to": [
                8.4,
                10.51836,
                3.07781
            ],
            "rotation": {
                "angle": 22.5,
                "axis": "x",
                "origin": [
                    8,
                    8.16463,
                    3.91728
                ]
            },
            "faces": {
                "north": {
                    "uv": [
                        9.25,
                        11.75,
                        9.75,
                        12.25
                    ],
                    "texture": "#2"
                },
                "east": {
                    "uv": [
                        11.75,
                        9.25,
                        12.25,
                        9.75
                    ],
                    "texture": "#2"
                },
                "west": {
                    "uv": [
                        11.75,
                        9.75,
                        12.25,
                        10.25
                    ],
                    "texture": "#2"
                },
                "up": {
                    "uv": [
                        12.25,
                        10.75,
                        11.75,
                        10.25
                    ],
                    "texture": "#2"
                },
                "down": {
                    "uv": [
                        11.25,
                        11.75,
                        10.75,
                        12.25
                    ],
                    "texture": "#2"
                }
            }
        },
        {
            "from": [
                7.5,
                14.79097,
                7.16011
            ],
            "to": [
                8.5,
                15.79097,
                8.16011
            ],
            "rotation": {
                "angle": -22.5,
                "axis": "x",
                "origin": [
                    8,
                    15.62103,
                    7.62621
                ]
            },
            "faces": {
                "north": {
                    "uv": [
                        12.25,
                        4.25,
                        12.75,
                        4.75
                    ],
                    "texture": "#2"
                },
                "east": {
                    "uv": [
                        12.25,
                        4.75,
                        12.75,
                        5.25
                    ],
                    "texture": "#2"
                },
                "south": {
                    "uv": [
                        5.25,
                        12.25,
                        5.75,
                        12.75
                    ],
                    "texture": "#2"
                },
                "west": {
                    "uv": [
                        12.25,
                        5.25,
                        12.75,
                        5.75
                    ],
                    "texture": "#2"
                },
                "up": {
                    "uv": [
                        6.25,
                        12.75,
                        5.75,
                        12.25
                    ],
                    "texture": "#2"
                }
            }
        },
        {
            "from": [
                7.6,
                15.31602,
                6.9083
            ],
            "to": [
                8.4,
                16.11602,
                7.7083
            ],
            "rotation": {
                "angle": 45,
                "axis": "x",
                "origin": [
                    8,
                    15.62103,
                    7.62621
                ]
            },
            "faces": {
                "north": {
                    "uv": [
                        12.25,
                        2.75,
                        12.75,
                        3.25
                    ],
                    "texture": "#2"
                },
                "east": {
                    "uv": [
                        3.25,
                        12.25,
                        3.75,
                        12.75
                    ],
                    "texture": "#2"
                },
                "west": {
                    "uv": [
                        12.25,
                        3.25,
                        12.75,
                        3.75
                    ],
                    "texture": "#2"
                },
                "up": {
                    "uv": [
                        4.25,
                        12.75,
                        3.75,
                        12.25
                    ],
                    "texture": "#2"
                },
                "down": {
                    "uv": [
                        12.75,
                        3.75,
                        12.25,
                        4.25
                    ],
                    "texture": "#2"
                }
            }
        },
        {
            "from": [
                7.5,
                15.99097,
                8.41011
            ],
            "to": [
                8.5,
                16.99097,
                9.41011
            ],
            "rotation": {
                "angle": -22.5,
                "axis": "x",
                "origin": [
                    8,
                    16.82103,
                    8.87621
                ]
            },
            "faces": {
                "north": {
                    "uv": [
                        12.25,
                        7.75,
                        12.75,
                        8.25
                    ],
                    "texture": "#2"
                },
                "east": {
                    "uv": [
                        8.25,
                        12.25,
                        8.75,
                        12.75
                    ],
                    "texture": "#2"
                },
                "south": {
                    "uv": [
                        12.25,
                        8.25,
                        12.75,
                        8.75
                    ],
                    "texture": "#2"
                },
                "west": {
                    "uv": [
                        8.75,
                        12.25,
                        9.25,
                        12.75
                    ],
                    "texture": "#2"
                },
                "up": {
                    "uv": [
                        12.75,
                        9.25,
                        12.25,
                        8.75
                    ],
                    "texture": "#2"
                }
            }
        },
        {
            "from": [
                7.6,
                16.51602,
                8.1583
            ],
            "to": [
                8.4,
                17.31602,
                8.9583
            ],
            "rotation": {
                "angle": 45,
                "axis": "x",
                "origin": [
                    8,
                    16.82103,
                    8.87621
                ]
            },
            "faces": {
                "north": {
                    "uv": [
                        12.25,
                        5.75,
                        12.75,
                        6.25
                    ],
                    "texture": "#2"
                },
                "east": {
                    "uv": [
                        6.75,
                        12.25,
                        7.25,
                        12.75
                    ],
                    "texture": "#2"
                },
                "west": {
                    "uv": [
                        12.25,
                        6.75,
                        12.75,
                        7.25
                    ],
                    "texture": "#2"
                },
                "up": {
                    "uv": [
                        7.75,
                        12.75,
                        7.25,
                        12.25
                    ],
                    "texture": "#2"
                },
                "down": {
                    "uv": [
                        12.75,
                        7.25,
                        12.25,
                        7.75
                    ],
                    "texture": "#2"
                }
            }
        },
        {
            "from": [
                7.32,
                11.41184,
                6.61257
            ],
            "to": [
                8.68,
                14.36184,
                8.06257
            ],
            "rotation": {
                "angle": -22.5,
                "axis": "x",
                "origin": [
                    7.995,
                    13.77175,
                    8.21288
                ]
            },
            "faces": {
                "north": {
                    "uv": [
                        8.75,
                        8.25,
                        9.5,
                        9.75
                    ],
                    "texture": "#2"
                },
                "east": {
                    "uv": [
                        9.25,
                        0.25,
                        10,
                        1.75
                    ],
                    "texture": "#2"
                },
                "south": {
                    "uv": [
                        1.75,
                        9.25,
                        2.5,
                        10.75
                    ],
                    "texture": "#2"
                },
                "west": {
                    "uv": [
                        9.25,
                        1.75,
                        10,
                        3.25
                    ],
                    "texture": "#2"
                },
                "up": {
                    "uv": [
                        12,
                        4,
                        11.25,
                        3.25
                    ],
                    "texture": "#2"
                },
                "down": {
                    "uv": [
                        12,
                        4.25,
                        11.25,
                        5
                    ],
                    "texture": "#2"
                }
            }
        },
        {
            "from": [
                7.325,
                13.57933,
                6.9602
            ],
            "to": [
                8.675,
                14.92933,
                11.7602
            ],
            "rotation": {
                "angle": -45,
                "axis": "x",
                "origin": [
                    8,
                    13.77175,
                    8.21288
                ]
            },
            "faces": {
                "north": {
                    "uv": [
                        11.25,
                        2.25,
                        12,
                        3
                    ],
                    "texture": "#2"
                },
                "east": {
                    "uv": [
                        1.75,
                        8.25,
                        4.25,
                        9
                    ],
                    "texture": "#2"
                },
                "south": {
                    "uv": [
                        3.25,
                        11.25,
                        4,
                        12
                    ],
                    "texture": "#2"
                },
                "west": {
                    "uv": [
                        4.25,
                        8.25,
                        6.75,
                        9
                    ],
                    "texture": "#2"
                },
                "up": {
                    "uv": [
                        7.5,
                        10.75,
                        6.75,
                        8.25
                    ],
                    "texture": "#2"
                },
                "down": {
                    "uv": [
                        8.5,
                        8.25,
                        7.75,
                        10.75
                    ],
                    "texture": "#2"
                }
            }
        },
        {
            "from": [
                7.195,
                13.89826,
                5.72147
            ],
            "to": [
                8.805,
                18.89826,
                8.72147
            ],
            "rotation": {
                "angle": 45,
                "axis": "x",
                "origin": [
                    8,
                    15.89826,
                    7.22147
                ]
            },
            "faces": {
                "east": {
                    "uv": [
                        10,
                        6,
                        0,
                        0
                    ],
                    "rotation": 270,
                    "texture": "#3"
                },
                "west": {
                    "uv": [
                        0,
                        6,
                        10,
                        0
                    ],
                    "rotation": 90,
                    "texture": "#3"
                }
            }
        },
        {
            "from": [
                7.245,
                9.09149,
                3.23608
            ],
            "to": [
                8.755,
                11.09149,
                4.23608
            ],
            "rotation": {
                "angle": 22.5,
                "axis": "x",
                "origin": [
                    8,
                    10.09149,
                    3.73608
                ]
            },
            "faces": {
                "east": {
                    "uv": [
                        11,
                        2,
                        15,
                        0
                    ],
                    "rotation": 270,
                    "texture": "#3"
                },
                "west": {
                    "uv": [
                        15,
                        2,
                        11,
                        0
                    ],
                    "rotation": 90,
                    "texture": "#3"
                }
            }
        },
        {
            "from": [
                7.395,
                9.83778,
                5.61962
            ],
            "to": [
                8.605,
                12.83778,
                7.61962
            ],
            "rotation": {
                "angle": -22.5,
                "axis": "x",
                "origin": [
                    8,
                    10.58778,
                    5.11962
                ]
            },
            "faces": {
                "east": {
                    "uv": [
                        0,
                        7,
                        6,
                        11
                    ],
                    "rotation": 90,
                    "texture": "#3"
                },
                "west": {
                    "uv": [
                        6,
                        7,
                        0,
                        11
                    ],
                    "rotation": 270,
                    "texture": "#3"
                }
            }
        },
        {
            "from": [
                7.195,
                -2.89826,
                5.72147
            ],
            "to": [
                8.805,
                2.10174,
                8.72147
            ],
            "rotation": {
                "angle": -45,
                "axis": "x",
                "origin": [
                    8,
                    0.10174,
                    7.22147
                ]
            },
            "faces": {
                "east": {
                    "uv": [
                        0,
                        6,
                        10,
                        0
                    ],
                    "rotation": 270,
                    "texture": "#3"
                },
                "west": {
                    "uv": [
                        10,
                        6,
                        0,
                        0
                    ],
                    "rotation": 90,
                    "texture": "#3"
                }
            }
        },
        {
            "from": [
                7.245,
                4.90851,
                3.23608
            ],
            "to": [
                8.755,
                6.90851,
                4.23608
            ],
            "rotation": {
                "angle": -22.5,
                "axis": "x",
                "origin": [
                    8,
                    5.90851,
                    3.73608
                ]
            },
            "faces": {
                "east": {
                    "uv": [
                        15,
                        2,
                        11,
                        0
                    ],
                    "rotation": 270,
                    "texture": "#3"
                },
                "west": {
                    "uv": [
                        11,
                        2,
                        15,
                        0
                    ],
                    "rotation": 90,
                    "texture": "#3"
                }
            }
        },
        {
            "from": [
                7.395,
                3.16222,
                5.61962
            ],
            "to": [
                8.605,
                6.16222,
                7.61962
            ],
            "rotation": {
                "angle": 22.5,
                "axis": "x",
                "origin": [
                    8,
                    5.41222,
                    5.11962
                ]
            },
            "faces": {
                "east": {
                    "uv": [
                        6,
                        7,
                        0,
                        11
                    ],
                    "rotation": 90,
                    "texture": "#3"
                },
                "west": {
                    "uv": [
                        0,
                        7,
                        6,
                        11
                    ],
                    "rotation": 270,
                    "texture": "#3"
                }
            }
        },
        {
            "from": [
                7.5,
                9.87515,
                4.96339
            ],
            "to": [
                8.5,
                10.87515,
                7.96339
            ],
            "rotation": {
                "angle": -22.5,
                "axis": "x",
                "origin": [
                    7.5,
                    9.87515,
                    4.96339
                ]
            },
            "faces": {
                "east": {
                    "uv": [
                        10.25,
                        0.25,
                        11.75,
                        0.75
                    ],
                    "texture": "#2"
                },
                "west": {
                    "uv": [
                        10.25,
                        0.75,
                        11.75,
                        1.25
                    ],
                    "texture": "#2"
                },
                "up": {
                    "uv": [
                        10.75,
                        2.75,
                        10.25,
                        1.25
                    ],
                    "texture": "#2"
                },
                "down": {
                    "uv": [
                        3.25,
                        10.25,
                        2.75,
                        11.75
                    ],
                    "texture": "#2"
                }
            }
        },
        {
            "from": [
                7.5,
                5.12485,
                4.96339
            ],
            "to": [
                8.5,
                6.12485,
                7.96339
            ],
            "rotation": {
                "angle": 22.5,
                "axis": "x",
                "origin": [
                    7.5,
                    6.12485,
                    4.96339
                ]
            },
            "faces": {
                "east": {
                    "uv": [
                        10.25,
                        0.75,
                        11.75,
                        0.25
                    ],
                    "texture": "#2"
                },
                "west": {
                    "uv": [
                        10.25,
                        1.25,
                        11.75,
                        0.75
                    ],
                    "texture": "#2"
                },
                "up": {
                    "uv": [
                        3.25,
                        11.75,
                        2.75,
                        10.25
                    ],
                    "texture": "#2"
                },
                "down": {
                    "uv": [
                        10.75,
                        1.25,
                        10.25,
                        2.75
                    ],
                    "texture": "#2"
                }
            }
        },
        {
            "from": [
                7.25,
                5.12453,
                3.5125
            ],
            "to": [
                8.75,
                7.37453,
                5.0125
            ],
            "rotation": {
                "angle": -22.5,
                "axis": "x",
                "origin": [
                    8,
                    7.83537,
                    3.91728
                ]
            },
            "faces": {
                "north": {
                    "uv": [
                        9.25,
                        5.5,
                        10,
                        4.25
                    ],
                    "texture": "#2"
                },
                "east": {
                    "uv": [
                        4.75,
                        10.5,
                        5.5,
                        9.25
                    ],
                    "texture": "#2"
                },
                "south": {
                    "uv": [
                        5.75,
                        10.5,
                        6.5,
                        9.25
                    ],
                    "texture": "#2"
                },
                "west": {
                    "uv": [
                        9.25,
                        7,
                        10,
                        5.75
                    ],
                    "texture": "#2"
                },
                "up": {
                    "uv": [
                        11,
                        7.5,
                        10.25,
                        6.75
                    ],
                    "texture": "#2"
                },
                "down": {
                    "uv": [
                        11,
                        5.75,
                        10.25,
                        6.5
                    ],
                    "texture": "#2"
                }
            }
        },
        {
            "from": [
                7.5,
                6.10272,
                4.81576
            ],
            "to": [
                8.5,
                7.10272,
                5.81576
            ],
            "rotation": {
                "angle": 45,
                "axis": "x",
                "origin": [
                    8,
                    7.83537,
                    3.91728
                ]
            },
            "faces": {
                "north": {
                    "uv": [
                        10.75,
                        2.75,
                        11.25,
                        2.25
                    ],
                    "texture": "#2"
                },
                "east": {
                    "uv": [
                        11.75,
                        7.25,
                        12.25,
                        6.75
                    ],
                    "texture": "#2"
                },
                "south": {
                    "uv": [
                        8.25,
                        12.25,
                        8.75,
                        11.75
                    ],
                    "texture": "#2"
                },
                "west": {
                    "uv": [
                        8.75,
                        12.25,
                        9.25,
                        11.75
                    ],
                    "texture": "#2"
                },
                "down": {
                    "uv": [
                        12.25,
                        8.75,
                        11.75,
                        9.25
                    ],
                    "texture": "#2"
                }
            }
        },
        {
            "from": [
                7.6,
                5.48164,
                2.27781
            ],
            "to": [
                8.4,
                6.28164,
                3.07781
            ],
            "rotation": {
                "angle": -22.5,
                "axis": "x",
                "origin": [
                    8,
                    7.83537,
                    3.91728
                ]
            },
            "faces": {
                "north": {
                    "uv": [
                        9.25,
                        12.25,
                        9.75,
                        11.75
                    ],
                    "texture": "#2"
                },
                "east": {
                    "uv": [
                        11.75,
                        9.75,
                        12.25,
                        9.25
                    ],
                    "texture": "#2"
                },
                "west": {
                    "uv": [
                        11.75,
                        10.25,
                        12.25,
                        9.75
                    ],
                    "texture": "#2"
                },
                "up": {
                    "uv": [
                        11.25,
                        12.25,
                        10.75,
                        11.75
                    ],
                    "texture": "#2"
                },
                "down": {
                    "uv": [
                        12.25,
                        10.25,
                        11.75,
                        10.75
                    ],
                    "texture": "#2"
                }
            }
        },
        {
            "from": [
                7.985,
                0,
                10.25
            ],
            "to": [
                8.015,
                16,
                16
            ],
            "rotation": {
                "angle": 0,
                "axis": "y",
                "origin": [
                    7.985,
                    0,
                    10.25
                ]
            },
            "faces": {
                "east": {
                    "uv": [
                        3,
                        0,
                        0,
                        8
                    ],
                    "texture": "#2"
                },
                "west": {
                    "uv": [
                        0,
                        0,
                        3,
                        8
                    ],
                    "texture": "#2"
                }
            }
        },
        {
            "from": [
                7.4,
                13.83211,
                3.25
            ],
            "to": [
                8.6,
                15.03211,
                4.45
            ],
            "rotation": {
                "angle": 45,
                "axis": "x",
                "origin": [
                    8,
                    14.43211,
                    3.85
                ]
            },
            "faces": {
                "north": {
                    "uv": [
                        11.75,
                        10.75,
                        12.25,
                        11.25
                    ],
                    "texture": "#2"
                },
                "east": {
                    "uv": [
                        11.25,
                        11.75,
                        11.75,
                        12.25
                    ],
                    "texture": "#2"
                },
                "south": {
                    "uv": [
                        11.75,
                        11.25,
                        12.25,
                        11.75
                    ],
                    "texture": "#2"
                },
                "west": {
                    "uv": [
                        11.75,
                        11.75,
                        12.25,
                        12.25
                    ],
                    "texture": "#2"
                },
                "up": {
                    "uv": [
                        12.75,
                        0.75,
                        12.25,
                        0.25
                    ],
                    "texture": "#2"
                },
                "down": {
                    "uv": [
                        12.75,
                        0.75,
                        12.25,
                        1.25
                    ],
                    "texture": "#2"
                }
            }
        },
        {
            "from": [
                8.1,
                13.825,
                4.1
            ],
            "to": [
                8.9,
                14.625,
                6.1
            ],
            "rotation": {
                "angle": 45,
                "axis": "z",
                "origin": [
                    8,
                    13.725,
                    4.1
                ]
            },
            "faces": {
                "north": {
                    "uv": [
                        12.25,
                        1.25,
                        12.75,
                        1.75
                    ],
                    "texture": "#2"
                },
                "east": {
                    "uv": [
                        11.25,
                        7.25,
                        12.25,
                        7.75
                    ],
                    "texture": "#2"
                },
                "west": {
                    "uv": [
                        5.25,
                        11.75,
                        6.25,
                        12.25
                    ],
                    "texture": "#2"
                },
                "up": {
                    "uv": [
                        12.25,
                        6.25,
                        11.75,
                        5.25
                    ],
                    "texture": "#2"
                },
                "down": {
                    "uv": [
                        6.75,
                        11.75,
                        6.25,
                        12.75
                    ],
                    "texture": "#2"
                }
            }
        },
        {
            "from": [
                8.05,
                13.775,
                6.1
            ],
            "to": [
                8.95,
                14.675,
                7.6
            ],
            "rotation": {
                "angle": 45,
                "axis": "z",
                "origin": [
                    8,
                    13.725,
                    5.6
                ]
            },
            "faces": {
                "north": {
                    "uv": [
                        12.25,
                        1.75,
                        12.75,
                        2.25
                    ],
                    "texture": "#2"
                },
                "east": {
                    "uv": [
                        11.75,
                        6.25,
                        12.5,
                        6.75
                    ],
                    "texture": "#2"
                },
                "south": {
                    "uv": [
                        12.25,
                        2.25,
                        12.75,
                        2.75
                    ],
                    "texture": "#2"
                },
                "west": {
                    "uv": [
                        6.75,
                        11.75,
                        7.5,
                        12.25
                    ],
                    "texture": "#2"
                },
                "up": {
                    "uv": [
                        8.25,
                        12.5,
                        7.75,
                        11.75
                    ],
                    "texture": "#2"
                },
                "down": {
                    "uv": [
                        12.25,
                        7.75,
                        11.75,
                        8.5
                    ],
                    "texture": "#2"
                }
            }
        },
        {
            "from": [
                7.985,
                11.925,
                4.1
            ],
            "to": [
                8.015,
                13.925,
                6.1
            ],
            "rotation": {
                "angle": 0,
                "axis": "y",
                "origin": [
                    7.985,
                    6.925,
                    3.6
                ]
            },
            "faces": {
                "east": {
                    "uv": [
                        4.75,
                        9.25,
                        3.75,
                        10.25
                    ],
                    "texture": "#2"
                },
                "west": {
                    "uv": [
                        3.75,
                        9.25,
                        4.75,
                        10.25
                    ],
                    "texture": "#2"
                }
            }
        },
        {
            "from": [
                7.985,
                -0.925,
                4.1
            ],
            "to": [
                8.015,
                1.075,
                6.1
            ],
            "rotation": {
                "angle": 0,
                "axis": "y",
                "origin": [
                    7.985,
                    6.925,
                    3.6
                ]
            },
            "faces": {
                "east": {
                    "uv": [
                        4.75,
                        9.25,
                        3.75,
                        10.25
                    ],
                    "texture": "#2"
                },
                "west": {
                    "uv": [
                        3.75,
                        9.25,
                        4.75,
                        10.25
                    ],
                    "texture": "#2"
                }
            }
        },
        {
            "from": [
                7.25,
                -1.15064,
                9.66136
            ],
            "to": [
                8.75,
                0.34936,
                11.16136
            ],
            "rotation": {
                "angle": -22.5,
                "axis": "x",
                "origin": [
                    8,
                    -0.40064,
                    10.41136
                ]
            },
            "faces": {
                "north": {
                    "uv": [
                        7.25,
                        11.5,
                        8,
                        10.75
                    ],
                    "texture": "#2"
                },
                "east": {
                    "uv": [
                        10.75,
                        8.5,
                        11.5,
                        7.75
                    ],
                    "texture": "#2"
                },
                "south": {
                    "uv": [
                        8.25,
                        11.5,
                        9,
                        10.75
                    ],
                    "texture": "#2"
                },
                "west": {
                    "uv": [
                        10.75,
                        9.5,
                        11.5,
                        8.75
                    ],
                    "texture": "#2"
                },
                "up": {
                    "uv": [
                        11.5,
                        11.5,
                        10.75,
                        10.75
                    ],
                    "texture": "#2"
                },
                "down": {
                    "uv": [
                        11.5,
                        9.75,
                        10.75,
                        10.5
                    ],
                    "texture": "#2"
                }
            }
        },
        {
            "from": [
                7.325,
                1.07067,
                6.9602
            ],
            "to": [
                8.675,
                2.42067,
                11.7602
            ],
            "rotation": {
                "angle": 45,
                "axis": "x",
                "origin": [
                    8,
                    2.22825,
                    8.21288
                ]
            },
            "faces": {
                "north": {
                    "uv": [
                        11.25,
                        3,
                        12,
                        2.25
                    ],
                    "texture": "#2"
                },
                "east": {
                    "uv": [
                        1.75,
                        9,
                        4.25,
                        8.25
                    ],
                    "texture": "#2"
                },
                "south": {
                    "uv": [
                        3.25,
                        12,
                        4,
                        11.25
                    ],
                    "texture": "#2"
                },
                "west": {
                    "uv": [
                        4.25,
                        9,
                        6.75,
                        8.25
                    ],
                    "texture": "#2"
                },
                "up": {
                    "uv": [
                        8.5,
                        10.75,
                        7.75,
                        8.25
                    ],
                    "texture": "#2"
                },
                "down": {
                    "uv": [
                        7.5,
                        8.25,
                        6.75,
                        10.75
                    ],
                    "texture": "#2"
                }
            }
        },
        {
            "from": [
                7.32,
                1.63816,
                6.61257
            ],
            "to": [
                8.68,
                4.58816,
                8.06257
            ],
            "rotation": {
                "angle": 22.5,
                "axis": "x",
                "origin": [
                    7.995,
                    2.22825,
                    8.21288
                ]
            },
            "faces": {
                "north": {
                    "uv": [
                        8.75,
                        9.75,
                        9.5,
                        8.25
                    ],
                    "texture": "#2"
                },
                "east": {
                    "uv": [
                        9.25,
                        1.75,
                        10,
                        0.25
                    ],
                    "texture": "#2"
                },
                "south": {
                    "uv": [
                        1.75,
                        10.75,
                        2.5,
                        9.25
                    ],
                    "texture": "#2"
                },
                "west": {
                    "uv": [
                        9.25,
                        3.25,
                        10,
                        1.75
                    ],
                    "texture": "#2"
                },
                "up": {
                    "uv": [
                        12,
                        5,
                        11.25,
                        4.25
                    ],
                    "texture": "#2"
                },
                "down": {
                    "uv": [
                        12,
                        3.25,
                        11.25,
                        4
                    ],
                    "texture": "#2"
                }
            }
        },
        {
            "from": [
                7.4,
                0.96789,
                3.25
            ],
            "to": [
                8.6,
                2.16789,
                4.45
            ],
            "rotation": {
                "angle": -45,
                "axis": "x",
                "origin": [
                    8,
                    1.56789,
                    3.85
                ]
            },
            "faces": {
                "north": {
                    "uv": [
                        11.75,
                        11.25,
                        12.25,
                        10.75
                    ],
                    "texture": "#2"
                },
                "east": {
                    "uv": [
                        11.25,
                        12.25,
                        11.75,
                        11.75
                    ],
                    "texture": "#2"
                },
                "south": {
                    "uv": [
                        11.75,
                        11.75,
                        12.25,
                        11.25
                    ],
                    "texture": "#2"
                },
                "west": {
                    "uv": [
                        11.75,
                        12.25,
                        12.25,
                        11.75
                    ],
                    "texture": "#2"
                },
                "up": {
                    "uv": [
                        12.75,
                        1.25,
                        12.25,
                        0.75
                    ],
                    "texture": "#2"
                },
                "down": {
                    "uv": [
                        12.75,
                        0.25,
                        12.25,
                        0.75
                    ],
                    "texture": "#2"
                }
            }
        },
        {
            "from": [
                8.1,
                1.375,
                4.1
            ],
            "to": [
                8.9,
                2.175,
                6.1
            ],
            "rotation": {
                "angle": -45,
                "axis": "z",
                "origin": [
                    8,
                    2.275,
                    4.1
                ]
            },
            "faces": {
                "north": {
                    "uv": [
                        12.25,
                        1.75,
                        12.75,
                        1.25
                    ],
                    "texture": "#2"
                },
                "east": {
                    "uv": [
                        11.25,
                        7.75,
                        12.25,
                        7.25
                    ],
                    "texture": "#2"
                },
                "west": {
                    "uv": [
                        5.25,
                        12.25,
                        6.25,
                        11.75
                    ],
                    "texture": "#2"
                },
                "up": {
                    "uv": [
                        6.75,
                        12.75,
                        6.25,
                        11.75
                    ],
                    "texture": "#2"
                },
                "down": {
                    "uv": [
                        12.25,
                        5.25,
                        11.75,
                        6.25
                    ],
                    "texture": "#2"
                }
            }
        },
        {
            "from": [
                8.05,
                1.325,
                6.1
            ],
            "to": [
                8.95,
                2.225,
                7.6
            ],
            "rotation": {
                "angle": -45,
                "axis": "z",
                "origin": [
                    8,
                    2.275,
                    5.6
                ]
            },
            "faces": {
                "north": {
                    "uv": [
                        12.25,
                        2.25,
                        12.75,
                        1.75
                    ],
                    "texture": "#2"
                },
                "east": {
                    "uv": [
                        11.75,
                        6.75,
                        12.5,
                        6.25
                    ],
                    "texture": "#2"
                },
                "south": {
                    "uv": [
                        12.25,
                        2.75,
                        12.75,
                        2.25
                    ],
                    "texture": "#2"
                },
                "west": {
                    "uv": [
                        6.75,
                        12.25,
                        7.5,
                        11.75
                    ],
                    "texture": "#2"
                },
                "up": {
                    "uv": [
                        12.25,
                        8.5,
                        11.75,
                        7.75
                    ],
                    "texture": "#2"
                },
                "down": {
                    "uv": [
                        8.25,
                        11.75,
                        7.75,
                        12.5
                    ],
                    "texture": "#2"
                }
            }
        },
        {
            "from": [
                7.6,
                -0.11602,
                6.9083
            ],
            "to": [
                8.4,
                0.68398,
                7.7083
            ],
            "rotation": {
                "angle": -45,
                "axis": "x",
                "origin": [
                    8,
                    0.37897,
                    7.62621
                ]
            },
            "faces": {
                "north": {
                    "uv": [
                        12.25,
                        3.25,
                        12.75,
                        2.75
                    ],
                    "texture": "#2"
                },
                "east": {
                    "uv": [
                        3.25,
                        12.75,
                        3.75,
                        12.25
                    ],
                    "texture": "#2"
                },
                "west": {
                    "uv": [
                        12.25,
                        3.75,
                        12.75,
                        3.25
                    ],
                    "texture": "#2"
                },
                "up": {
                    "uv": [
                        12.75,
                        4.25,
                        12.25,
                        3.75
                    ],
                    "texture": "#2"
                },
                "down": {
                    "uv": [
                        4.25,
                        12.25,
                        3.75,
                        12.75
                    ],
                    "texture": "#2"
                }
            }
        },
        {
            "from": [
                7.5,
                0.20903,
                7.16011
            ],
            "to": [
                8.5,
                1.20903,
                8.16011
            ],
            "rotation": {
                "angle": 22.5,
                "axis": "x",
                "origin": [
                    8,
                    0.37897,
                    7.62621
                ]
            },
            "faces": {
                "north": {
                    "uv": [
                        12.25,
                        4.75,
                        12.75,
                        4.25
                    ],
                    "texture": "#2"
                },
                "east": {
                    "uv": [
                        12.25,
                        5.25,
                        12.75,
                        4.75
                    ],
                    "texture": "#2"
                },
                "south": {
                    "uv": [
                        5.25,
                        12.75,
                        5.75,
                        12.25
                    ],
                    "texture": "#2"
                },
                "west": {
                    "uv": [
                        12.25,
                        5.75,
                        12.75,
                        5.25
                    ],
                    "texture": "#2"
                },
                "down": {
                    "uv": [
                        6.25,
                        12.25,
                        5.75,
                        12.75
                    ],
                    "texture": "#2"
                }
            }
        },
        {
            "from": [
                7.6,
                -1.31602,
                8.1583
            ],
            "to": [
                8.4,
                -0.51602,
                8.9583
            ],
            "rotation": {
                "angle": -45,
                "axis": "x",
                "origin": [
                    8,
                    -0.82103,
                    8.87621
                ]
            },
            "faces": {
                "north": {
                    "uv": [
                        12.25,
                        6.25,
                        12.75,
                        5.75
                    ],
                    "texture": "#2"
                },
                "east": {
                    "uv": [
                        6.75,
                        12.75,
                        7.25,
                        12.25
                    ],
                    "texture": "#2"
                },
                "west": {
                    "uv": [
                        12.25,
                        7.25,
                        12.75,
                        6.75
                    ],
                    "texture": "#2"
                },
                "up": {
                    "uv": [
                        12.75,
                        7.75,
                        12.25,
                        7.25
                    ],
                    "texture": "#2"
                },
                "down": {
                    "uv": [
                        7.75,
                        12.25,
                        7.25,
                        12.75
                    ],
                    "texture": "#2"
                }
            }
        },
        {
            "from": [
                7.5,
                -0.99097,
                8.41011
            ],
            "to": [
                8.5,
                0.00903,
                9.41011
            ],
            "rotation": {
                "angle": 22.5,
                "axis": "x",
                "origin": [
                    8,
                    -0.82103,
                    8.87621
                ]
            },
            "faces": {
                "north": {
                    "uv": [
                        12.25,
                        8.25,
                        12.75,
                        7.75
                    ],
                    "texture": "#2"
                },
                "east": {
                    "uv": [
                        8.25,
                        12.75,
                        8.75,
                        12.25
                    ],
                    "texture": "#2"
                },
                "south": {
                    "uv": [
                        12.25,
                        8.75,
                        12.75,
                        8.25
                    ],
                    "texture": "#2"
                },
                "west": {
                    "uv": [
                        8.75,
                        12.75,
                        9.25,
                        12.25
                    ],
                    "texture": "#2"
                },
                "down": {
                    "uv": [
                        12.75,
                        8.75,
                        12.25,
                        9.25
                    ],
                    "texture": "#2"
                }
            }
        }
    ],
    "gui_light": "front",
    "display": {
        "thirdperson_righthand": {
            "translation": [
                0,
                -2,
                1
            ]
        },
        "thirdperson_lefthand": {
            "translation": [
                0,
                -2,
                1
            ]
        },
        "firstperson_righthand": {
            "translation": [
                0,
                4.75,
                0.25
            ]
        },
        "firstperson_lefthand": {
            "translation": [
                0,
                4.75,
                0.25
            ]
        },
        "ground": {
            "rotation": [
                45,
                0,
                0
            ],
            "translation": [
                0,
                5,
                0
            ],
            "scale": [
                0.7,
                0.7,
                0.7
            ]
        },
        "gui": {
            "rotation": [
                -90,
                135,
                90
            ],
            "scale": [
                0.7,
                0.7,
                0.7
            ]
        },
        "head": {
            "rotation": [
                0,
                -90,
                0
            ]
        },
        "fixed": {
            "rotation": [
                0,
                -90,
                0
            ],
            "translation": [
                0,
                0,
                -2.25
            ],
            "scale": [
                2,
                2,
                2
            ]
        }
    }
}