{
    "credit": "Polygony Creation Co.,Ltd.",
    "textures": {
        "0": "lightning_powerset:sword",
        "1": "lightning_powerset:animations/animations_1",
        "particle": "lightning_powerset:sword"
    },
    "elements": [
        {
            "from": [
                7.25,
                0,
                8.25
            ],
            "to": [
                8.75,
                1.5,
                9.75
            ],
            "rotation": {
                "angle": -45,
                "axis": "x",
                "origin": [
                    7.25,
                    -0.25,
                    8
                ]
            },
            "faces": {
                "north": {
                    "uv": [
                        11.33333,
                        0,
                        12.33333,
                        1
                    ],
                    "texture": "#0"
                },
                "east": {
                    "uv": [
                        4,
                        11.33333,
                        5,
                        12.33333
                    ],
                    "texture": "#0"
                },
                "south": {
                    "uv": [
                        5,
                        11.33333,
                        6,
                        12.33333
                    ],
                    "texture": "#0"
                },
                "west": {
                    "uv": [
                        11.33333,
                        8.66667,
                        12.33333,
                        9.66667
                    ],
                    "texture": "#0"
                },
                "up": {
                    "uv": [
                        12.33333,
                        11,
                        11.33333,
                        10
                    ],
                    "texture": "#0"
                },
                "down": {
                    "uv": [
                        12.33333,
                        11.33333,
                        11.33333,
                        12.33333
                    ],
                    "texture": "#0"
                }
            }
        },
        {
            "from": [
                7.5,
                1.57843,
                7.5
            ],
            "to": [
                8.5,
                3.57843,
                8.5
            ],
            "rotation": {
                "angle": 0,
                "axis": "y",
                "origin": [
                    7.5,
                    2.57843,
                    7.5
                ]
            },
            "faces": {
                "north": {
                    "uv": [
                        15.33333,
                        9.33333,
                        16,
                        10.66667
                    ],
                    "texture": "#0"
                },
                "east": {
                    "uv": [
                        4,
                        12.66667,
                        4.66667,
                        14
                    ],
                    "texture": "#0"
                },
                "south": {
                    "uv": [
                        4.66667,
                        12.66667,
                        5.33333,
                        14
                    ],
                    "texture": "#0"
                },
                "west": {
                    "uv": [
                        5.33333,
                        12.66667,
                        6,
                        14
                    ],
                    "texture": "#0"
                },
                "up": {
                    "uv": [
                        13.33333,
                        2,
                        12.66667,
                        1.33333
                    ],
                    "texture": "#0"
                }
            }
        },
        {
            "from": [
                7.6,
                3.57843,
                7.6
            ],
            "to": [
                8.4,
                5.57843,
                8.4
            ],
            "rotation": {
                "angle": 0,
                "axis": "y",
                "origin": [
                    7.5,
                    4.57843,
                    7.5
                ]
            },
            "faces": {
                "north": {
                    "uv": [
                        12,
                        12.66667,
                        12.66667,
                        14
                    ],
                    "texture": "#0"
                },
                "east": {
                    "uv": [
                        12.66667,
                        12.66667,
                        13.33333,
                        14
                    ],
                    "texture": "#0"
                },
                "south": {
                    "uv": [
                        13.33333,
                        1.33333,
                        14,
                        2.66667
                    ],
                    "texture": "#0"
                },
                "west": {
                    "uv": [
                        13.33333,
                        2.66667,
                        14,
                        4
                    ],
                    "texture": "#0"
                }
            }
        },
        {
            "from": [
                7.5,
                5.57843,
                7.5
            ],
            "to": [
                8.5,
                7.57843,
                8.5
            ],
            "rotation": {
                "angle": 0,
                "axis": "y",
                "origin": [
                    7.5,
                    2.57843,
                    7.5
                ]
            },
            "faces": {
                "north": {
                    "uv": [
                        12.66667,
                        8.66667,
                        13.33333,
                        10
                    ],
                    "texture": "#0"
                },
                "east": {
                    "uv": [
                        12.66667,
                        10,
                        13.33333,
                        11.33333
                    ],
                    "texture": "#0"
                },
                "south": {
                    "uv": [
                        11.33333,
                        12.66667,
                        12,
                        14
                    ],
                    "texture": "#0"
                },
                "west": {
                    "uv": [
                        12.66667,
                        11.33333,
                        13.33333,
                        12.66667
                    ],
                    "texture": "#0"
                },
                "down": {
                    "uv": [
                        14.66667,
                        5.33333,
                        14,
                        6
                    ],
                    "texture": "#0"
                }
            }
        },
        {
            "from": [
                7.5,
                11.32843,
                4.5
            ],
            "to": [
                8.5,
                12.32843,
                5.5
            ],
            "rotation": {
                "angle": 45,
                "axis": "x",
                "origin": [
                    8,
                    9.82843,
                    3.5
                ]
            },
            "faces": {
                "north": {
                    "uv": [
                        12.66667,
                        14,
                        13.33333,
                        14.66667
                    ],
                    "texture": "#0"
                },
                "east": {
                    "uv": [
                        14,
                        12.66667,
                        14.66667,
                        13.33333
                    ],
                    "texture": "#0"
                },
                "west": {
                    "uv": [
                        14,
                        13.33333,
                        14.66667,
                        14
                    ],
                    "texture": "#0"
                },
                "up": {
                    "uv": [
                        14.66667,
                        14.66667,
                        14,
                        14
                    ],
                    "texture": "#0"
                },
                "down": {
                    "uv": [
                        0.66667,
                        14.66667,
                        0,
                        15.33333
                    ],
                    "texture": "#0"
                }
            }
        },
        {
            "from": [
                7.6,
                10.28909,
                5.11777
            ],
            "to": [
                8.4,
                11.08909,
                5.91777
            ],
            "rotation": {
                "angle": -22.5,
                "axis": "x",
                "origin": [
                    8,
                    10.78909,
                    5.51777
                ]
            },
            "faces": {
                "north": {
                    "uv": [
                        14,
                        10.66667,
                        14.66667,
                        11.33333
                    ],
                    "texture": "#0"
                },
                "east": {
                    "uv": [
                        11.33333,
                        14,
                        12,
                        14.66667
                    ],
                    "texture": "#0"
                },
                "south": {
                    "uv": [
                        14,
                        11.33333,
                        14.66667,
                        12
                    ],
                    "texture": "#0"
                },
                "west": {
                    "uv": [
                        12,
                        14,
                        12.66667,
                        14.66667
                    ],
                    "texture": "#0"
                },
                "up": {
                    "uv": [
                        14.66667,
                        12.66667,
                        14,
                        12
                    ],
                    "texture": "#0"
                }
            }
        },
        {
            "from": [
                7.35,
                2.07843,
                7.35
            ],
            "to": [
                8.65,
                2.57843,
                8.65
            ],
            "rotation": {
                "angle": 0,
                "axis": "y",
                "origin": [
                    7.5,
                    2.07843,
                    7.5
                ]
            },
            "faces": {
                "north": {
                    "uv": [
                        14.66667,
                        3.33333,
                        15.66667,
                        3.66667
                    ],
                    "texture": "#0"
                },
                "east": {
                    "uv": [
                        14.66667,
                        4,
                        15.66667,
                        4.33333
                    ],
                    "texture": "#0"
                },
                "south": {
                    "uv": [
                        14.66667,
                        4.66667,
                        15.66667,
                        5
                    ],
                    "texture": "#0"
                },
                "west": {
                    "uv": [
                        14.66667,
                        5.33333,
                        15.66667,
                        5.66667
                    ],
                    "texture": "#0"
                },
                "up": {
                    "uv": [
                        13,
                        4.33333,
                        12,
                        3.33333
                    ],
                    "texture": "#0"
                },
                "down": {
                    "uv": [
                        13,
                        4.66667,
                        12,
                        5.66667
                    ],
                    "texture": "#0"
                }
            }
        },
        {
            "from": [
                7.35,
                6.57843,
                7.35
            ],
            "to": [
                8.65,
                7.07843,
                8.65
            ],
            "rotation": {
                "angle": 0,
                "axis": "y",
                "origin": [
                    7.5,
                    6.57843,
                    7.5
                ]
            },
            "faces": {
                "north": {
                    "uv": [
                        14.66667,
                        6,
                        15.66667,
                        6.33333
                    ],
                    "texture": "#0"
                },
                "east": {
                    "uv": [
                        14.66667,
                        8,
                        15.66667,
                        8.33333
                    ],
                    "texture": "#0"
                },
                "south": {
                    "uv": [
                        8.66667,
                        14.66667,
                        9.66667,
                        15
                    ],
                    "texture": "#0"
                },
                "west": {
                    "uv": [
                        14.66667,
                        8.66667,
                        15.66667,
                        9
                    ],
                    "texture": "#0"
                },
                "up": {
                    "uv": [
                        7,
                        13,
                        6,
                        12
                    ],
                    "texture": "#0"
                },
                "down": {
                    "uv": [
                        13,
                        6,
                        12,
                        7
                    ],
                    "texture": "#0"
                }
            }
        },
        {
            "from": [
                7.2,
                7.72843,
                7.9
            ],
            "to": [
                8.8,
                9.92843,
                10.1
            ],
            "rotation": {
                "angle": -45,
                "axis": "x",
                "origin": [
                    8.5,
                    7.82843,
                    8
                ]
            },
            "faces": {
                "north": {
                    "uv": [
                        10.66667,
                        3.33333,
                        11.66667,
                        4.66667
                    ],
                    "texture": "#0"
                },
                "east": {
                    "uv": [
                        8.66667,
                        6,
                        10,
                        7.33333
                    ],
                    "texture": "#0"
                },
                "south": {
                    "uv": [
                        10.66667,
                        4.66667,
                        11.66667,
                        6
                    ],
                    "texture": "#0"
                },
                "west": {
                    "uv": [
                        8.66667,
                        7.33333,
                        10,
                        8.66667
                    ],
                    "texture": "#0"
                },
                "up": {
                    "uv": [
                        7,
                        12,
                        6,
                        10.66667
                    ],
                    "texture": "#0"
                },
                "down": {
                    "uv": [
                        11,
                        10.66667,
                        10,
                        12
                    ],
                    "texture": "#0"
                }
            }
        },
        {
            "from": [
                7.45,
                6.97843,
                8.15
            ],
            "to": [
                8.55,
                8.67843,
                9.85
            ],
            "rotation": {
                "angle": -45,
                "axis": "x",
                "origin": [
                    8.5,
                    6.82843,
                    8
                ]
            },
            "faces": {
                "north": {
                    "uv": [
                        13.33333,
                        13.33333,
                        14,
                        14.33333
                    ],
                    "texture": "#0"
                },
                "east": {
                    "uv": [
                        10,
                        12,
                        11,
                        13
                    ],
                    "texture": "#0"
                },
                "south": {
                    "uv": [
                        14,
                        0,
                        14.66667,
                        1
                    ],
                    "texture": "#0"
                },
                "west": {
                    "uv": [
                        12.66667,
                        0,
                        13.66667,
                        1
                    ],
                    "texture": "#0"
                },
                "up": {
                    "uv": [
                        14.66667,
                        2.33333,
                        14,
                        1.33333
                    ],
                    "texture": "#0"
                },
                "down": {
                    "uv": [
                        14.66667,
                        2.66667,
                        14,
                        3.66667
                    ],
                    "texture": "#0"
                }
            }
        },
        {
            "from": [
                7.25,
                8.25,
                5.75
            ],
            "to": [
                8.75,
                9.75,
                8
            ],
            "rotation": {
                "angle": -22.5,
                "axis": "x",
                "origin": [
                    7.5,
                    8.25,
                    5.75
                ]
            },
            "faces": {
                "north": {
                    "uv": [
                        12,
                        7.33333,
                        13,
                        8.33333
                    ],
                    "texture": "#0"
                },
                "east": {
                    "uv": [
                        10,
                        6,
                        11.66667,
                        7
                    ],
                    "texture": "#0"
                },
                "south": {
                    "uv": [
                        8.66667,
                        12,
                        9.66667,
                        13
                    ],
                    "texture": "#0"
                },
                "west": {
                    "uv": [
                        10,
                        7.33333,
                        11.66667,
                        8.33333
                    ],
                    "texture": "#0"
                },
                "up": {
                    "uv": [
                        9.66667,
                        11.66667,
                        8.66667,
                        10
                    ],
                    "texture": "#0"
                },
                "down": {
                    "uv": [
                        11,
                        8.66667,
                        10,
                        10.33333
                    ],
                    "texture": "#0"
                }
            }
        },
        {
            "from": [
                7.4,
                8.85711,
                2.15
            ],
            "to": [
                8.6,
                10.05711,
                3.35
            ],
            "rotation": {
                "angle": 45,
                "axis": "x",
                "origin": [
                    8,
                    9.45711,
                    2.75
                ]
            },
            "faces": {
                "north": {
                    "uv": [
                        14,
                        6,
                        14.66667,
                        6.66667
                    ],
                    "texture": "#0"
                },
                "east": {
                    "uv": [
                        14,
                        8,
                        14.66667,
                        8.66667
                    ],
                    "texture": "#0"
                },
                "south": {
                    "uv": [
                        8.66667,
                        14,
                        9.33333,
                        14.66667
                    ],
                    "texture": "#0"
                },
                "west": {
                    "uv": [
                        14,
                        8.66667,
                        14.66667,
                        9.33333
                    ],
                    "texture": "#0"
                },
                "up": {
                    "uv": [
                        10,
                        14.66667,
                        9.33333,
                        14
                    ],
                    "texture": "#0"
                },
                "down": {
                    "uv": [
                        14.66667,
                        9.33333,
                        14,
                        10
                    ],
                    "texture": "#0"
                }
            }
        },
        {
            "from": [
                8.1,
                8.85,
                3
            ],
            "to": [
                8.9,
                9.65,
                5
            ],
            "rotation": {
                "angle": 45,
                "axis": "z",
                "origin": [
                    8,
                    8.75,
                    3
                ]
            },
            "faces": {
                "north": {
                    "uv": [
                        10.66667,
                        14,
                        11.33333,
                        14.66667
                    ],
                    "texture": "#0"
                },
                "east": {
                    "uv": [
                        13.33333,
                        4,
                        14.66667,
                        4.66667
                    ],
                    "texture": "#0"
                },
                "west": {
                    "uv": [
                        13.33333,
                        4.66667,
                        14.66667,
                        5.33333
                    ],
                    "texture": "#0"
                },
                "up": {
                    "uv": [
                        14,
                        6.66667,
                        13.33333,
                        5.33333
                    ],
                    "texture": "#0"
                },
                "down": {
                    "uv": [
                        6.66667,
                        13.33333,
                        6,
                        14.66667
                    ],
                    "texture": "#0"
                }
            }
        },
        {
            "from": [
                8,
                8.75,
                5
            ],
            "to": [
                9,
                9.75,
                6.5
            ],
            "rotation": {
                "angle": 45,
                "axis": "z",
                "origin": [
                    8,
                    8.75,
                    4.5
                ]
            },
            "faces": {
                "north": {
                    "uv": [
                        10,
                        14,
                        10.66667,
                        14.66667
                    ],
                    "texture": "#0"
                },
                "east": {
                    "uv": [
                        8.66667,
                        13.33333,
                        9.66667,
                        14
                    ],
                    "texture": "#0"
                },
                "south": {
                    "uv": [
                        14,
                        10,
                        14.66667,
                        10.66667
                    ],
                    "texture": "#0"
                },
                "west": {
                    "uv": [
                        10,
                        13.33333,
                        11,
                        14
                    ],
                    "texture": "#0"
                },
                "up": {
                    "uv": [
                        14,
                        11.66667,
                        13.33333,
                        10.66667
                    ],
                    "texture": "#0"
                },
                "down": {
                    "uv": [
                        14,
                        12,
                        13.33333,
                        13
                    ],
                    "texture": "#0"
                }
            }
        },
        {
            "from": [
                6.375,
                8.71231,
                5.91404
            ],
            "to": [
                9.625,
                9.46231,
                6.66404
            ],
            "rotation": {
                "angle": -45,
                "axis": "x",
                "origin": [
                    6.375,
                    8.71231,
                    5.91404
                ]
            },
            "faces": {
                "north": {
                    "uv": [
                        10,
                        1.33333,
                        12.33333,
                        2
                    ],
                    "texture": "#0"
                },
                "east": {
                    "uv": [
                        14.66667,
                        0,
                        15.33333,
                        0.66667
                    ],
                    "texture": "#0"
                },
                "south": {
                    "uv": [
                        10.66667,
                        2,
                        13,
                        2.66667
                    ],
                    "texture": "#0"
                },
                "west": {
                    "uv": [
                        0.66667,
                        15.33333,
                        1.33333,
                        16
                    ],
                    "texture": "#0"
                },
                "up": {
                    "uv": [
                        13,
                        3.33333,
                        10.66667,
                        2.66667
                    ],
                    "texture": "#0"
                },
                "down": {
                    "uv": [
                        6,
                        10.66667,
                        3.66667,
                        11.33333
                    ],
                    "texture": "#0"
                }
            }
        },
        {
            "from": [
                6.93033,
                8.96231,
                6
            ],
            "to": [
                7.43033,
                9.46231,
                10
            ],
            "rotation": {
                "angle": 45,
                "axis": "z",
                "origin": [
                    6.93033,
                    8.71231,
                    6
                ]
            },
            "faces": {
                "north": {
                    "uv": [
                        6,
                        15.33333,
                        6.33333,
                        15.66667
                    ],
                    "texture": "#0"
                },
                "east": {
                    "uv": [
                        13.33333,
                        6.66667,
                        16,
                        7
                    ],
                    "texture": "#0"
                },
                "south": {
                    "uv": [
                        6,
                        14.66667,
                        6.33333,
                        15
                    ],
                    "texture": "#0"
                },
                "west": {
                    "uv": [
                        13.33333,
                        7.33333,
                        16,
                        7.66667
                    ],
                    "texture": "#0"
                },
                "up": {
                    "uv": [
                        7,
                        16,
                        6.66667,
                        13.33333
                    ],
                    "texture": "#0"
                },
                "down": {
                    "uv": [
                        13.66667,
                        8,
                        13.33333,
                        10.66667
                    ],
                    "texture": "#0"
                }
            }
        },
        {
            "from": [
                7.75,
                9.5,
                8
            ],
            "to": [
                8.25,
                12,
                10.5
            ],
            "rotation": {
                "angle": -45,
                "axis": "x",
                "origin": [
                    7.25,
                    9.5,
                    8
                ]
            },
            "faces": {
                "north": {
                    "uv": [
                        3.66667,
                        14,
                        4,
                        15.66667
                    ],
                    "texture": "#0"
                },
                "east": {
                    "uv": [
                        8.66667,
                        2,
                        10.33333,
                        3.66667
                    ],
                    "texture": "#0"
                },
                "south": {
                    "uv": [
                        4,
                        14,
                        4.33333,
                        15.66667
                    ],
                    "texture": "#0"
                },
                "west": {
                    "uv": [
                        8.66667,
                        4,
                        10.33333,
                        5.66667
                    ],
                    "texture": "#0"
                },
                "up": {
                    "uv": [
                        5,
                        15.66667,
                        4.66667,
                        14
                    ],
                    "texture": "#0"
                },
                "down": {
                    "uv": [
                        5.66667,
                        14,
                        5.33333,
                        15.66667
                    ],
                    "texture": "#0"
                }
            }
        },
        {
            "from": [
                7.75,
                25.51619,
                8
            ],
            "to": [
                8.25,
                27.28619,
                9.77
            ],
            "rotation": {
                "angle": -45,
                "axis": "x",
                "origin": [
                    7.25,
                    25.51619,
                    8
                ]
            },
            "faces": {
                "north": {
                    "uv": [
                        14.66667,
                        0.66667,
                        15,
                        2
                    ],
                    "texture": "#0"
                },
                "east": {
                    "uv": [
                        8.66667,
                        8.66667,
                        10,
                        10
                    ],
                    "texture": "#0"
                },
                "south": {
                    "uv": [
                        10,
                        14.66667,
                        10.33333,
                        16
                    ],
                    "texture": "#0"
                },
                "west": {
                    "uv": [
                        10,
                        0,
                        11.33333,
                        1.33333
                    ],
                    "texture": "#0"
                },
                "up": {
                    "uv": [
                        10,
                        16,
                        9.66667,
                        14.66667
                    ],
                    "texture": "#0"
                },
                "down": {
                    "uv": [
                        15,
                        2,
                        14.66667,
                        3.33333
                    ],
                    "texture": "#0"
                }
            }
        },
        {
            "from": [
                7.7535,
                11.26777,
                6.75
            ],
            "to": [
                8.2465,
                26.76777,
                9.25
            ],
            "rotation": {
                "angle": 0,
                "axis": "x",
                "origin": [
                    7.2535,
                    11.26777,
                    9.25
                ]
            },
            "faces": {
                "north": {
                    "uv": [
                        7.33333,
                        4.66667,
                        7.66667,
                        15
                    ],
                    "texture": "#0"
                },
                "east": {
                    "uv": [
                        3.66667,
                        0,
                        5.33333,
                        10.33333
                    ],
                    "texture": "#0"
                },
                "south": {
                    "uv": [
                        8,
                        4.66667,
                        8.33333,
                        15
                    ],
                    "texture": "#0"
                },
                "west": {
                    "uv": [
                        5.33333,
                        0,
                        7,
                        10.33333
                    ],
                    "texture": "#0"
                }
            }
        },
        {
            "from": [
                7.985,
                10,
                5.5
            ],
            "to": [
                8.015,
                32,
                10.5
            ],
            "rotation": {
                "angle": 0,
                "axis": "y",
                "origin": [
                    7.985,
                    10,
                    5.5
                ]
            },
            "faces": {
                "east": {
                    "uv": [
                        3.33333,
                        0,
                        0,
                        14.66667
                    ],
                    "texture": "#0"
                },
                "west": {
                    "uv": [
                        0,
                        0,
                        3.33333,
                        14.66667
                    ],
                    "texture": "#0"
                }
            }
        },
        {
            "from": [
                7.985,
                5,
                3
            ],
            "to": [
                8.015,
                9,
                5
            ],
            "rotation": {
                "angle": 0,
                "axis": "y",
                "origin": [
                    7.985,
                    2,
                    2.5
                ]
            },
            "faces": {
                "east": {
                    "uv": [
                        8.66667,
                        2,
                        7.33333,
                        4.66667
                    ],
                    "texture": "#0"
                },
                "west": {
                    "uv": [
                        7.33333,
                        2,
                        8.66667,
                        4.66667
                    ],
                    "texture": "#0"
                }
            }
        },
        {
            "from": [
                8,
                8.75,
                9.5
            ],
            "to": [
                9,
                9.75,
                11
            ],
            "rotation": {
                "angle": 45,
                "axis": "z",
                "origin": [
                    8,
                    8.75,
                    11.5
                ]
            },
            "faces": {
                "north": {
                    "uv": [
                        14.66667,
                        10,
                        14,
                        10.66667
                    ],
                    "texture": "#0"
                },
                "east": {
                    "uv": [
                        9.66667,
                        13.33333,
                        8.66667,
                        14
                    ],
                    "texture": "#0"
                },
                "south": {
                    "uv": [
                        10.66667,
                        14,
                        10,
                        14.66667
                    ],
                    "texture": "#0"
                },
                "west": {
                    "uv": [
                        11,
                        13.33333,
                        10,
                        14
                    ],
                    "texture": "#0"
                },
                "up": {
                    "uv": [
                        14,
                        10.66667,
                        13.33333,
                        11.66667
                    ],
                    "texture": "#0"
                },
                "down": {
                    "uv": [
                        14,
                        13,
                        13.33333,
                        12
                    ],
                    "texture": "#0"
                }
            }
        },
        {
            "from": [
                8.1,
                8.85,
                11
            ],
            "to": [
                8.9,
                9.65,
                13
            ],
            "rotation": {
                "angle": 45,
                "axis": "z",
                "origin": [
                    8,
                    8.75,
                    13
                ]
            },
            "faces": {
                "east": {
                    "uv": [
                        14.66667,
                        4,
                        13.33333,
                        4.66667
                    ],
                    "texture": "#0"
                },
                "south": {
                    "uv": [
                        11.33333,
                        14,
                        10.66667,
                        14.66667
                    ],
                    "texture": "#0"
                },
                "west": {
                    "uv": [
                        14.66667,
                        4.66667,
                        13.33333,
                        5.33333
                    ],
                    "texture": "#0"
                },
                "up": {
                    "uv": [
                        14,
                        5.33333,
                        13.33333,
                        6.66667
                    ],
                    "texture": "#0"
                },
                "down": {
                    "uv": [
                        6.66667,
                        14.66667,
                        6,
                        13.33333
                    ],
                    "texture": "#0"
                }
            }
        },
        {
            "from": [
                7.4,
                8.85711,
                12.65
            ],
            "to": [
                8.6,
                10.05711,
                13.85
            ],
            "rotation": {
                "angle": -45,
                "axis": "x",
                "origin": [
                    8,
                    9.45711,
                    13.25
                ]
            },
            "faces": {
                "north": {
                    "uv": [
                        9.33333,
                        14,
                        8.66667,
                        14.66667
                    ],
                    "texture": "#0"
                },
                "east": {
                    "uv": [
                        14.66667,
                        8,
                        14,
                        8.66667
                    ],
                    "texture": "#0"
                },
                "south": {
                    "uv": [
                        14.66667,
                        6,
                        14,
                        6.66667
                    ],
                    "texture": "#0"
                },
                "west": {
                    "uv": [
                        14.66667,
                        8.66667,
                        14,
                        9.33333
                    ],
                    "texture": "#0"
                },
                "up": {
                    "uv": [
                        10,
                        14,
                        9.33333,
                        14.66667
                    ],
                    "texture": "#0"
                },
                "down": {
                    "uv": [
                        14.66667,
                        10,
                        14,
                        9.33333
                    ],
                    "texture": "#0"
                }
            }
        },
        {
            "from": [
                7.985,
                5,
                11
            ],
            "to": [
                8.015,
                9,
                13
            ],
            "rotation": {
                "angle": 0,
                "axis": "y",
                "origin": [
                    7.985,
                    2,
                    13.5
                ]
            },
            "faces": {
                "east": {
                    "uv": [
                        7.33333,
                        2,
                        8.66667,
                        4.66667
                    ],
                    "texture": "#0"
                },
                "west": {
                    "uv": [
                        8.66667,
                        2,
                        7.33333,
                        4.66667
                    ],
                    "texture": "#0"
                }
            }
        },
        {
            "from": [
                7.25,
                8.25,
                8
            ],
            "to": [
                8.75,
                9.75,
                10.25
            ],
            "rotation": {
                "angle": 22.5,
                "axis": "x",
                "origin": [
                    7.5,
                    8.25,
                    10.25
                ]
            },
            "faces": {
                "north": {
                    "uv": [
                        9.66667,
                        12,
                        8.66667,
                        13
                    ],
                    "texture": "#0"
                },
                "east": {
                    "uv": [
                        11.66667,
                        6,
                        10,
                        7
                    ],
                    "texture": "#0"
                },
                "south": {
                    "uv": [
                        13,
                        7.33333,
                        12,
                        8.33333
                    ],
                    "texture": "#0"
                },
                "west": {
                    "uv": [
                        11.66667,
                        7.33333,
                        10,
                        8.33333
                    ],
                    "texture": "#0"
                },
                "up": {
                    "uv": [
                        9.66667,
                        10,
                        8.66667,
                        11.66667
                    ],
                    "texture": "#0"
                },
                "down": {
                    "uv": [
                        11,
                        10.33333,
                        10,
                        8.66667
                    ],
                    "texture": "#0"
                }
            }
        },
        {
            "from": [
                7.5,
                11.32843,
                10.5
            ],
            "to": [
                8.5,
                12.32843,
                11.5
            ],
            "rotation": {
                "angle": -45,
                "axis": "x",
                "origin": [
                    8,
                    9.82843,
                    12.5
                ]
            },
            "faces": {
                "east": {
                    "uv": [
                        14.66667,
                        12.66667,
                        14,
                        13.33333
                    ],
                    "texture": "#0"
                },
                "south": {
                    "uv": [
                        13.33333,
                        14,
                        12.66667,
                        14.66667
                    ],
                    "texture": "#0"
                },
                "west": {
                    "uv": [
                        14.66667,
                        13.33333,
                        14,
                        14
                    ],
                    "texture": "#0"
                },
                "up": {
                    "uv": [
                        14.66667,
                        14,
                        14,
                        14.66667
                    ],
                    "texture": "#0"
                },
                "down": {
                    "uv": [
                        0.66667,
                        15.33333,
                        0,
                        14.66667
                    ],
                    "texture": "#0"
                }
            }
        },
        {
            "from": [
                7.6,
                10.28909,
                10.08223
            ],
            "to": [
                8.4,
                11.08909,
                10.88223
            ],
            "rotation": {
                "angle": 22.5,
                "axis": "x",
                "origin": [
                    8,
                    10.78909,
                    10.48223
                ]
            },
            "faces": {
                "north": {
                    "uv": [
                        14.66667,
                        11.33333,
                        14,
                        12
                    ],
                    "texture": "#0"
                },
                "east": {
                    "uv": [
                        12,
                        14,
                        11.33333,
                        14.66667
                    ],
                    "texture": "#0"
                },
                "south": {
                    "uv": [
                        14.66667,
                        10.66667,
                        14,
                        11.33333
                    ],
                    "texture": "#0"
                },
                "west": {
                    "uv": [
                        12.66667,
                        14,
                        12,
                        14.66667
                    ],
                    "texture": "#0"
                },
                "up": {
                    "uv": [
                        14.66667,
                        12,
                        14,
                        12.66667
                    ],
                    "texture": "#0"
                }
            }
        },
        {
            "from": [
                6.375,
                8.71231,
                9.33596
            ],
            "to": [
                9.625,
                9.46231,
                10.08596
            ],
            "rotation": {
                "angle": 45,
                "axis": "x",
                "origin": [
                    6.375,
                    8.71231,
                    10.08596
                ]
            },
            "faces": {
                "north": {
                    "uv": [
                        13,
                        2,
                        10.66667,
                        2.66667
                    ],
                    "texture": "#0"
                },
                "east": {
                    "uv": [
                        15.33333,
                        0,
                        14.66667,
                        0.66667
                    ],
                    "texture": "#0"
                },
                "south": {
                    "uv": [
                        12.33333,
                        1.33333,
                        10,
                        2
                    ],
                    "texture": "#0"
                },
                "west": {
                    "uv": [
                        1.33333,
                        15.33333,
                        0.66667,
                        16
                    ],
                    "texture": "#0"
                },
                "up": {
                    "uv": [
                        13,
                        2.66667,
                        10.66667,
                        3.33333
                    ],
                    "texture": "#0"
                },
                "down": {
                    "uv": [
                        6,
                        11.33333,
                        3.66667,
                        10.66667
                    ],
                    "texture": "#0"
                }
            }
        },
        {
            "from": [
                6.737,
                5.91409,
                6.25
            ],
            "to": [
                6.767,
                8.91409,
                9.75
            ],
            "rotation": {
                "angle": 0,
                "axis": "y",
                "origin": [
                    6.75355,
                    1.91409,
                    5.5
                ]
            },
            "faces": {
                "east": {
                    "uv": [
                        9.66667,
                        0,
                        7.33333,
                        2
                    ],
                    "texture": "#0"
                },
                "west": {
                    "uv": [
                        7.33333,
                        0,
                        9.66667,
                        2
                    ],
                    "texture": "#0"
                }
            }
        },
        {
            "from": [
                8.56967,
                8.96231,
                6
            ],
            "to": [
                9.06967,
                9.46231,
                10
            ],
            "rotation": {
                "angle": -45,
                "axis": "z",
                "origin": [
                    9.06967,
                    8.71231,
                    6
                ]
            },
            "faces": {
                "north": {
                    "uv": [
                        6.33333,
                        15.33333,
                        6,
                        15.66667
                    ],
                    "texture": "#0"
                },
                "east": {
                    "uv": [
                        16,
                        7.33333,
                        13.33333,
                        7.66667
                    ],
                    "texture": "#0"
                },
                "south": {
                    "uv": [
                        6.33333,
                        14.66667,
                        6,
                        15
                    ],
                    "texture": "#0"
                },
                "west": {
                    "uv": [
                        16,
                        6.66667,
                        13.33333,
                        7
                    ],
                    "texture": "#0"
                },
                "up": {
                    "uv": [
                        6.66667,
                        16,
                        7,
                        13.33333
                    ],
                    "texture": "#0"
                },
                "down": {
                    "uv": [
                        13.33333,
                        8,
                        13.66667,
                        10.66667
                    ],
                    "texture": "#0"
                }
            }
        },
        {
            "from": [
                9.233,
                5.91409,
                6.25
            ],
            "to": [
                9.263,
                8.91409,
                9.75
            ],
            "rotation": {
                "angle": 0,
                "axis": "y",
                "origin": [
                    9.24645,
                    1.91409,
                    5.5
                ]
            },
            "faces": {
                "east": {
                    "uv": [
                        9.66667,
                        0,
                        7.33333,
                        2
                    ],
                    "texture": "#0"
                },
                "west": {
                    "uv": [
                        7.33333,
                        0,
                        9.66667,
                        2
                    ],
                    "texture": "#0"
                }
            }
        },
        {
            "from": [
                7.5,
                11.5,
                3
            ],
            "to": [
                8.5,
                23.5,
                8
            ],
            "rotation": {
                "angle": 0,
                "axis": "y",
                "origin": [
                    -0.5,
                    0,
                    16
                ]
            },
            "faces": {
                "east": {
                    "uv": [
                        0,
                        0,
                        5,
                        12
                    ],
                    "texture": "#1"
                },
                "west": {
                    "uv": [
                        5,
                        0,
                        0,
                        12
                    ],
                    "texture": "#1"
                }
            }
        },
        {
            "from": [
                7.5,
                11.5,
                8
            ],
            "to": [
                8.5,
                23.5,
                13
            ],
            "rotation": {
                "angle": 0,
                "axis": "y",
                "origin": [
                    -0.5,
                    0,
                    0
                ]
            },
            "faces": {
                "east": {
                    "uv": [
                        5,
                        0,
                        0,
                        12
                    ],
                    "texture": "#1"
                },
                "west": {
                    "uv": [
                        0,
                        0,
                        5,
                        12
                    ],
                    "texture": "#1"
                }
            }
        }
    ],
    "gui_light": "front",
    "display": {
        "thirdperson_righthand": {
            "translation": [
                0,
                1.5,
                1
            ]
        },
        "thirdperson_lefthand": {
            "translation": [
                0,
                1.5,
                1
            ]
        },
        "firstperson_righthand": {
            "rotation": [
                -10,
                0,
                0
            ],
            "translation": [
                0,
                1,
                -0.75
            ]
        },
        "firstperson_lefthand": {
            "rotation": [
                -10,
                0,
                0
            ],
            "translation": [
                0,
                1,
                -0.75
            ]
        },
        "ground": {
            "rotation": [
                -45,
                0,
                0
            ],
            "translation": [
                0,
                5,
                0
            ],
            "scale": [
                0.7,
                0.7,
                0.7
            ]
        },
        "gui": {
            "rotation": [
                -90,
                45,
                90
            ],
            "translation": [
                4,
                -4,
                0
            ],
            "scale": [
                0.7,
                0.7,
                0.7
            ]
        },
        "head": {
            "rotation": [
                0,
                -90,
                0
            ]
        },
        "fixed": {
            "rotation": [
                0,
                -90,
                0
            ],
            "translation": [
                0,
                -6.75,
                -2.25
            ],
            "scale": [
                2,
                2,
                2
            ]
        }
    }
}