{
	"credit": "Polygony Creation Co.,Ltd.",
	"texture_size": [8, 8],
	"textures": {
		"1": "lightning_powerset:animations/animations_2",
		"2": "lightning_powerset:wings",
		"particle": "lightning_powerset:animations/animations_2"
	},
	"elements": [
		{
			"from": [7, -7.69441, 7.5],
			"to": [9, -5.69441, 8.5],
			"rotation": {"angle": 45, "axis": "z", "origin": [8, -6.69441, 7.75]},
			"faces": {
				"north": {"uv": [10.75, 0.25, 12.75, 2.25], "texture": "#2"},
				"east": {"uv": [12.25, 4.25, 13.25, 6.25], "texture": "#2"},
				"south": {"uv": [10.75, 2.25, 12.75, 4.25], "texture": "#2"},
				"west": {"uv": [12.25, 6.25, 13.25, 8.25], "texture": "#2"},
				"up": {"uv": [14.25, 9.25, 12.25, 8.25], "texture": "#2"},
				"down": {"uv": [14.25, 9.25, 12.25, 10.25], "texture": "#2"}
			}
		},
		{
			"from": [7.25, -7.44441, 7.25],
			"to": [8.75, -5.94441, 8.75],
			"rotation": {"angle": 45, "axis": "z", "origin": [8, -6.69441, 7.75]},
			"faces": {
				"north": {"uv": [10.75, 4.25, 12.25, 5.75], "texture": "#2"},
				"east": {"uv": [10.75, 5.75, 12.25, 7.25], "texture": "#2"},
				"south": {"uv": [10.75, 7.25, 12.25, 8.75], "texture": "#2"},
				"west": {"uv": [10.75, 8.75, 12.25, 10.25], "texture": "#2"},
				"up": {"uv": [12.25, 11.75, 10.75, 10.25], "texture": "#2"},
				"down": {"uv": [12.25, 11.75, 10.75, 13.25], "texture": "#2"}
			}
		},
		{
			"from": [7.1679, -7.65151, 7.125],
			"to": [7.7929, -7.15151, 8.875],
			"rotation": {"angle": 45, "axis": "z", "origin": [7.2929, -7.40151, 8.5]},
			"faces": {
				"north": {"uv": [0.75, 14.25, 1.5, 14.75], "texture": "#2"},
				"east": {"uv": [13.25, 7.25, 15, 7.75], "texture": "#2"},
				"south": {"uv": [14.25, 1.75, 15, 2.25], "texture": "#2"},
				"west": {"uv": [13.25, 7.75, 15, 8.25], "texture": "#2"},
				"up": {"uv": [13.5, 2, 12.75, 0.25], "texture": "#2"},
				"down": {"uv": [3, 12.75, 2.25, 14.5], "texture": "#2"}
			}
		},
		{
			"from": [8.20711, -7.65151, 7.125],
			"to": [8.83211, -7.15151, 8.875],
			"rotation": {"angle": -45, "axis": "z", "origin": [8.70711, -7.40151, 8.5]},
			"faces": {
				"north": {"uv": [14.25, 2.25, 15, 2.75], "texture": "#2"},
				"east": {"uv": [10.25, 13.25, 12, 13.75], "texture": "#2"},
				"south": {"uv": [14.25, 2.75, 15, 3.25], "texture": "#2"},
				"west": {"uv": [12.25, 13.25, 14, 13.75], "texture": "#2"},
				"up": {"uv": [13.5, 4, 12.75, 2.25], "texture": "#2"},
				"down": {"uv": [4, 12.75, 3.25, 14.5], "texture": "#2"}
			}
		},
		{
			"from": [7.1679, -6.2373, 7.125],
			"to": [7.7929, -5.7373, 8.875],
			"rotation": {"angle": -45, "axis": "z", "origin": [7.2929, -5.9873, 8.5]},
			"faces": {
				"north": {"uv": [14.25, 4.25, 15, 4.75], "texture": "#2"},
				"east": {"uv": [0.25, 13.75, 2, 14.25], "texture": "#2"},
				"south": {"uv": [14.25, 4.75, 15, 5.25], "texture": "#2"},
				"west": {"uv": [13.75, 0.25, 15.5, 0.75], "texture": "#2"},
				"up": {"uv": [5, 14.5, 4.25, 12.75], "texture": "#2"},
				"down": {"uv": [6, 12.75, 5.25, 14.5], "texture": "#2"}
			}
		},
		{
			"from": [8.20711, -6.2373, 7.125],
			"to": [8.83211, -5.7373, 8.875],
			"rotation": {"angle": 45, "axis": "z", "origin": [8.70711, -5.9873, 8.5]},
			"faces": {
				"north": {"uv": [14.25, 5.25, 15, 5.75], "texture": "#2"},
				"east": {"uv": [13.75, 0.75, 15.5, 1.25], "texture": "#2"},
				"south": {"uv": [14.25, 5.75, 15, 6.25], "texture": "#2"},
				"west": {"uv": [13.75, 1.25, 15.5, 1.75], "texture": "#2"},
				"up": {"uv": [7, 14.5, 6.25, 12.75], "texture": "#2"},
				"down": {"uv": [8, 12.75, 7.25, 14.5], "texture": "#2"}
			}
		},
		{
			"from": [5.375, -5.81941, 7.625],
			"to": [7.375, -5.06941, 8.375],
			"rotation": {"angle": -22.5, "axis": "z", "origin": [4.375, -5.94441, 7.5]},
			"faces": {
				"north": {"uv": [12.25, 10.25, 14.25, 11], "texture": "#2"},
				"south": {"uv": [12.25, 11.25, 14.25, 12], "texture": "#2"},
				"west": {"uv": [13.75, 3.25, 14.5, 4], "texture": "#2"},
				"up": {"uv": [14.25, 13, 12.25, 12.25], "texture": "#2"},
				"down": {"uv": [2.25, 12.75, 0.25, 13.5], "texture": "#2"}
			}
		},
		{
			"from": [4.56942, -6.27469, 7.675],
			"to": [5.21942, -4.77469, 8.325],
			"rotation": {"angle": 45, "axis": "z", "origin": [4.86942, -5.27469, 8]},
			"faces": {
				"north": {"uv": [8.25, 12.75, 9, 14.25], "texture": "#2"},
				"east": {"uv": [9.25, 12.75, 10, 14.25], "texture": "#2"},
				"south": {"uv": [13.25, 4.25, 14, 5.75], "texture": "#2"},
				"west": {"uv": [13.25, 5.75, 14, 7.25], "texture": "#2"},
				"up": {"uv": [12.5, 14.5, 11.75, 13.75], "texture": "#2"}
			}
		},
		{
			"from": [4.01573, -5.06599, 7.72375],
			"to": [4.56823, -3.79099, 8.27625],
			"rotation": {"angle": 22.5, "axis": "z", "origin": [4.31698, -4.31599, 8]},
			"faces": {
				"north": {"uv": [13.75, 1.75, 14.25, 3], "texture": "#2"},
				"east": {"uv": [10.25, 13.75, 10.75, 15], "texture": "#2"},
				"south": {"uv": [10.75, 13.75, 11.25, 15], "texture": "#2"},
				"west": {"uv": [11.25, 13.75, 11.75, 15], "texture": "#2"},
				"up": {"uv": [10.75, 13.25, 10.25, 12.75], "texture": "#2"}
			}
		},
		{
			"from": [3.87498, -3.94398, 7.77348],
			"to": [4.32803, -2.89848, 8.22652],
			"rotation": {"angle": 0, "axis": "z", "origin": [4.11401, -3.30874, 8]},
			"faces": {
				"north": {"uv": [12.75, 13.75, 13.25, 14.75], "texture": "#2"},
				"east": {"uv": [13.25, 13.75, 13.75, 14.75], "texture": "#2"},
				"south": {"uv": [13.75, 13.75, 14.25, 14.75], "texture": "#2"},
				"west": {"uv": [0.25, 14.25, 0.75, 15.25], "texture": "#2"},
				"up": {"uv": [2.25, 14.75, 1.75, 14.25], "texture": "#2"}
			}
		},
		{
			"from": [3.94498, -2.95348, 7.82152],
			"to": [4.30498, -2.34348, 8.18153],
			"rotation": {"angle": -22.5, "axis": "z", "origin": [3.94498, -2.82848, 7.79653]},
			"faces": {
				"north": {"uv": [14.25, 6.25, 14.5, 6.75], "texture": "#2"},
				"east": {"uv": [14.25, 6.75, 14.5, 7.25], "texture": "#2"},
				"south": {"uv": [8.25, 14.25, 8.5, 14.75], "texture": "#2"},
				"west": {"uv": [14.25, 8.25, 14.5, 8.75], "texture": "#2"},
				"up": {"uv": [9, 14.5, 8.75, 14.25], "texture": "#2"}
			}
		},
		{
			"from": [-3.75016, -13.19441, 5.98192],
			"to": [-0.69821, -0.69441, 5.98192],
			"rotation": {"angle": 45, "axis": "y", "origin": [3.71194, -11.69441, 5.98192]},
			"faces": {
				"north": {"uv": [7.25, 0, 10.25, 12.5], "texture": "#2"},
				"south": {"uv": [10.25, 0, 7.25, 12.5], "texture": "#2"}
			}
		},
		{
			"from": [0.26063, -13.19441, 7.42602],
			"to": [3.13563, -0.69441, 7.42602],
			"rotation": {"angle": 22.5, "axis": "y", "origin": [4.63563, -11.69441, 7.42602]},
			"faces": {
				"north": {"uv": [4.25, 0, 7.25, 12.5], "texture": "#2"},
				"south": {"uv": [7.25, 0, 4.25, 12.5], "texture": "#2"}
			}
		},
		{
			"from": [3.25, -13.19441, 8],
			"to": [7.5, -0.69441, 8],
			"rotation": {"angle": 0, "axis": "y", "origin": [4, -11.69441, 8]},
			"faces": {
				"north": {"uv": [0, 0, 4.25, 12.5], "texture": "#2"},
				"south": {"uv": [4.25, 0, 0, 12.5], "texture": "#2"}
			}
		},
		{
			"from": [5.36365, -5.8628, 7.82326],
			"to": [7.86365, -4.3628, 8.07826],
			"rotation": {"angle": -22.5, "axis": "z", "origin": [6.61365, -5.1128, 7.65076]},
			"faces": {
				"north": {"uv": [0, 6, 10, 0], "rotation": 180, "texture": "#1"},
				"south": {"uv": [10, 6, 0, 0], "rotation": 180, "texture": "#1"}
			}
		},
		{
			"from": [3.37498, -3.89848, 7.92174],
			"to": [3.87498, -2.89848, 8.17674],
			"rotation": {"angle": 0, "axis": "z", "origin": [3.62498, -3.39848, 7.79924]},
			"faces": {
				"north": {"uv": [15, 2, 11, 0], "rotation": 270, "texture": "#1"},
				"south": {"uv": [11, 2, 15, 0], "rotation": 90, "texture": "#1"}
			}
		},
		{
			"from": [3.53229, -6.7457, 7.82327],
			"to": [5.03229, -5.7457, 8.07827],
			"rotation": {"angle": -45, "axis": "z", "origin": [4.65729, -6.3707, 7.70077]},
			"faces": {
				"north": {"uv": [6, 7, 0, 11], "rotation": 180, "texture": "#1"},
				"south": {"uv": [0, 7, 6, 11], "rotation": 180, "texture": "#1"}
			}
		},
		{
			"from": [8.13635, -5.8628, 7.82326],
			"to": [10.63635, -4.3628, 8.07826],
			"rotation": {"angle": 22.5, "axis": "z", "origin": [9.38635, -5.1128, 7.65076]},
			"faces": {
				"north": {"uv": [10, 6, 0, 0], "rotation": 180, "texture": "#1"},
				"south": {"uv": [0, 6, 10, 0], "rotation": 180, "texture": "#1"}
			}
		},
		{
			"from": [10.96771, -6.7457, 7.82327],
			"to": [12.46771, -5.7457, 8.07827],
			"rotation": {"angle": 45, "axis": "z", "origin": [11.34271, -6.3707, 7.70077]},
			"faces": {
				"north": {"uv": [0, 7, 6, 11], "rotation": 180, "texture": "#1"},
				"south": {"uv": [6, 7, 0, 11], "rotation": 180, "texture": "#1"}
			}
		},
		{
			"from": [12.12502, -3.89848, 7.92174],
			"to": [12.62502, -2.89848, 8.17674],
			"rotation": {"angle": 0, "axis": "z", "origin": [12.37502, -3.39848, 7.79924]},
			"faces": {
				"north": {"uv": [15, 0, 11, 2], "rotation": 270, "texture": "#1"},
				"south": {"uv": [11, 0, 15, 2], "rotation": 90, "texture": "#1"}
			}
		},
		{
			"from": [8.625, -5.81941, 7.625],
			"to": [10.625, -5.06941, 8.375],
			"rotation": {"angle": 22.5, "axis": "z", "origin": [11.625, -5.94441, 7.5]},
			"faces": {
				"north": {"uv": [14.25, 10.25, 12.25, 11], "texture": "#2"},
				"east": {"uv": [14.5, 3.25, 13.75, 4], "texture": "#2"},
				"south": {"uv": [14.25, 11.25, 12.25, 12], "texture": "#2"},
				"up": {"uv": [12.25, 13, 14.25, 12.25], "texture": "#2"},
				"down": {"uv": [0.25, 12.75, 2.25, 13.5], "texture": "#2"}
			}
		},
		{
			"from": [10.78058, -6.27469, 7.675],
			"to": [11.43058, -4.77469, 8.325],
			"rotation": {"angle": -45, "axis": "z", "origin": [11.13058, -5.27469, 8]},
			"faces": {
				"north": {"uv": [9, 12.75, 8.25, 14.25], "texture": "#2"},
				"east": {"uv": [14, 5.75, 13.25, 7.25], "texture": "#2"},
				"south": {"uv": [14, 4.25, 13.25, 5.75], "texture": "#2"},
				"west": {"uv": [10, 12.75, 9.25, 14.25], "texture": "#2"},
				"up": {"uv": [11.75, 14.5, 12.5, 13.75], "texture": "#2"}
			}
		},
		{
			"from": [11.43177, -5.06599, 7.72375],
			"to": [11.98427, -3.79099, 8.27625],
			"rotation": {"angle": -22.5, "axis": "z", "origin": [11.68302, -4.31599, 8]},
			"faces": {
				"north": {"uv": [14.25, 1.75, 13.75, 3], "texture": "#2"},
				"east": {"uv": [11.75, 13.75, 11.25, 15], "texture": "#2"},
				"south": {"uv": [11.25, 13.75, 10.75, 15], "texture": "#2"},
				"west": {"uv": [10.75, 13.75, 10.25, 15], "texture": "#2"},
				"up": {"uv": [10.25, 13.25, 10.75, 12.75], "texture": "#2"}
			}
		},
		{
			"from": [11.67197, -3.94398, 7.77348],
			"to": [12.12502, -2.89848, 8.22652],
			"rotation": {"angle": 0, "axis": "z", "origin": [11.886, -3.30874, 8]},
			"faces": {
				"north": {"uv": [13.25, 13.75, 12.75, 14.75], "texture": "#2"},
				"east": {"uv": [0.75, 14.25, 0.25, 15.25], "texture": "#2"},
				"south": {"uv": [14.25, 13.75, 13.75, 14.75], "texture": "#2"},
				"west": {"uv": [13.75, 13.75, 13.25, 14.75], "texture": "#2"},
				"up": {"uv": [1.75, 14.75, 2.25, 14.25], "texture": "#2"}
			}
		},
		{
			"from": [11.69502, -2.95348, 7.82152],
			"to": [12.05502, -2.34348, 8.18153],
			"rotation": {"angle": 22.5, "axis": "z", "origin": [12.05502, -2.82848, 7.79653]},
			"faces": {
				"north": {"uv": [14.5, 6.25, 14.25, 6.75], "texture": "#2"},
				"east": {"uv": [14.5, 8.25, 14.25, 8.75], "texture": "#2"},
				"south": {"uv": [8.5, 14.25, 8.25, 14.75], "texture": "#2"},
				"west": {"uv": [14.5, 6.75, 14.25, 7.25], "texture": "#2"},
				"up": {"uv": [8.75, 14.5, 9, 14.25], "texture": "#2"}
			}
		},
		{
			"from": [8.5, -13.19441, 8],
			"to": [12.75, -0.69441, 8],
			"rotation": {"angle": 0, "axis": "y", "origin": [12, -11.69441, 8]},
			"faces": {
				"north": {"uv": [4.25, 0, 0, 12.5], "texture": "#2"},
				"south": {"uv": [0, 0, 4.25, 12.5], "texture": "#2"}
			}
		},
		{
			"from": [12.86437, -13.19441, 7.42602],
			"to": [15.73937, -0.69441, 7.42602],
			"rotation": {"angle": -22.5, "axis": "y", "origin": [11.36437, -11.69441, 7.42602]},
			"faces": {
				"north": {"uv": [7.25, 0, 4.25, 12.5], "texture": "#2"},
				"south": {"uv": [4.25, 0, 7.25, 12.5], "texture": "#2"}
			}
		},
		{
			"from": [16.69821, -13.19441, 5.98192],
			"to": [19.75016, -0.69441, 5.98192],
			"rotation": {"angle": -45, "axis": "y", "origin": [12.28806, -11.69441, 5.98192]},
			"faces": {
				"north": {"uv": [10.25, 0, 7.25, 12.5], "texture": "#2"},
				"south": {"uv": [7.25, 0, 10.25, 12.5], "texture": "#2"}
			}
		}
	],
	"gui_light": "front",
	"display": {
		"thirdperson_righthand": {
			"rotation": [-134, 0, -180],
			"scale": [0.5, 0.5, 0.5]
		},
		"thirdperson_lefthand": {
			"rotation": [68.25, 0, 0],
			"translation": [-5.5, -8, 9.25]
		},
		"firstperson_righthand": {
			"rotation": [-19.5, 180, 0],
			"translation": [-0.25, 2.75, 2.25],
			"scale": [0.45508, 0.45508, 0.45508]
		},
		"firstperson_lefthand": {
			"scale": [0, 0, 0]
		},
		"ground": {
			"rotation": [-45, 0, 0],
			"translation": [0, 5, 0],
			"scale": [0.7, 0.7, 0.7]
		},
		"gui": {
			"rotation": [0, 180, 0],
			"translation": [0, 11.75, 0],
			"scale": [0.74, 0.74, 0.74]
		},
		"head": {
			"translation": [0, -63, 8.25],
			"scale": [3.2, 3.2, 3.2]
		},
		"fixed": {
			"rotation": [0, 180, 0],
			"translation": [0, 0, -4.5],
			"scale": [2, 2, 2]
		}
	}
}